R1,R2,RC,RE,C1,C2,Gain,Cutoff_Frequency,Phase_Margin
43708.61,16703.35,7012.52,1837.36,6.898,7.441,11.76,10.0,90.0
95564.29,2920.78,4941.92,1902.92,4.184,8.823,6.27,10.0,90.0
75879.45,6815.92,1029.22,58.6,2.875,4.685,24.4,10.0,81.84
63879.26,19568.3,9225.85,668.3,6.197,2.963,22.97,10.0,71.58
24041.68,13688.46,9813.13,1682.89,7.429,3.257,14.71,10.0,75.57
24039.51,23271.26,4594.91,1096.07,2.62,7.0,13.58,10.0,90.0
15227.53,11290.03,6329.78,1624.64,3.064,5.719,11.8,10.0,90.0
87955.85,21875.5,4777.84,1713.98,6.439,4.916,8.82,10.0,84.13
64100.35,11774.93,3557.86,913.12,9.656,2.107,10.74,10.0,70.03
73726.53,24501.96,1234.53,750.02,2.217,8.767,5.0,10.0,90.0
11852.6,24036.03,4832.64,938.09,6.577,7.832,14.29,10.0,87.17
97291.89,8899.28,8274.65,1322.95,9.075,1.492,14.64,10.0,67.89
84919.84,22262.17,661.8,765.96,4.673,3.737,5.0,10.0,86.51
29110.52,21342.67,6030.02,1561.23,3.237,5.467,11.24,10.0,90.0
26364.25,6056.33,8867.34,1812.79,6.702,4.598,13.5,10.0,80.25
26506.41,15982.97,2566.72,600.51,0.411,4.038,12.66,10.63,90.0
37381.8,2744.38,2240.93,1931.73,3.666,7.216,5.0,10.0,90.0
57228.08,21081.06,7836.63,1264.31,2.654,0.64,15.91,10.0,70.05
48875.05,5189.1,2923.32,1762.43,2.324,4.767,5.0,10.0,90.0
36210.62,2699.55,2323.85,252.64,1.88,2.696,17.99,14.05,84.6
65066.76,10605.26,4090.9,540.42,7.397,0.938,17.54,10.0,70.32
22554.45,14846.13,4228.77,675.99,9.555,4.702,16.01,10.0,75.2
36293.02,21518.01,8803.96,640.5,3.909,1.797,22.85,10.0,73.87
42972.57,24381.82,6375.21,385.13,0.586,2.656,24.24,10.0,89.81
51046.3,11547.82,4356.63,1742.99,7.217,5.119,7.48,10.0,80.72
80665.84,2450.73,5576.69,866.29,5.428,9.74,14.12,10.0,90.0
27970.64,18978.77,9562.67,1928.1,7.264,6.874,14.18,10.0,85.72
56281.1,14564.16,1575.54,1187.77,6.514,2.868,5.0,10.0,75.66
63317.31,11749.39,2473.3,319.87,9.064,3.886,17.83,10.0,73.01
14180.54,8422.45,9644.02,1114.51,1.49,4.121,18.45,10.0,90.0
64679.04,13057.56,9594.59,1987.41,1.775,1.621,13.4,10.0,83.24
25347.17,9128.31,2183.07,1152.08,3.482,1.69,5.35,10.0,77.31
15854.64,19168.28,1878.53,53.65,4.965,1.569,30.54,10.0,71.87
95399.7,14053.45,4500.31,1869.51,9.265,5.264,7.81,10.0,80.57
96906.88,22044.35,972.32,508.04,9.079,6.774,5.0,10.0,83.17
82755.76,14045.05,6721.58,1392.63,8.732,5.948,14.47,10.0,80.41
37415.24,6718.3,1236.21,1054.41,2.303,9.78,5.0,10.0,90.0
18790.49,21426.21,1051.28,684.6,7.324,1.346,5.0,10.0,71.12
71580.97,14373.26,5109.28,601.15,3.897,9.866,18.62,10.0,90.0
49613.72,5964.18,9598.97,1861.08,9.319,4.72,14.3,10.0,78.62
20983.44,15964.19,4554.56,1828.26,2.224,2.264,7.5,10.0,87.29
54565.92,9585.2,3886.57,1050.61,1.498,9.438,11.44,10.0,90.0
13094.97,21265.73,9980.59,554.07,8.44,4.739,25.74,10.0,72.83
91838.84,11879.19,5553.71,249.57,7.197,3.539,25.72,10.0,72.42
33290.2,18434.59,4064.79,355.32,8.232,2.217,20.39,10.0,69.46
69627.01,3292.87,4165.68,1068.39,1.664,2.752,10.19,10.0,90.0
38054.0,10504.58,2352.12,650.27,8.859,9.794,10.91,10.0,89.01
56806.12,24597.79,5366.12,132.03,6.808,3.109,31.91,10.0,70.12
59203.93,20403.05,4669.12,937.58,6.55,9.78,13.69,10.0,90.0
26636.9,4838.58,3072.56,1505.07,5.868,3.369,5.44,10.0,78.04
97262.62,7666.34,2025.13,1788.81,7.672,2.391,5.0,10.0,73.25
79761.95,8915.58,3456.77,1191.3,4.215,1.915,8.16,10.0,75.51
94554.9,16608.77,5332.49,1460.42,1.415,4.177,11.7,10.0,90.0
90534.46,19167.87,1054.17,759.94,5.439,2.444,5.0,10.0,74.74
63811.0,18988.64,1960.57,1017.66,7.506,7.0,5.64,10.0,88.72
92968.68,13236.98,9502.74,1472.77,1.621,2.474,16.25,10.0,90.0
17964.33,20459.69,5657.13,1468.93,2.318,8.37,13.07,10.0,90.0
27638.46,11489.87,1102.77,877.83,6.996,8.357,5.0,10.0,89.96
14070.46,3973.13,7084.33,1110.15,2.77,2.927,15.06,10.0,86.92
39279.73,14546.6,1087.13,1851.52,1.782,7.56,5.0,10.0,90.0
44980.96,23855.23,7519.31,1282.4,8.905,8.59,14.38,10.0,84.63
34421.41,20031.85,7624.65,1303.02,1.693,5.942,15.12,10.0,90.0
84586.38,14888.82,6685.25,1580.01,3.507,3.727,12.76,10.0,88.22
42107.8,16523.34,7455.94,274.68,4.341,4.466,29.35,10.0,76.66
35284.11,23333.49,1335.67,1069.62,4.814,7.884,5.0,10.0,90.0
58842.65,11280.23,7404.42,1920.89,3.677,3.004,11.07,10.0,85.37
22683.18,8953.46,1798.54,755.24,9.134,3.411,7.64,10.0,74.59
82197.73,24453.8,3725.31,625.11,6.62,1.692,15.77,10.0,72.45
16709.56,21722.64,9456.08,1222.36,3.659,4.051,18.14,10.0,85.05
98819.82,8753.05,5277.32,481.18,3.641,0.956,20.76,10.0,69.93
79502.03,12130.73,9690.55,1134.09,5.079,3.278,18.75,10.0,80.33
27884.41,10961.88,1344.76,353.52,0.433,3.797,11.46,17.21,90.0
10496.99,4578.3,5036.79,1180.6,9.274,2.629,13.06,10.0,69.97
83391.53,23987.66,1092.82,1224.64,2.311,1.103,5.0,10.0,77.27
73617.16,10703.5,6487.0,865.88,7.006,5.265,17.36,10.0,82.01
75610.65,22007.9,1247.72,796.36,7.799,8.664,5.0,10.0,90.0
79414.33,5544.55,2165.99,528.64,8.291,3.423,10.32,10.0,74.04
16664.02,14148.9,2958.89,695.3,1.74,2.444,11.72,10.0,90.0
42261.92,1575.07,7613.07,1021.77,5.413,2.922,15.95,10.0,76.78
20428.22,19341.29,2057.64,532.93,0.928,8.633,11.19,10.0,90.0
87679.31,14941.93,8543.0,1576.53,8.067,5.325,14.02,10.0,78.81
66096.83,16014.15,1753.09,1432.62,4.916,1.395,5.0,10.0,69.41
39780.82,2241.3,834.82,575.15,1.669,7.121,5.0,16.49,90.0
15720.25,6064.92,4252.93,240.0,7.215,1.628,24.41,10.0,70.39
37988.41,2783.94,9804.7,50.35,3.379,0.696,44.19,10.0,68.35
39266.5,7933.94,1548.25,1213.6,1.234,2.631,5.0,13.61,90.0
75664.56,16058.54,1466.33,462.16,4.665,1.764,9.65,10.0,74.36
67380.17,14588.46,7636.08,74.54,2.429,6.089,39.71,10.0,68.94
89849.15,15691.6,3465.54,750.22,9.507,4.897,12.21,10.0,77.91
52499.34,14182.03,7314.18,1925.9,3.677,7.268,11.59,10.0,90.0
20763.48,7552.69,2400.1,1395.39,5.767,5.165,5.0,10.0,88.01
74192.03,6868.18,4870.68,1722.64,9.489,4.248,8.36,10.0,75.95
78470.65,4289.43,3020.25,332.24,3.998,5.31,17.58,10.0,87.53
60514.95,21377.7,4789.52,192.91,3.645,4.401,27.81,10.0,77.18
79387.05,15795.5,7806.42,72.48,1.708,0.467,40.3,10.0,67.44
54441.6,5476.26,7739.09,1913.54,9.389,6.839,12.05,10.0,81.83
57045.95,5253.03,5399.84,635.4,8.027,9.625,17.73,10.0,86.94
48478.69,21952.85,9319.53,946.03,2.288,4.278,19.54,10.0,90.0
12287.72,18825.54,3005.95,819.32,3.393,4.295,11.59,10.0,90.0
19710.23,16825.58,2782.96,1474.39,9.158,0.553,5.08,10.0,69.22
12828.63,10764.74,6331.16,654.43,5.419,8.915,20.25,10.0,88.5
67276.94,7287.41,6402.32,1094.13,5.608,9.298,14.96,10.0,90.0
38292.04,24506.82,942.13,1991.39,6.517,8.15,5.0,10.0,89.98
55771.36,20133.75,6273.89,915.92,7.645,1.153,16.59,10.0,68.21
91680.98,8242.7,4057.14,1124.98,9.399,9.012,10.87,10.0,85.05
32436.3,21341.56,7600.7,1029.93,8.042,0.337,16.49,10.0,68.01
46934.46,19214.37,8177.0,1616.21,9.352,4.501,14.64,10.0,75.87
77999.6,8129.93,5745.46,570.34,8.224,5.056,19.9,10.0,75.72
30591.83,11237.27,516.2,382.35,0.56,8.357,5.0,18.51,90.0
16928.19,5462.88,6545.48,1520.48,1.264,7.534,13.01,10.0,90.0
36077.63,3665.26,7614.37,860.46,8.86,7.991,17.77,10.0,81.08
24509.92,18346.29,2865.34,1831.77,0.374,8.692,5.0,10.0,90.0
93672.79,7420.28,4914.14,1306.11,7.962,4.813,9.92,10.0,78.6
82730.83,20681.42,9674.4,1150.47,8.513,7.824,18.82,10.0,83.66
67006.34,24894.61,3332.1,187.39,4.213,0.774,25.54,10.0,69.07
88431.45,2838.88,2619.96,1474.3,3.613,4.501,5.0,10.0,90.0
82330.49,12352.84,2503.12,1387.78,2.025,0.398,5.0,10.0,71.07
26791.31,20249.5,5808.61,1298.14,0.584,9.162,12.48,10.0,90.0
90330.31,19934.82,9522.98,572.42,7.479,9.588,24.31,10.0,83.95
58540.8,19239.93,6282.56,1896.14,0.83,0.931,10.32,10.0,87.62
82669.61,9375.88,3381.57,677.23,9.452,5.373,13.38,10.0,76.88
90648.22,11892.48,6566.41,346.85,3.038,3.319,24.81,10.0,81.28
38620.31,15279.24,6436.0,1975.04,7.963,3.491,10.99,10.0,75.49
19904.67,24374.57,6170.79,1505.18,0.691,4.562,11.91,10.0,90.0
30514.16,8861.13,2014.55,858.83,5.409,1.338,6.88,10.0,71.54
48439.7,23155.45,6528.38,1875.04,3.556,1.89,11.34,10.0,76.52
83621.33,7464.57,4586.56,227.68,0.397,5.816,25.18,10.0,90.0
87465.75,24737.79,676.62,220.94,6.592,0.286,9.86,10.0,69.75
10625.69,17086.33,5627.76,1380.78,9.437,6.038,11.73,10.0,77.95
55967.26,12124.28,9898.03,397.05,0.206,3.257,28.03,10.0,84.95
47566.99,15721.37,3822.53,1838.42,2.777,8.339,6.63,10.0,90.0
29989.7,7540.75,9672.81,1688.7,7.066,6.04,14.47,10.0,83.45
20787.88,7580.17,1413.95,647.42,8.725,7.11,6.43,10.0,84.48
40385.37,3725.31,7458.28,1783.24,1.989,1.233,11.28,10.0,80.35
94861.87,3737.21,1586.13,133.63,0.8,2.732,19.22,22.58,90.0
39088.26,9344.12,3098.93,1119.84,0.186,9.967,9.5,10.0,90.0
56691.16,19308.53,5922.99,1874.35,2.231,4.393,10.03,10.0,90.0
73271.71,15591.31,6131.41,1718.0,0.806,3.653,11.87,10.0,90.0
42726.66,3462.03,7864.51,744.34,3.658,8.751,20.16,10.0,89.9
97460.39,21453.68,6345.46,406.6,4.457,0.427,24.28,10.0,70.78
96620.26,15432.82,6139.34,460.55,4.851,5.394,22.99,10.0,84.09
32660.41,24060.53,9167.35,1053.29,1.509,2.182,19.32,10.0,88.44
54752.37,17084.45,4795.53,1213.71,4.693,3.745,12.68,10.0,83.54
37079.05,5204.2,2640.02,113.99,0.19,2.078,27.28,25.55,86.86
35635.64,12370.8,2036.99,856.43,2.47,0.474,7.78,10.0,71.26
13319.83,16563.94,4299.95,1669.25,3.754,4.223,8.51,10.0,89.43
64860.79,1678.35,7271.15,916.44,1.272,7.913,15.76,10.0,90.0
55241.11,1357.85,904.16,379.89,8.159,9.524,5.95,10.0,89.96
14633.09,4105.67,1726.01,1911.98,2.092,6.276,5.0,10.0,90.0
35078.18,7039.95,1508.08,569.24,7.573,3.949,7.99,10.0,75.71
91743.93,11309.18,6059.88,1606.94,4.792,7.722,10.74,10.0,90.0
31560.57,12698.57,2807.21,427.9,4.849,5.102,15.98,10.0,85.48
23040.54,4312.66,2079.46,875.19,6.487,3.739,8.01,10.0,79.92
54050.75,17161.4,6131.32,1006.32,0.538,1.873,15.48,10.0,90.0
98708.54,15307.31,7732.44,1026.24,0.88,7.982,16.74,10.0,90.0
31784.97,8067.14,3655.47,1057.12,3.336,5.054,10.13,10.0,90.0
70492.2,1327.84,5992.94,488.65,4.227,9.642,19.31,10.0,88.57
78545.77,2863.55,1432.18,1056.04,4.356,8.039,5.0,10.0,90.0
31387.38,10400.67,9384.31,989.34,6.801,4.258,18.74,10.0,77.8
75539.47,4695.38,3700.51,457.0,0.107,7.434,16.46,10.0,90.0
43100.48,10043.67,9976.3,1976.97,9.595,4.589,13.82,10.0,75.48
66907.52,16076.38,9796.58,1737.85,1.827,0.891,15.15,10.0,78.1
67017.67,14133.7,7898.82,1780.77,2.561,5.215,11.63,10.0,90.0
58219.72,6548.22,690.64,1386.86,9.066,8.671,5.0,10.0,87.89
18126.08,9251.74,5663.01,361.8,0.154,8.569,23.78,10.0,90.0
85177.22,15736.75,1324.95,1157.78,9.914,5.792,5.0,10.0,78.77
38870.21,21660.52,9003.81,1651.81,0.456,3.862,15.43,10.0,90.0
26786.67,19077.12,8001.54,125.54,1.293,0.2,36.22,10.0,68.25
13669.76,14281.6,9737.23,1016.89,2.477,3.183,20.64,10.0,84.64
63180.36,9695.03,6279.64,822.44,4.443,9.899,16.47,10.0,90.0
70980.79,9761.23,5460.64,463.64,5.233,7.292,20.97,10.0,85.44
11492.9,22106.02,5430.25,787.59,1.137,7.204,15.84,10.0,90.0
56088.38,1941.85,4171.26,1967.82,0.829,7.635,5.0,10.0,90.0
30384.62,24711.58,4952.56,1460.32,0.415,6.239,10.6,10.0,90.0
68065.55,16945.01,6536.42,634.1,2.642,5.9,19.59,10.0,89.17
25692.98,17347.3,9363.0,1230.44,9.223,4.591,18.66,10.0,74.54
72184.4,1911.95,6160.9,530.98,3.959,4.495,19.1,10.0,80.77
44806.18,15532.7,8642.6,1241.15,7.664,8.721,15.66,10.0,85.47
94305.7,12634.67,8696.41,1797.53,1.983,3.995,13.72,10.0,90.0
22376.88,3538.69,5428.91,1135.91,0.74,8.419,13.7,10.0,90.0
40695.97,7670.13,3800.96,1480.01,5.587,8.394,7.77,10.0,90.0
20212.62,22367.55,6575.95,934.01,8.239,7.732,17.31,10.0,84.33
93222.43,14199.72,4735.83,1072.04,8.995,0.473,12.18,10.0,68.14
88960.54,10922.0,1273.69,1405.4,5.507,1.565,5.0,10.0,74.01
33214.75,2744.37,4089.19,1634.19,3.011,3.216,7.18,10.0,89.81
69398.56,18138.92,9943.69,1335.93,1.184,8.491,17.77,10.0,90.0
83550.0,17868.42,960.86,1956.11,6.711,8.745,5.0,10.0,90.0
59968.07,15737.05,7118.34,1648.65,2.876,0.511,12.34,10.0,69.86
57668.55,13246.3,8491.29,1565.46,8.455,3.315,14.52,10.0,71.28
31766.71,11410.83,6662.9,1697.95,6.091,8.519,10.76,10.0,89.89
18379.25,15238.51,5912.61,598.36,8.603,2.572,19.71,10.0,71.25
90749.42,6601.49,7221.77,892.49,5.71,9.762,15.38,10.0,89.46
91037.63,23590.22,4578.76,1150.7,7.74,4.944,11.45,10.0,80.06
66979.13,15131.07,1367.94,951.65,3.014,9.379,5.0,10.0,90.0
40512.68,8468.62,9642.53,1702.54,5.08,4.345,15.16,10.0,84.64
41428.86,11792.32,4606.86,102.78,0.292,3.306,32.55,10.0,76.05
75336.01,20336.43,6821.2,457.89,6.118,3.688,23.96,10.0,77.18
90739.92,4878.79,5547.45,1769.33,5.384,8.855,6.99,10.0,90.0
89837.78,8028.05,1019.39,165.25,7.577,3.374,14.92,10.0,75.25
80188.8,17308.19,9551.09,492.63,7.317,6.727,25.64,10.0,76.56
67782.85,8571.74,8029.1,734.94,6.313,4.751,20.67,10.0,77.77
17572.6,20020.04,1916.43,1513.94,0.661,9.423,5.0,10.0,90.0
24546.58,4130.88,9825.66,1142.35,9.04,1.678,17.49,10.0,69.51
90869.88,19304.47,7500.56,1911.48,0.278,4.344,11.34,10.0,90.0
64578.62,2640.44,4987.06,494.36,8.052,1.334,19.07,10.0,70.24
10827.73,1302.22,6308.02,1750.63,4.846,5.824,10.3,10.0,89.88
19132.44,22557.36,1514.0,601.68,8.198,4.089,8.2,10.0,76.69
69715.16,14952.14,5823.91,528.72,4.704,0.703,20.21,10.0,67.78
10455.54,9443.85,1199.78,1021.83,6.505,8.513,5.0,10.0,90.0
24472.72,6582.27,5676.12,188.85,3.696,3.818,29.03,10.0,74.56
59386.04,15805.26,5750.61,799.4,7.462,4.987,18.0,10.0,79.66
72270.57,13216.05,8807.17,743.57,2.616,4.134,20.69,10.0,86.48
68676.51,24798.35,7388.05,362.2,7.222,4.938,25.95,10.0,74.7
30184.24,24597.18,2870.75,1728.55,2.014,0.262,5.0,10.0,67.08
74096.13,16240.59,8940.05,802.48,7.249,8.173,21.24,10.0,85.29
31352.42,11628.89,5945.81,1964.74,3.007,3.39,10.09,10.0,88.22
39285.97,12787.38,6260.61,1804.43,2.858,7.272,10.76,10.0,90.0
77184.23,17379.5,2105.32,429.88,8.134,0.742,12.06,10.0,69.51
68466.96,3437.79,8648.85,1034.99,8.156,5.286,15.99,10.0,78.4
86430.11,8880.45,9344.17,1223.52,6.945,9.097,16.54,10.0,88.22
69185.16,2806.53,7862.41,1646.97,9.247,4.043,12.15,10.0,76.96
61147.77,2760.66,9437.15,1777.0,1.646,2.053,12.04,10.0,90.0
18430.73,5700.14,3371.85,1266.84,2.766,1.081,9.24,10.0,73.78
43094.42,12646.08,8680.63,118.51,3.011,8.605,37.39,10.0,72.63
33868.21,19834.58,5144.48,988.49,3.122,2.464,14.83,10.0,80.8
31959.07,12651.9,2057.21,1775.37,3.348,9.753,5.0,10.0,90.0
97570.95,9051.44,6853.61,1442.47,7.0,2.553,12.38,10.0,73.51
45378.8,2976.47,6999.14,1746.78,2.781,4.862,9.24,10.0,90.0
90284.19,14207.09,3225.78,1364.46,2.931,4.634,7.33,10.0,90.0
66802.48,7510.45,761.19,135.87,5.747,0.714,15.01,10.0,69.12
81533.02,15758.42,2398.55,1937.61,2.014,5.365,5.0,10.0,90.0
55237.34,24452.51,4297.89,1840.14,3.712,6.759,7.31,10.0,90.0
61921.35,3671.54,2091.85,296.83,0.674,7.447,15.56,10.0,90.0
54326.59,6091.01,2343.28,269.75,9.53,5.274,18.9,10.0,77.66
27571.87,12354.27,4218.21,1101.2,3.241,8.145,11.3,10.0,90.0
75020.69,24246.73,9636.97,1526.25,8.515,7.546,16.04,10.0,83.48
35269.51,19523.43,7760.31,795.24,5.346,2.02,19.26,10.0,72.99
12188.44,22557.5,3537.61,315.95,2.359,4.076,20.23,10.0,87.24
68092.51,9009.16,9540.24,1045.58,2.015,1.512,19.57,10.0,81.09
25939.96,24808.92,6633.64,708.25,6.98,1.421,18.32,10.0,71.05
94641.27,3467.99,4826.77,735.96,9.652,7.15,14.42,10.0,80.3
95853.57,2271.35,4948.85,1307.72,1.912,5.352,9.37,10.0,90.0
92337.8,21534.46,4402.07,1776.94,1.243,6.049,8.01,10.0,90.0
43314.28,23254.36,2713.42,1139.25,3.932,7.349,7.13,10.0,90.0
11391.1,3174.05,4173.01,1390.82,3.999,2.845,10.0,10.0,82.44
93548.67,3722.26,5515.02,1336.9,8.082,4.073,10.19,10.0,75.59
48536.57,1796.18,5516.26,1124.74,4.742,6.107,12.53,10.0,89.04
96998.93,3508.18,7736.5,655.98,0.718,1.057,19.54,14.91,84.67
96725.8,6026.08,3908.58,786.7,9.215,8.347,11.39,10.0,83.03
86770.85,24281.84,7309.58,665.62,3.795,3.5,20.97,10.0,83.31
36500.4,17028.65,5991.87,1839.12,6.718,6.622,10.4,10.0,85.48
44658.8,19685.27,9637.53,1661.91,6.708,9.956,15.14,10.0,90.0
86602.3,19627.35,4160.21,1179.73,0.658,4.806,10.42,10.0,90.0
38522.98,13841.77,9061.56,1828.87,0.136,2.229,14.24,10.0,90.0
25254.35,20139.74,8296.1,1778.5,0.972,2.243,12.85,10.0,90.0
60112.11,15299.38,6557.81,1859.0,9.57,0.698,10.39,10.0,69.13
94253.93,8549.11,6717.89,482.46,7.961,7.694,22.41,10.0,80.73
72642.68,14466.64,1304.17,1449.13,1.407,3.005,5.0,10.0,90.0
61305.51,13804.21,9527.13,1237.99,6.187,1.81,16.59,10.0,73.69
18745.88,20762.87,1515.89,1480.97,6.159,7.166,5.0,10.0,90.0
65350.65,24561.45,5850.72,563.59,0.106,3.16,20.44,10.0,90.0
99104.85,10865.02,3635.67,1404.88,4.348,6.045,7.67,10.0,89.79
22607.56,19321.38,4583.59,849.17,7.147,4.236,14.55,10.0,79.32
56649.67,3394.31,6296.74,1676.48,1.949,3.408,9.62,10.0,90.0
88963.58,19643.95,9134.09,1600.96,8.524,4.945,15.2,10.0,77.2
76669.18,9914.01,4846.89,462.15,6.637,3.207,20.14,10.0,75.06
72731.42,1945.36,9883.43,408.52,0.169,8.719,24.0,10.0,85.0
73223.57,9717.91,6131.71,1449.58,8.564,0.823,12.19,10.0,68.42
42354.2,15655.43,2025.26,1123.43,0.292,0.399,5.0,38.41,90.0
36423.27,3862.0,2305.09,1136.55,8.89,4.123,5.67,10.0,77.97
82842.5,23176.83,7303.05,1517.4,3.404,1.811,14.07,10.0,79.89
82910.21,2864.14,978.78,1717.19,7.017,7.463,5.0,10.0,90.0
88036.51,23320.16,5063.24,515.98,7.896,3.599,19.75,10.0,74.94
92191.65,17971.3,1908.08,1133.3,2.885,2.688,5.0,10.0,88.37
56020.82,8913.09,4615.58,1666.46,3.629,3.658,8.46,10.0,88.39
55136.47,10378.01,7624.22,1751.95,5.144,2.273,11.93,10.0,74.03
81846.57,18779.42,4858.72,610.45,5.869,3.067,17.27,10.0,77.9
68496.75,15435.31,2052.79,253.1,2.991,5.723,18.02,10.0,90.0
73177.02,17119.43,2893.29,504.01,9.925,8.654,14.73,10.0,84.53
81621.34,10339.95,3991.63,1893.72,7.396,3.772,5.17,10.0,78.95
90100.48,12707.52,1160.83,951.84,2.814,3.275,5.0,10.0,90.0
40419.56,24756.82,6051.21,866.22,6.44,7.84,16.18,10.0,88.94
43802.47,6134.15,6271.57,75.51,4.41,0.322,38.47,10.0,67.87
18458.37,11028.55,1090.44,149.48,8.617,3.091,16.46,10.0,71.93
62045.21,8003.76,4321.96,1353.96,3.357,4.576,10.46,10.0,90.0
13234.8,19362.68,4433.01,1200.16,1.96,6.047,12.39,10.0,90.0
51903.82,19336.3,3671.29,1172.28,0.557,1.645,9.46,11.63,90.0
58838.02,8018.69,5798.53,265.13,9.845,4.385,26.19,10.0,74.24
35788.71,2953.37,3786.6,736.52,3.656,5.706,13.7,10.0,90.0
63174.99,1274.38,4455.89,1634.1,2.283,5.151,7.25,10.0,90.0
12745.02,11258.81,8076.47,391.08,4.969,5.788,26.01,10.0,78.21
13361.34,10848.1,2040.04,1771.24,2.987,6.658,5.0,10.0,90.0
84034.05,24721.36,6381.59,286.88,2.406,3.856,26.62,10.0,81.6
42417.16,12275.25,5303.15,379.84,6.202,0.73,22.36,10.0,70.71
21435.45,7154.04,3398.18,981.61,0.841,0.65,11.14,22.86,81.7
57001.89,22389.51,7411.58,1893.33,5.139,8.601,11.85,10.0,90.0
79299.42,12785.63,5736.29,692.62,3.936,6.806,17.77,10.0,86.36
29423.89,15380.22,5034.93,1333.53,5.372,7.665,11.51,10.0,90.0
66060.14,3296.05,6842.86,1197.91,3.272,9.295,12.94,10.0,90.0
17681.27,10189.99,8121.76,341.76,5.746,7.53,28.71,10.0,78.79
14651.35,23661.37,9740.35,533.93,0.91,6.954,25.06,10.0,90.0
57821.92,15148.13,6478.83,1863.8,3.824,6.592,11.07,10.0,90.0
58657.16,9268.04,8807.18,410.42,2.451,2.66,26.61,10.0,80.13
67368.69,16016.01,510.37,1405.27,4.437,9.577,5.0,10.0,90.0
75348.22,22849.87,5537.24,1931.15,4.044,5.466,9.26,10.0,90.0
97826.69,7575.77,2539.15,283.04,6.349,2.299,17.87,10.0,73.04
56467.03,13122.8,1394.83,828.4,6.325,2.177,5.63,10.0,73.58
39066.08,24008.58,5553.72,486.67,4.192,8.171,21.04,10.0,88.99
81566.76,5137.51,7594.85,482.04,1.898,2.577,20.64,10.0,81.92
34374.9,18271.93,4416.59,282.02,5.861,0.51,24.93,10.0,66.91
49507.43,15747.54,6866.02,1316.62,9.669,4.341,13.99,10.0,76.68
17061.07,17312.2,5152.33,1505.37,1.936,8.192,10.69,10.0,90.0
12281.57,9429.27,4652.32,1369.75,0.784,4.203,10.3,10.0,90.0
96638.36,8533.1,3257.44,1853.08,2.719,8.055,5.0,10.0,90.0
85238.21,17421.03,4134.64,334.07,4.188,8.289,21.13,10.0,88.61
72637.68,6173.04,3823.06,673.7,3.131,8.591,13.18,10.0,90.0
46805.76,11071.71,6638.78,721.92,8.364,5.93,18.77,10.0,79.48
25596.49,5516.19,1602.18,502.56,4.981,7.025,10.17,10.0,90.0
24079.33,1199.32,1380.05,327.3,2.537,2.692,9.67,24.38,87.63
32521.86,24281.38,6770.12,999.07,9.507,1.087,16.82,10.0,70.14
59430.4,11360.87,5689.83,1677.16,1.338,5.375,11.59,10.0,90.0
74313.63,24264.39,4586.9,1911.35,1.317,0.205,7.65,10.0,69.2
69417.76,4367.76,1948.21,302.21,2.528,4.711,13.48,10.0,90.0
35194.05,15096.8,4404.76,1655.16,0.86,1.111,8.63,11.09,90.0
95937.88,5823.38,8002.45,1657.93,7.541,1.173,12.14,10.0,68.85
76410.72,19961.78,8951.4,808.51,3.197,8.721,21.41,10.0,90.0
59891.86,19808.87,7174.48,264.56,7.325,6.441,28.66,10.0,76.13
65054.87,3702.57,1069.17,1980.52,7.651,6.488,5.0,10.0,86.7
47764.01,22889.55,6868.89,1328.41,2.451,4.104,14.63,10.0,90.0
32295.79,5671.11,2789.36,1965.28,5.232,4.191,5.0,10.0,84.91
42037.54,15711.46,3494.89,993.13,5.244,3.101,11.0,10.0,80.5
78206.15,24655.21,2360.8,820.63,8.727,4.4,8.76,10.0,77.82
11295.41,22177.52,7869.68,532.01,0.354,5.913,23.85,10.0,90.0
20446.54,23957.53,6661.72,1967.97,3.236,1.947,10.28,10.0,79.04
14140.24,9222.37,6312.43,543.85,8.837,2.691,22.54,10.0,71.38
13665.59,3533.82,6845.74,96.34,2.444,4.998,36.59,10.0,70.75
86991.45,5520.32,2749.34,1049.31,1.455,3.909,6.76,10.0,90.0
73329.21,13011.88,4724.12,785.25,5.804,8.213,14.75,10.0,88.26
52675.64,20037.51,6515.91,559.7,3.128,8.235,21.0,10.0,89.72
18805.07,4603.69,6547.64,1287.49,4.726,3.426,13.7,10.0,82.98
54245.43,16833.56,8022.59,760.32,8.218,4.563,19.68,10.0,76.34
52612.46,8765.86,3227.49,834.39,5.255,9.768,11.24,10.0,90.0
25588.17,9188.85,7818.19,94.94,5.207,8.292,38.4,10.0,71.35
49046.65,16886.03,4681.75,1198.69,2.854,2.235,11.62,10.0,84.5
45865.43,12207.99,6866.64,288.04,7.949,2.874,28.02,10.0,71.83
65426.51,20488.8,4829.33,466.92,7.424,0.926,19.72,10.0,67.63
67158.43,4742.04,9511.8,1448.38,2.418,6.81,14.69,10.0,90.0
14077.36,19958.76,2203.37,660.82,3.268,3.237,10.13,10.0,85.89
43715.14,2541.65,6912.55,368.26,7.907,5.412,24.03,10.0,75.55
66327.39,5657.29,5977.08,1175.98,3.641,7.705,13.63,10.0,90.0
55282.26,16747.59,2140.94,469.06,4.095,8.377,13.59,10.0,90.0
87084.09,21518.22,1127.06,578.41,3.708,3.321,5.58,10.0,87.35
69282.43,7064.31,8091.87,1261.61,1.7,2.449,16.27,10.0,90.0
24664.1,8852.6,1995.79,1492.73,3.475,8.501,5.0,10.0,90.0
16351.19,13890.9,2271.81,1492.34,8.049,3.875,5.0,10.0,75.68
67817.74,6077.75,9795.13,990.37,4.962,8.238,19.22,10.0,89.85
12386.02,20467.75,7313.98,935.88,4.636,1.583,18.24,10.0,69.76
62719.8,19567.28,2879.62,1585.91,1.648,9.128,5.04,10.0,90.0
94620.72,4487.0,6114.02,426.42,1.858,4.883,20.63,10.0,90.0
61792.68,12131.91,5574.06,346.79,0.525,1.784,23.4,10.36,88.5
44935.29,19595.87,8522.5,1346.16,0.238,5.397,15.95,10.0,90.0
67895.94,9095.91,7428.55,848.54,4.931,8.713,18.41,10.0,89.84
51242.76,16194.56,8401.35,1434.5,4.151,3.954,15.68,10.0,86.07
59105.51,2205.11,2509.31,550.37,2.826,1.863,11.65,14.59,80.06
94731.83,15608.53,6582.08,683.5,9.901,5.808,19.47,10.0,77.41
44749.24,4663.67,882.29,1798.52,4.04,8.361,5.0,10.0,90.0
96507.15,20934.0,1154.94,872.23,7.91,1.301,5.0,10.0,69.98
91481.56,9530.79,7278.51,1202.36,2.184,0.51,15.01,10.0,71.76
27621.2,7757.29,731.99,258.03,2.546,0.657,8.84,10.0,73.62
16242.52,21181.34,6007.77,398.72,5.727,2.382,22.86,10.0,73.05
19070.02,2203.46,8483.85,119.98,0.14,0.172,37.02,94.66,71.18
11639.96,10518.61,4109.45,877.52,0.273,4.344,13.32,10.0,90.0
18499.87,9880.08,925.98,1978.39,1.508,7.008,5.0,10.0,90.0
71470.61,7835.21,7281.55,1754.05,2.309,7.134,11.31,10.0,90.0
16406.98,22882.1,9332.02,1284.17,5.326,6.403,16.95,10.0,87.94
38707.81,19022.28,7313.13,1729.14,6.894,3.032,12.93,10.0,73.67
86038.78,2534.16,5995.25,1208.63,3.188,7.386,12.07,10.0,90.0
12094.47,18152.5,2685.27,769.1,2.467,5.807,10.23,10.0,90.0
83302.16,13655.18,646.07,388.42,8.246,8.626,5.0,10.0,88.39
35366.93,22620.83,7099.39,1323.45,1.711,4.832,13.88,10.0,90.0
20634.83,8510.69,2694.75,426.45,6.815,1.883,16.35,10.0,71.86
72706.34,14779.89,8652.55,863.99,9.32,6.383,19.35,10.0,79.64
66604.86,13018.13,4930.46,1660.31,2.399,1.593,9.88,10.0,82.44
88972.48,12749.46,5541.04,302.0,0.961,9.635,25.05,10.0,89.88
76156.39,11946.53,7662.4,301.59,9.8,7.063,28.03,10.0,73.14
82313.28,5935.11,7904.59,487.58,2.781,7.588,22.27,10.0,88.32
35383.11,19137.04,6605.18,1126.24,2.829,6.825,15.34,10.0,90.0
25969.56,11832.06,9415.1,540.86,4.889,1.066,24.78,10.0,69.29
77555.33,24004.39,9831.84,1031.24,2.387,4.706,19.83,10.0,89.56
82615.13,7259.4,9495.41,638.87,9.929,6.549,22.61,10.0,77.51
99145.46,17385.85,8329.7,1037.17,0.525,2.371,18.62,10.0,90.0
47135.59,23577.21,7203.44,591.38,4.57,6.827,21.28,10.0,87.3
43481.63,16923.0,6801.6,1961.02,5.529,8.217,11.15,10.0,90.0
79877.17,21910.55,1485.63,1010.8,4.723,2.822,5.0,10.0,80.2
40672.32,20859.54,3079.1,1500.1,5.253,2.076,6.8,10.0,71.53
93768.16,9642.83,554.04,1416.07,9.877,8.843,5.0,10.0,88.03
87257.15,15402.97,1805.39,1006.59,8.781,0.151,5.04,10.0,66.02
48609.46,4750.27,4672.68,515.78,3.154,2.632,18.71,10.0,78.69
77578.4,13852.62,1892.1,1045.9,5.56,4.127,5.0,10.0,86.08
77908.86,6530.13,9065.8,1377.89,0.103,6.755,15.62,10.0,90.0
19281.15,18849.68,8154.14,946.84,4.155,9.971,20.29,10.0,90.0
91229.76,13673.4,1180.31,209.75,1.722,3.771,15.55,10.0,90.0
55472.71,10869.46,2864.68,85.07,7.142,9.493,29.98,10.0,77.79
84381.17,7451.13,8281.18,689.36,2.289,3.731,19.9,10.0,88.28
38804.46,24968.76,8128.94,342.94,7.514,6.986,27.47,10.0,77.66
90597.09,2721.05,9481.78,1817.07,3.2,1.737,12.88,10.0,76.01
45028.15,2045.46,9976.7,392.87,9.266,4.658,26.07,10.0,72.04
10975.39,6214.18,9774.57,818.85,4.51,8.726,22.42,10.0,87.26
91484.38,24305.74,4396.31,1438.55,8.411,3.268,9.19,10.0,74.33
18215.8,24501.72,2878.12,1640.07,6.319,1.142,5.0,10.0,70.56
38738.23,16718.27,7704.9,981.54,9.776,5.275,17.77,10.0,77.11
95505.58,22122.56,3343.09,403.21,7.453,4.451,18.59,10.0,76.49
95554.64,6135.08,8160.8,578.25,7.304,2.372,21.38,10.0,71.39
61609.41,24329.01,5572.57,866.99,2.722,9.066,16.67,10.0,90.0
66865.35,4426.84,8042.31,760.96,5.098,6.057,18.41,10.0,85.29
50360.1,3427.0,3120.86,729.91,2.972,3.537,11.24,10.0,89.67
36388.97,3693.08,5326.26,307.11,0.291,9.962,24.42,10.0,90.0
39579.81,14755.07,5858.23,1830.95,7.135,1.462,10.69,10.0,70.27
70526.66,19743.39,9459.53,108.03,2.435,8.495,39.48,10.0,69.07
77713.71,9800.01,3032.68,908.0,4.034,2.383,10.14,10.0,78.36
81242.11,24469.5,9398.54,1961.63,2.918,2.471,13.16,10.0,82.26
81065.63,11426.08,8146.16,1336.46,2.076,5.032,15.52,10.0,90.0
18208.55,4610.77,7443.49,743.05,0.764,6.653,20.38,10.0,90.0
54497.83,12183.2,7975.27,334.89,3.445,6.936,26.63,10.0,79.76
15180.29,17296.89,6251.54,1929.55,0.909,0.319,9.92,16.57,72.43
59457.6,20973.42,2818.76,77.27,5.449,2.94,31.49,10.0,71.42
49737.75,12010.44,2300.2,1378.71,0.294,6.64,5.0,10.0,90.0
89893.38,15246.56,8730.24,1766.27,9.406,8.908,13.15,10.0,86.32
41582.35,7416.27,7388.82,99.06,9.668,6.732,36.95,10.0,71.63
20536.03,16502.0,2525.44,1464.09,3.116,2.732,5.0,10.0,88.68
22869.25,24663.33,6343.39,1997.73,2.676,5.127,9.83,10.0,90.0
78535.96,2177.29,4751.69,1297.3,1.134,6.511,9.12,10.0,90.0
65639.63,22276.74,2007.22,858.62,9.059,1.44,6.61,10.0,70.81
19101.04,14494.78,5552.64,1755.08,5.91,5.495,10.84,10.0,87.85
17569.61,7050.37,3174.43,1130.65,6.14,4.769,8.58,10.0,85.23
73087.22,23917.35,1414.32,1511.41,8.969,3.433,5.0,10.0,75.14
16548.67,12600.5,4936.1,1196.17,9.117,6.273,12.83,10.0,82.5
83967.41,8960.57,6106.03,124.67,8.301,6.399,32.93,10.0,71.32
73561.8,5355.94,945.61,465.63,7.757,9.718,5.0,10.0,90.0
17321.39,6866.85,4319.88,203.59,8.785,4.34,26.79,10.0,72.74
17635.39,20988.38,2947.79,258.04,8.772,5.36,20.86,10.0,79.54
98797.56,15745.84,791.18,80.04,3.75,1.659,19.75,10.0,72.96
43684.37,22917.89,1693.79,871.27,9.737,5.529,5.39,10.0,80.49
43357.79,6567.24,1820.82,398.37,7.12,0.457,12.71,10.0,69.83
83151.96,3907.33,2237.31,1718.61,3.765,1.584,5.0,10.0,76.01
95252.37,1146.1,8132.09,1512.57,4.476,1.795,12.0,10.0,73.8
98740.1,13188.69,4675.17,1167.7,6.903,6.363,13.47,10.0,86.5
77804.04,24959.37,1897.32,1003.59,3.675,5.716,5.02,10.0,90.0
43863.36,17679.17,1452.82,548.94,8.283,8.001,7.64,10.0,86.42
17515.06,8401.47,3330.43,976.16,1.566,4.698,11.15,10.0,90.0
79943.22,22044.61,8081.15,1300.4,9.085,4.801,15.88,10.0,78.38
60256.38,19761.33,3962.37,1575.35,3.082,1.699,7.92,10.0,78.31
48179.98,1369.96,2019.02,209.28,1.612,7.453,17.44,10.0,90.0
91571.89,20604.65,4339.1,1431.51,8.594,0.136,9.28,10.0,66.94
20007.77,8212.64,5775.46,1498.32,2.471,4.306,11.49,10.0,90.0
54336.26,4592.16,781.05,1140.0,8.45,1.964,5.0,10.0,69.83
11021.83,6431.94,6462.6,467.92,3.033,7.733,22.62,10.0,86.93
52179.46,12245.92,4253.46,1101.41,9.345,6.767,12.17,10.0,80.43
15067.29,11196.83,592.4,1030.27,2.269,7.097,5.0,10.0,90.0
20693.61,7933.3,6901.95,977.63,0.79,1.571,16.79,10.4,90.0
20577.36,5133.24,7267.68,948.25,9.372,6.721,17.05,10.0,80.34
68428.93,19293.54,6473.98,266.11,1.74,6.94,28.68,10.0,82.48
77144.04,24762.63,3748.34,406.64,9.447,0.126,19.2,10.0,65.71
62503.19,19667.0,5531.25,239.8,8.257,3.244,27.16,10.0,70.26
96595.53,8102.49,4178.0,522.83,0.911,0.964,18.05,15.48,83.54
43738.35,6875.42,7155.91,563.78,4.507,6.846,22.04,10.0,84.21
35714.09,6223.98,6044.01,527.9,0.827,2.2,21.23,10.0,90.0
88173.92,4280.68,1277.09,461.31,3.365,2.72,6.87,10.0,85.86
30123.63,14231.93,6609.39,1484.07,3.58,0.875,12.52,10.0,72.64
96690.03,15529.61,7028.76,1646.2,6.036,4.89,12.98,10.0,83.75
11093.9,17932.06,4021.67,687.86,9.761,0.427,14.6,10.0,68.39
97289.09,17325.12,8819.96,645.0,1.781,8.471,22.03,10.0,90.0
13884.39,8016.0,8508.64,1695.86,3.359,0.361,13.56,10.0,68.87
90202.88,8927.46,2164.08,1266.65,5.912,0.71,5.0,10.0,67.4
57493.1,17356.35,9090.53,622.2,1.797,6.44,23.18,10.0,90.0
99366.83,9386.74,4688.29,1441.54,7.136,9.178,8.66,10.0,89.91
16641.69,6102.96,7375.62,721.96,4.096,8.932,21.26,10.0,89.57
59846.89,9984.07,8233.92,1193.78,9.501,0.928,16.93,10.0,67.93
97237.23,7530.02,5298.57,1985.64,6.336,2.956,6.99,10.0,78.35
57078.81,3119.51,4291.47,638.11,3.694,5.258,14.76,10.0,90.0
66645.88,20923.33,9196.79,1864.53,7.223,0.364,13.98,10.0,66.35
72617.38,21474.67,2693.11,675.27,8.404,5.334,11.74,10.0,78.84
50908.7,6274.01,2941.22,1103.56,8.025,4.533,8.35,10.0,78.0
66480.23,2554.53,3935.39,946.97,2.701,5.925,10.57,10.0,90.0
62588.29,18731.86,8664.92,1577.16,4.228,9.211,15.23,10.0,90.0
91104.22,6076.69,9418.49,169.13,4.577,2.819,32.94,10.0,71.5
14090.17,10442.45,2590.64,1272.89,3.945,6.427,6.28,10.0,90.0
35286.69,2539.25,8706.77,1533.3,3.178,4.355,13.07,10.0,90.0
95537.03,6430.47,2952.93,970.68,7.552,4.408,7.44,10.0,79.62
90123.74,20029.65,9721.09,255.32,0.221,6.508,31.08,10.0,80.22
51009.11,20305.51,6175.37,527.37,3.006,9.518,20.89,10.0,90.0
65811.93,5970.04,567.32,1375.36,1.502,8.644,5.0,12.31,90.0
34964.31,9061.93,824.23,1796.1,1.375,6.431,5.0,10.82,90.0
26930.9,4221.72,1901.1,872.14,2.842,4.669,7.03,10.0,90.0
51732.86,2780.14,2281.94,1142.8,7.645,4.298,5.0,10.0,78.35
41801.7,24812.12,7792.38,495.35,9.697,7.893,23.71,10.0,78.07
62529.05,16734.25,2616.28,853.82,5.195,2.26,9.46,10.0,75.33
16996.12,14010.32,9706.85,706.74,3.456,5.918,22.68,10.0,85.8
97695.53,19371.96,6543.06,1328.27,8.309,5.099,14.53,10.0,79.2
98758.97,21161.85,7078.92,1970.16,0.764,6.529,10.76,10.0,90.0
72834.55,20361.15,2569.26,1635.94,1.022,1.955,5.0,10.0,90.0
58248.67,1396.95,8980.71,424.72,3.519,6.988,24.67,10.0,82.18
37857.49,5483.39,6844.24,1176.47,4.539,6.307,15.05,10.0,90.0
83241.55,16717.73,8711.85,179.5,7.999,1.883,33.07,10.0,68.02
71625.81,10018.22,9586.57,531.49,9.26,4.551,25.1,10.0,75.2
24635.52,24579.58,1693.59,385.82,5.36,6.818,11.84,10.0,90.0
91983.45,16969.72,1417.58,704.31,5.007,9.026,5.37,10.0,90.0
84028.35,23957.17,8132.37,1373.69,2.209,1.309,15.06,10.0,75.48
95481.99,5834.72,8728.2,1023.82,4.567,0.187,16.49,10.0,64.45
75314.76,21734.97,6045.73,1869.17,9.244,1.735,10.13,10.0,69.86
65207.37,8712.46,3977.01,464.86,3.99,9.894,19.03,10.0,90.0
47641.87,24749.56,6699.98,760.21,2.186,7.707,19.15,10.0,90.0
93945.56,4784.53,3403.81,693.21,3.439,6.182,11.9,10.0,90.0
87945.75,13392.16,2764.66,510.13,5.194,1.417,14.26,10.0,70.74
14069.68,20028.27,5137.38,1986.68,6.026,4.219,8.05,10.0,80.91
12373.03,11383.42,2553.46,805.09,4.381,7.181,9.41,10.0,90.0
43881.7,12234.02,5095.18,1883.99,7.61,8.969,7.47,10.0,90.0
82949.8,24672.54,9587.76,811.42,5.886,3.88,20.7,10.0,76.88
98854.85,11207.4,8477.95,447.98,6.684,9.997,25.7,10.0,81.76
23537.52,15497.73,9445.49,282.45,8.643,1.483,30.07,10.0,68.62
63471.76,2308.95,8160.13,1718.35,8.67,3.931,11.26,10.0,76.69
44280.18,21213.04,3870.13,112.59,2.115,8.766,31.16,10.0,78.01
97292.3,16556.03,8214.43,1930.57,6.271,6.534,11.04,10.0,87.43
85790.7,10696.48,9267.7,865.47,7.195,8.128,19.95,10.0,85.05
85449.58,1388.07,9496.84,532.38,1.544,9.087,22.47,10.0,88.76
52182.38,15200.05,6990.38,1254.02,8.443,5.122,14.96,10.0,77.9
47333.76,1303.79,2507.98,309.18,1.887,2.424,16.45,17.88,85.73
34606.64,1028.89,877.43,190.68,8.013,6.968,11.54,11.68,83.3
15073.79,15786.37,1898.4,1664.18,1.699,5.678,5.0,10.0,90.0
87825.01,5536.41,9672.7,878.11,7.444,7.749,19.11,10.0,84.06
83161.09,5605.3,4889.92,1060.6,1.567,5.166,11.39,10.0,90.0
99974.59,16678.52,8622.37,394.56,3.85,8.13,27.79,10.0,82.01
99697.32,2288.73,4917.92,169.78,1.521,9.03,26.17,10.0,80.48
59988.85,8521.73,6777.77,767.16,2.78,7.521,19.74,10.0,90.0
79208.87,4586.37,729.34,1036.99,9.847,7.462,5.0,10.0,85.23
95028.92,14924.23,2873.72,1542.59,1.166,5.913,5.09,10.0,90.0
86468.27,16882.36,4644.56,1027.05,4.124,4.769,12.58,10.0,90.0
32261.33,18307.26,6490.99,1575.89,6.802,9.729,11.9,10.0,90.0
50548.97,7125.55,2129.45,275.09,1.037,6.487,17.35,10.0,90.0
21624.35,3141.99,7763.24,174.73,1.179,8.42,33.28,10.0,75.26
95864.59,2888.41,3961.84,359.78,1.518,5.104,17.6,10.0,90.0
64555.72,11227.64,8265.64,1555.42,6.485,5.593,15.31,10.0,84.99
30577.85,23700.27,1430.71,1530.69,9.102,6.663,5.0,10.0,85.19
70453.06,6225.5,6957.69,325.67,8.277,7.313,26.4,10.0,78.17
65631.54,7161.8,3286.62,110.43,9.832,4.539,28.4,10.0,72.74
42234.64,3421.33,8056.14,1386.3,5.824,3.628,14.58,10.0,80.41
20220.18,15533.69,4320.62,1717.8,9.619,2.47,8.15,10.0,71.01
70441.59,17316.95,6820.82,1520.51,3.119,4.294,13.18,10.0,90.0
56827.69,16430.35,9375.9,445.46,4.273,2.191,26.01,10.0,71.53
79508.66,21667.13,695.95,1188.35,4.021,4.226,5.0,10.0,89.96
56814.72,12674.22,605.61,1526.86,0.569,8.759,5.0,14.07,90.0
86696.34,4226.97,7817.65,548.87,8.314,9.773,21.45,10.0,82.1
59671.62,7945.72,6640.73,1079.06,0.345,5.813,16.14,10.0,90.0
60484.42,16898.32,3283.31,663.2,7.326,1.545,13.92,10.0,69.56
88898.82,15714.93,5196.77,489.87,4.13,4.333,18.97,10.0,83.78
46313.46,13744.08,898.39,1940.7,0.162,6.061,5.0,21.78,90.0
22061.37,17391.15,2328.23,1829.53,2.97,3.771,5.0,10.0,90.0
12590.44,16297.38,4532.72,919.05,3.527,2.131,12.5,10.0,79.34
77962.35,22151.8,8423.42,316.72,9.651,2.346,27.53,10.0,67.66
65827.86,15064.39,5056.84,1469.42,6.645,4.792,10.06,10.0,81.38
73367.18,19686.43,6070.44,548.62,5.481,2.243,20.76,10.0,72.23
29166.77,6968.97,8800.66,378.61,1.358,2.57,26.68,10.0,82.62
22273.43,17276.38,3433.78,793.98,3.972,8.744,12.22,10.0,90.0
11309.02,22652.66,7156.64,1083.21,0.454,7.813,16.83,10.0,90.0
41552.88,10257.58,8685.84,240.01,7.641,0.648,31.63,10.0,70.16
63092.59,19698.5,2424.85,1164.91,1.711,3.27,6.74,10.0,90.0
45301.96,18394.94,3886.54,79.93,5.985,5.366,32.84,10.0,71.03
49372.74,2428.63,9808.2,1789.14,7.024,0.7,13.24,10.0,66.98
91374.28,14956.2,9840.58,1845.45,3.728,6.863,14.07,10.0,90.0
41342.99,4124.54,2620.68,1479.49,6.363,3.906,5.38,10.0,80.91
56259.05,24215.66,1131.24,959.77,7.666,4.032,5.0,10.0,77.93
80528.77,20473.78,3073.76,547.05,1.923,2.727,15.47,10.0,90.0
45688.85,3633.37,4278.45,1501.02,6.049,3.406,8.23,10.0,79.23
65987.8,3922.05,4689.55,1867.0,7.365,8.631,6.21,10.0,90.0
87612.73,15267.37,6378.66,359.14,3.635,7.907,24.6,10.0,85.16
95456.86,9277.34,9045.28,958.35,1.709,9.364,19.5,10.0,90.0
23236.61,1837.74,3638.31,664.76,2.933,7.02,14.06,10.0,90.0
93392.89,13999.4,8574.85,745.65,9.337,5.821,20.79,10.0,75.25
54290.47,10308.28,1388.05,841.23,3.639,2.667,5.0,10.0,83.76
33241.99,3425.84,897.81,1906.0,1.166,6.702,5.0,16.75,90.0
51322.22,20246.09,5288.43,554.34,0.919,9.071,19.92,10.0,90.0
98202.93,22961.84,1066.79,1010.72,1.887,0.785,5.0,10.0,73.96
54335.63,19158.25,4228.65,1905.4,1.362,4.486,6.98,10.0,90.0
39587.64,20738.14,9019.39,978.31,5.001,1.579,19.05,10.0,72.08
67006.08,6195.77,2794.09,1734.02,3.541,8.125,5.0,10.0,90.0
31613.11,7325.75,7206.77,164.59,8.43,6.18,31.94,10.0,71.57
16827.7,6004.66,3372.47,1908.41,8.823,8.809,5.25,10.0,88.88
21599.17,19361.52,926.74,415.69,4.785,0.725,7.41,10.0,69.78
21524.13,23750.01,5788.56,1960.87,8.896,9.067,9.2,10.0,88.99
23671.24,18204.09,8431.11,392.37,4.56,0.765,25.87,10.0,69.34
22494.45,22155.2,4389.95,916.51,6.455,2.947,13.75,10.0,77.76
67678.73,16328.78,6364.29,651.8,1.709,1.646,20.25,10.0,82.25
26369.21,10303.84,9050.22,894.8,0.621,1.539,20.9,10.0,90.0
41110.06,11218.28,8002.1,538.52,1.685,1.8,23.65,10.0,81.88
90710.96,2807.71,2341.83,1932.37,2.593,4.854,5.0,10.0,90.0
52656.55,1754.97,7467.15,646.16,7.535,7.865,19.6,10.0,83.01
70080.2,17691.41,5267.98,1323.89,1.818,8.993,12.12,10.0,90.0
25508.79,11522.29,7586.68,318.02,1.393,5.712,27.64,10.0,82.96
27306.01,14253.16,5197.9,1657.56,9.283,1.662,9.42,10.0,69.73
13678.18,14383.87,1715.6,1107.89,6.919,0.884,5.0,10.0,68.3
25204.16,7657.02,5914.14,1959.92,4.786,4.992,9.72,10.0,90.0
35073.13,12421.42,5175.27,875.63,1.04,7.677,16.55,10.0,90.0
25930.94,12298.25,5420.26,431.12,8.533,6.24,21.96,10.0,80.65
17983.23,10322.25,8849.57,724.74,1.172,5.87,22.52,10.0,90.0
20857.23,20696.21,9000.95,1487.08,6.149,0.577,16.29,10.0,66.27
51470.09,11827.94,4808.6,1335.26,6.71,4.174,11.01,10.0,78.95
28570.03,15487.47,4829.45,1567.78,4.061,5.549,10.33,10.0,90.0
42784.29,22492.48,5394.28,193.27,9.121,6.023,28.46,10.0,75.66
55307.55,21789.61,5436.1,1181.72,0.602,0.148,13.08,15.59,69.23
72135.53,22370.13,9528.68,1867.73,8.199,2.076,13.78,10.0,71.36
13538.09,7480.12,6669.3,260.41,5.583,9.503,28.03,10.0,81.04
81946.94,1839.58,3135.84,233.95,6.151,5.136,19.53,10.0,82.6
66511.04,7265.6,5549.6,1447.38,9.87,7.066,12.12,10.0,81.89
17358.31,7688.98,6458.62,664.61,5.868,3.151,19.52,10.0,76.15
88622.08,22824.65,6577.83,1334.23,7.991,5.895,14.12,10.0,80.47
92878.52,16581.83,6059.92,1113.5,1.62,3.629,14.64,10.0,90.0
15497.02,2960.9,2188.49,1972.83,8.112,3.04,5.0,10.0,76.95
34918.99,4249.09,819.14,1783.66,7.635,4.173,5.0,10.0,80.46
82558.12,4736.23,3709.51,1372.24,9.684,4.652,6.17,10.0,78.21
77343.37,16130.12,4561.46,560.27,9.364,3.378,17.93,10.0,73.67
26606.89,18649.94,1087.14,560.72,2.218,2.654,5.46,10.0,90.0
28841.44,21631.45,8242.19,1770.38,4.703,6.276,12.82,10.0,90.0
43342.49,23575.28,3768.74,1191.42,9.124,3.869,9.6,10.0,74.64
53607.07,5840.91,9179.51,1589.1,6.444,2.098,15.0,10.0,73.34
65642.93,8434.54,1966.9,927.24,4.691,7.608,6.64,10.0,90.0
43202.23,6767.75,1040.88,250.99,1.178,7.265,11.53,11.43,90.0
51628.12,9610.28,5082.0,698.74,3.582,8.879,16.61,10.0,90.0
77272.38,22951.96,2296.73,364.24,6.686,5.595,15.99,10.0,83.07
13301.49,14802.7,9405.29,1574.57,7.791,2.866,15.4,10.0,73.25
32719.32,18716.61,597.88,1416.0,4.527,8.651,5.0,10.0,90.0
74201.46,12762.86,4419.89,222.41,0.653,2.875,26.22,10.0,86.91
90568.62,1692.59,9304.1,1261.7,6.368,6.59,15.44,10.0,85.66
56050.97,2540.69,4151.97,1754.56,9.224,1.985,5.0,10.0,72.69
57890.21,13910.15,1384.54,1409.86,5.014,6.329,5.0,10.0,90.0
19645.48,18250.94,3377.5,1046.67,9.291,8.424,9.3,10.0,86.83
50267.11,6167.93,5231.1,658.13,3.606,5.445,17.55,10.0,88.21
57935.55,18325.83,2258.94,1779.84,8.875,4.762,5.0,10.0,77.64
31822.35,20455.98,4932.34,874.47,7.885,9.935,14.09,10.0,87.69
34231.89,10885.54,8445.26,1718.02,9.621,0.322,12.7,10.0,66.6
43955.57,18914.06,8789.87,1576.85,7.931,3.384,15.84,10.0,74.8
11806.41,10696.72,967.98,1641.64,3.283,9.194,5.0,10.0,90.0
38987.12,17280.42,2028.58,1980.11,9.016,6.462,5.0,10.0,82.72
29030.32,19335.93,3115.26,1510.08,6.73,5.467,6.26,10.0,82.47
39474.76,24806.24,6151.23,116.38,1.704,6.413,34.46,10.0,73.17
20778.59,9289.52,3929.45,450.6,0.555,3.287,19.05,10.0,90.0
90147.46,10864.98,8518.39,118.63,3.722,0.805,36.72,10.0,68.05
63423.32,4974.88,7308.38,420.33,7.89,2.824,23.36,10.0,71.74
71119.21,5897.75,1454.33,169.81,6.22,3.431,17.79,10.0,74.7
81025.41,17641.48,6433.3,1028.15,5.319,4.851,15.88,10.0,84.32
54859.8,23009.09,1573.62,105.0,0.137,4.0,23.46,18.89,90.0
17822.83,10470.52,2922.84,971.53,4.411,5.258,9.83,10.0,89.47
58339.59,5316.27,2189.77,1802.74,1.661,2.041,5.0,12.14,90.0
62815.7,7842.39,2144.09,1509.72,4.6,1.922,5.0,10.0,76.86
77089.55,11921.24,6355.76,1890.71,9.919,3.582,9.62,10.0,76.13
48849.36,7975.61,5854.25,491.96,8.807,4.79,21.16,10.0,74.46
21482.23,6605.9,2172.27,1085.62,3.175,3.483,5.6,10.0,90.0
35539.83,18663.63,9906.64,671.23,5.976,5.808,23.84,10.0,78.76
42677.41,1188.28,4507.45,1012.95,5.071,3.169,10.23,10.0,80.4
68132.55,13941.53,1422.16,1136.3,1.387,1.854,5.0,10.0,90.0
61370.05,20050.4,1645.41,120.56,9.899,8.642,22.34,10.0,77.31
42048.71,7389.48,6046.99,504.85,4.309,2.086,21.7,10.0,74.88
98786.37,15479.0,9801.16,1424.31,5.106,9.67,15.87,10.0,90.0
64519.73,17053.6,5933.54,1557.21,6.511,9.875,11.5,10.0,90.0
31350.41,16720.59,9515.89,1160.43,1.996,6.998,18.25,10.0,90.0
19160.42,11700.39,4719.26,578.12,2.3,5.07,18.64,10.0,90.0
23757.32,9317.87,4640.49,839.91,2.006,7.975,14.34,10.0,90.0
32136.2,21062.18,5250.07,237.27,3.906,8.745,26.19,10.0,81.43
24461.32,19202.7,7125.54,1908.7,2.077,7.125,11.63,10.0,90.0
26791.03,8710.12,3992.35,1743.92,9.271,1.11,6.4,10.0,66.11
35658.57,3472.46,8706.92,177.92,7.172,0.13,32.93,10.0,65.41
25603.62,2723.38,778.17,374.66,8.989,2.0,5.75,10.0,72.52
90708.89,3262.62,4677.76,1183.13,8.5,1.966,10.24,10.0,71.69
17221.04,14988.86,5354.42,503.24,7.061,1.907,19.72,10.0,71.48
57206.03,2239.89,6266.81,1872.08,2.503,5.147,8.34,10.0,90.0
46935.71,9086.24,3122.68,1523.4,6.192,5.249,6.07,10.0,87.58
98414.08,19076.79,4561.06,582.92,1.944,7.258,17.26,10.0,90.0
20083.5,8064.36,5103.11,61.9,1.412,2.095,38.06,10.0,69.96
45807.0,19319.39,7025.64,1608.92,6.362,1.017,13.17,10.0,69.04
97252.34,18891.21,7848.67,876.97,6.284,6.694,18.6,10.0,84.16
87895.64,6899.85,7509.36,1302.64,1.651,4.892,13.82,10.0,90.0
83536.49,18491.73,3745.04,609.6,3.589,6.697,16.06,10.0,90.0
33211.25,18946.64,9994.78,328.6,0.756,3.869,29.49,10.0,79.41
25379.88,10538.89,8562.32,1366.86,7.186,7.533,16.53,10.0,85.48
70177.89,6050.09,2970.22,928.13,9.876,6.858,8.43,10.0,79.7
93643.84,13510.5,2353.51,508.58,7.425,6.538,12.9,10.0,85.94
60108.66,23113.54,3483.2,318.37,8.457,0.373,21.08,10.0,67.52
61445.14,16350.8,4797.28,1181.94,4.816,8.595,11.69,10.0,90.0
35198.12,5150.14,8582.59,1464.82,1.046,3.828,14.97,10.0,90.0
79254.36,17386.17,7894.44,603.58,7.293,1.443,22.81,10.0,68.62
26833.94,11252.87,8586.84,1483.53,2.64,7.58,14.78,10.0,90.0
39131.13,15196.69,3083.59,407.09,3.944,4.916,17.74,10.0,87.86
48289.28,18617.54,6137.88,709.91,7.061,0.417,19.02,10.0,66.93
55684.93,13358.74,3190.87,1502.52,9.057,7.841,6.44,10.0,86.53
31816.88,20535.62,1535.72,1337.28,4.914,4.407,5.0,10.0,86.93
20335.31,18331.73,6999.88,577.52,9.62,7.574,21.11,10.0,80.93
64955.8,15761.76,1858.48,288.16,5.247,7.58,16.42,10.0,90.0
35976.75,4619.03,6843.13,132.82,1.313,1.089,33.28,12.5,71.72
62311.44,21062.78,6655.66,1683.93,5.232,6.171,12.04,10.0,90.0
23892.64,23461.73,8197.36,196.53,8.62,3.665,32.1,10.0,70.53
53302.61,4287.16,1825.77,273.95,5.427,5.509,15.18,10.0,85.32
57933.05,12717.79,7943.06,513.54,7.503,0.977,23.53,10.0,65.84
14664.12,7213.33,9993.13,919.06,5.525,5.923,20.91,10.0,83.94
40294.39,19108.56,8584.9,1590.08,5.506,7.798,15.36,10.0,90.0
22097.32,18319.11,7642.21,532.59,2.919,9.869,23.14,10.0,90.0
15703.75,4381.24,6790.57,1109.84,2.092,3.271,15.26,10.0,90.0
99096.42,22048.65,4506.92,226.23,2.861,1.636,25.12,10.0,73.34
39011.85,5343.35,7439.75,955.8,4.464,3.722,18.11,10.0,81.79
82888.7,20134.22,7379.69,396.4,8.115,0.291,25.35,10.0,66.4
32917.66,11967.53,6499.23,461.82,8.307,4.147,22.76,10.0,75.64
71335.25,8878.54,8064.64,765.32,1.717,9.154,20.13,10.0,90.0
78420.51,4797.74,4763.26,1534.63,5.573,2.024,8.21,10.0,74.64
63607.49,5022.74,1651.9,1500.77,4.219,4.829,5.0,10.0,90.0
52441.86,16885.37,5811.14,859.2,5.752,5.769,16.17,10.0,85.78
47065.68,14210.33,3017.91,281.41,6.511,1.881,19.84,10.0,70.1
41398.14,3930.05,4152.11,597.35,2.868,3.368,15.66,10.0,85.39
93657.62,3704.75,665.44,1035.44,9.2,9.122,5.0,10.0,88.29
84755.75,2735.45,4136.51,1745.35,9.361,3.028,6.02,10.0,72.27
96852.42,18850.42,8183.61,1938.1,1.143,6.39,12.08,10.0,90.0
21186.75,18085.17,5655.86,1293.07,7.06,1.456,12.9,10.0,70.12
75778.07,2402.34,593.11,733.84,0.429,6.732,5.0,32.17,90.0
94450.64,14446.48,4963.52,1402.23,0.561,2.864,10.92,10.0,90.0
26310.98,3032.23,3268.79,705.65,9.582,2.39,13.89,10.0,73.86
15984.66,22689.9,5036.73,1269.67,6.979,1.329,11.97,10.0,70.81
76700.86,22770.82,4344.58,525.34,3.313,0.564,18.16,10.0,69.56
61702.58,17757.59,9353.8,570.63,6.732,9.682,23.99,10.0,84.14
85764.59,23228.53,891.18,196.69,8.474,4.198,14.0,10.0,75.62
22579.51,20474.87,6994.09,869.28,8.722,7.798,18.68,10.0,81.78
81574.06,20884.93,8584.75,1255.44,0.303,9.209,15.84,10.0,90.0
28146.46,14672.99,9612.77,1588.15,8.2,2.12,16.63,10.0,71.02
24729.03,8345.42,2187.54,1630.18,8.547,8.712,5.0,10.0,89.43
24783.92,6227.18,5547.4,1985.27,5.996,7.109,8.86,10.0,88.88
83311.72,8852.8,914.1,221.12,4.851,5.822,12.1,10.0,88.83
69867.75,16083.89,5242.24,1011.62,1.199,8.11,13.67,10.0,90.0
57075.89,5143.76,1691.85,1066.68,2.472,1.196,5.0,11.79,76.62
42294.74,7207.37,8460.02,1618.84,4.956,2.71,14.0,10.0,80.15
88948.05,12233.46,1581.77,569.4,8.664,1.397,8.4,10.0,71.76
45320.06,6593.2,5376.24,185.28,8.051,8.97,29.46,10.0,77.38
83493.95,15127.45,5450.41,661.83,5.01,1.078,17.99,10.0,70.18
49522.14,23156.22,9730.68,1968.66,7.878,9.802,13.86,10.0,88.53
43925.0,18954.14,6722.32,1803.91,7.681,1.188,11.51,10.0,67.82
51641.18,16994.24,3234.48,820.73,5.832,6.652,12.29,10.0,89.3
37124.01,14985.32,2787.59,1758.73,2.281,6.639,5.0,10.0,90.0
77284.84,12710.75,1718.36,113.87,3.545,9.319,23.36,10.0,88.92
55244.84,5477.53,7686.89,662.7,1.724,3.299,20.53,10.0,88.59
30899.14,22473.05,7062.19,1467.28,0.171,3.387,14.55,10.0,90.0
90961.71,6964.86,6293.83,481.83,0.897,8.478,19.67,10.0,90.0
44550.21,3191.41,887.98,436.86,7.62,9.788,5.0,10.0,90.0
58919.76,19000.36,7746.87,1730.52,0.432,0.398,12.85,17.63,84.32
91582.49,5214.77,6597.93,1251.11,4.059,6.39,12.72,10.0,90.0
66181.42,9925.5,9656.94,1978.59,9.859,2.512,13.53,10.0,71.39
20520.82,1678.84,6078.42,312.61,7.973,7.307,25.39,10.0,77.26
94584.89,4289.63,3387.54,744.45,7.531,7.75,11.36,10.0,85.68
66493.72,5156.89,4124.45,656.87,2.82,7.649,13.97,10.0,90.0
40141.51,2305.84,2170.49,1766.26,6.453,4.412,5.0,10.0,83.12
22534.49,16759.77,7367.68,547.83,5.037,1.662,22.42,10.0,71.31
81462.27,21088.19,7223.36,739.25,6.276,5.889,19.98,10.0,82.38
65806.55,9959.57,2406.18,328.53,4.415,7.911,17.7,10.0,88.1
58011.5,21989.84,2005.65,1562.03,5.357,9.131,5.0,10.0,90.0
90450.33,6120.32,1231.55,513.52,9.885,4.581,5.0,10.0,76.75
80973.75,8809.37,9163.77,183.22,3.36,2.532,33.74,10.0,73.24
23650.74,4617.69,2714.16,898.46,2.243,1.276,9.45,12.95,78.68
38054.99,15893.42,3769.55,813.34,4.54,7.996,13.31,10.0,90.0
32364.02,11076.87,3164.79,396.34,5.291,5.399,17.4,10.0,85.98
76955.17,15718.8,4429.43,310.52,0.948,6.774,23.51,10.0,90.0
13017.92,19280.2,7283.46,1798.29,8.079,1.676,11.71,10.0,70.51
61290.07,14096.87,8770.66,182.3,4.278,0.165,33.65,10.0,67.16
78621.28,16063.13,2234.69,243.66,4.191,9.679,19.22,10.0,89.7
88908.91,23446.01,7020.92,527.84,6.623,8.128,22.63,10.0,83.75
40787.36,8177.54,3849.34,1908.04,7.755,4.06,5.55,10.0,77.01
83913.16,9619.93,9815.01,216.5,9.861,4.626,32.25,10.0,69.7
19956.86,18224.88,3339.73,1641.23,1.818,9.298,6.55,10.0,90.0
86180.71,15671.33,568.33,1789.5,3.521,2.156,5.0,10.0,82.91
21473.98,5284.79,5398.58,786.84,1.766,8.048,16.76,10.0,90.0
45755.86,10027.54,1931.95,623.09,8.82,0.278,10.24,10.0,67.62
81756.58,12228.11,922.7,1370.89,5.53,8.77,5.0,10.0,90.0
23492.57,11065.36,7133.56,1420.14,8.539,5.934,13.76,10.0,81.98
30632.63,5278.6,7456.46,1570.96,9.854,4.828,13.58,10.0,78.42
75002.73,23186.32,4876.64,1669.61,5.547,7.094,9.43,10.0,90.0
74803.29,19295.65,6930.41,573.37,1.27,0.77,21.76,10.0,75.88
67703.29,12552.54,5613.27,1389.58,3.677,2.036,11.5,10.0,79.04
72455.36,17321.46,6483.11,313.07,0.458,4.129,25.69,10.0,85.77
58845.2,22534.78,6168.69,1045.93,8.508,6.217,15.77,10.0,81.09
32661.92,4268.18,6825.32,1245.13,0.277,1.531,14.38,13.34,90.0
41112.64,7008.95,2396.49,365.38,5.963,3.857,15.15,10.0,78.58
26343.79,14024.83,3052.71,199.19,1.151,2.683,22.96,10.0,84.81
91760.55,20176.25,4679.65,429.76,0.175,6.491,19.93,10.0,90.0
62505.26,1870.12,4738.22,870.15,2.636,9.201,13.25,10.0,90.0
46076.63,24616.44,7856.91,1781.29,5.563,1.743,12.8,10.0,71.67
51580.52,11917.76,3990.24,1087.23,0.843,1.974,11.17,10.0,90.0
95255.5,9621.55,2043.8,1509.56,6.187,6.045,5.0,10.0,85.09
23801.63,8025.39,2888.93,389.58,6.753,4.59,16.78,10.0,81.32
62760.68,5184.56,2539.97,256.66,9.7,7.209,19.3,10.0,82.19
55529.98,19997.77,7450.77,517.25,9.005,2.95,23.41,10.0,70.56
65030.88,23929.94,4968.23,662.07,5.711,5.494,17.06,10.0,83.51
11629.92,10927.47,7231.99,1118.8,7.954,3.93,16.87,10.0,76.6
88491.15,23858.1,4454.09,1768.42,3.7,2.885,8.27,10.0,84.48
93890.65,20771.14,8952.49,880.88,5.899,7.32,19.56,10.0,86.62
60861.99,12545.23,9843.44,1061.66,4.093,7.979,19.03,10.0,90.0
72698.57,17176.63,6863.5,59.0,3.437,3.357,40.99,10.0,69.98
93024.94,11439.62,8706.22,114.96,7.304,6.267,37.38,10.0,74.28
73651.48,14409.36,5325.37,213.35,3.037,1.868,27.05,10.0,71.88
23728.51,2393.11,9378.9,1413.04,3.867,7.931,15.54,10.0,90.0
61865.95,17710.32,8400.07,998.07,3.735,2.884,18.79,10.0,82.46
64604.35,2267.79,9921.9,426.27,8.717,1.792,24.54,10.0,68.07
48171.76,20610.04,6419.39,1205.57,1.787,9.406,14.35,10.0,90.0
76279.98,20798.73,7902.46,1111.99,3.877,4.283,16.3,10.0,86.78
94093.03,6689.85,5657.25,223.16,8.89,6.471,26.53,10.0,73.15
93301.17,8767.91,2961.64,1298.8,0.252,8.111,6.67,10.0,90.0
50575.54,12551.45,3870.17,1545.95,9.484,6.893,7.1,10.0,83.32
20191.42,15319.91,8993.05,608.78,8.999,5.69,22.82,10.0,75.34
98635.71,7896.49,1031.51,1390.6,4.237,3.779,5.0,10.0,87.37
85500.83,15219.67,6119.06,439.45,6.565,9.193,21.52,10.0,83.12
21219.64,8146.89,4038.6,1525.62,9.912,1.422,7.82,10.0,67.74
92875.77,2331.78,4173.58,1827.96,5.594,8.851,5.0,10.0,90.0
88290.67,1060.66,8903.43,911.64,1.059,7.128,18.43,10.0,90.0
56695.43,3427.63,8611.31,527.01,8.551,5.757,21.97,10.0,76.41
63214.79,20014.02,6189.0,828.39,1.428,3.315,17.69,10.0,90.0
45910.24,24074.35,3092.73,537.65,2.647,1.546,14.89,10.0,78.44
14928.55,11247.19,5016.84,52.42,8.748,4.487,39.94,10.0,68.63
40167.75,13304.41,4378.79,1318.39,2.635,7.859,9.55,10.0,90.0
82256.81,4524.36,3859.37,132.93,7.476,7.479,26.89,10.0,76.03
10416.88,14224.75,1476.46,460.26,4.532,6.49,10.03,10.0,90.0
40014.93,4471.72,5659.58,1458.78,7.622,9.926,11.43,10.0,90.0
45835.18,15669.14,3367.4,1348.16,2.4,9.729,8.02,10.0,90.0
58365.6,23398.21,6777.68,192.99,4.254,4.06,30.92,10.0,71.6
92787.01,5696.76,3532.44,1337.11,3.25,2.006,6.68,10.0,79.45
41171.14,19349.53,4596.05,1864.62,2.566,4.692,7.76,10.0,90.0
41225.79,1564.06,997.42,195.28,3.213,8.461,12.24,12.58,90.0
76375.11,10011.93,9929.11,860.59,3.298,4.64,20.41,10.0,82.95
50699.61,3657.96,5322.3,1472.4,9.558,3.426,8.47,10.0,73.76
30214.43,9459.41,730.26,1352.06,5.379,7.438,5.0,10.0,90.0
50719.56,5164.89,5641.69,491.7,4.674,6.536,19.82,10.0,84.38
22677.13,9959.32,8768.36,367.98,5.083,9.69,27.58,10.0,79.88
25874.83,11020.55,7839.25,1579.28,9.962,5.538,14.31,10.0,77.1
54853.1,8214.19,7158.61,1914.68,6.571,9.678,10.72,10.0,90.0
47703.29,16758.93,1824.91,1546.79,7.065,2.98,5.0,10.0,73.91
92336.13,23052.45,6748.5,1928.25,3.205,8.662,10.97,10.0,90.0
42615.45,10614.29,7779.83,1229.74,4.768,3.574,15.61,10.0,81.68
62252.95,5616.24,5937.98,1861.74,1.922,8.116,9.16,10.0,90.0
66903.79,7497.35,8981.12,1396.35,6.883,9.267,16.29,10.0,88.51
11178.5,21496.02,3131.4,1822.33,3.51,6.27,5.0,10.0,90.0
69718.36,14719.35,2800.37,365.1,7.508,7.313,18.09,10.0,84.75
26023.24,11920.26,8760.91,1640.35,2.21,9.591,14.93,10.0,90.0
96496.33,4591.28,6441.28,433.65,4.095,3.814,21.13,10.0,80.93
23379.65,11793.46,513.75,103.49,4.765,5.165,13.8,10.0,85.46
47316.17,7683.81,3854.75,1059.29,1.749,8.993,11.8,10.0,90.0
17681.47,23635.92,8649.63,670.59,0.789,6.761,21.52,10.0,90.0
99718.68,22217.68,759.54,134.89,3.239,8.749,14.77,10.0,90.0
55197.55,3013.66,530.86,1961.59,5.494,6.221,5.0,10.0,90.0
63584.65,13399.68,3171.96,1349.61,6.562,7.423,7.37,10.0,90.0
16036.88,6401.4,9183.0,1808.53,4.31,0.229,14.06,10.0,68.8
77496.44,10858.65,9064.04,1998.21,5.053,3.463,13.76,10.0,80.99
28891.5,22044.35,5428.24,814.34,5.478,7.727,15.87,10.0,88.98
90824.89,13660.35,5755.75,546.74,5.168,4.1,19.66,10.0,81.49
28462.57,9021.17,3654.08,408.57,0.994,3.692,17.67,10.0,90.0
27161.89,5989.32,2815.5,1054.61,4.11,9.52,7.84,10.0,90.0
13289.47,20207.8,8244.61,1231.86,2.123,5.57,16.15,10.0,90.0
52486.03,15988.43,1509.8,971.22,5.384,2.006,5.0,10.0,74.12
60835.7,12233.57,5129.87,805.14,7.605,4.775,16.39,10.0,78.28
15913.78,6219.62,6526.77,378.13,5.837,5.235,24.18,10.0,78.43
79797.49,9021.91,1484.96,911.63,2.296,9.888,5.0,10.0,90.0
50796.0,24036.24,5436.27,216.22,2.157,7.21,28.63,10.0,81.94
57195.12,13482.16,5986.45,1736.84,0.466,5.242,10.51,10.0,90.0
49668.65,10616.78,7553.71,141.46,4.321,4.377,34.65,10.0,71.71
46068.68,13514.13,2730.94,792.26,4.385,9.163,11.2,10.0,90.0
60367.63,19695.72,3286.61,245.27,2.441,6.495,21.98,10.0,90.0
23971.62,9162.61,5910.45,1561.21,7.666,3.625,10.91,10.0,78.15
26373.53,5288.95,9839.7,659.84,3.926,4.7,24.11,10.0,80.71
87560.71,15038.47,2566.19,270.56,6.727,2.853,19.62,10.0,73.19
95150.39,16964.9,9866.09,1086.41,6.437,9.608,18.3,10.0,87.94
43597.84,18105.23,7286.25,1836.74,6.087,7.049,11.36,10.0,89.87
34367.02,22167.7,8347.78,1821.86,9.09,3.984,13.06,10.0,75.78
67959.96,9908.18,1351.59,536.82,0.257,1.914,8.45,33.65,90.0
46786.08,2808.52,3353.99,1453.34,0.774,1.852,5.75,18.82,90.0
12284.77,24000.37,1048.49,109.05,7.249,4.83,20.16,10.0,77.88
24053.73,11440.29,4029.7,307.11,3.6,4.729,22.07,10.0,86.24
74437.5,15958.18,9822.25,1023.97,9.867,4.236,19.48,10.0,73.29
69303.15,16991.33,1500.09,496.08,2.242,8.533,9.08,10.0,90.0
12438.64,14116.33,5842.54,1606.61,1.916,9.794,10.97,10.0,90.0
29977.49,5926.18,557.67,1865.59,5.923,3.613,5.0,10.0,80.28
30796.73,19123.43,7270.49,58.45,2.866,3.017,41.4,10.0,69.55
70470.35,20290.05,2373.33,504.19,3.471,7.724,12.98,10.0,90.0
11773.95,14271.41,1731.05,907.13,9.218,4.553,5.5,10.0,78.48
19369.77,12725.47,3701.67,1148.0,0.36,2.254,10.32,14.35,90.0
81992.45,3734.52,7824.92,1836.01,5.359,1.891,11.42,10.0,73.15
26069.02,3014.84,1512.82,1789.17,3.416,2.878,5.0,12.16,87.59
68747.15,9149.56,2683.47,1292.48,3.525,0.113,6.33,10.0,64.74
31436.45,8460.31,580.41,551.91,2.553,9.42,5.0,10.0,90.0
18949.73,23887.75,9699.94,1577.41,1.435,4.359,16.22,10.0,90.0
31885.5,19806.95,6125.38,445.17,0.441,0.92,22.09,15.07,87.72
75004.02,16838.18,7339.05,1932.09,9.878,1.733,11.18,10.0,69.35
87012.68,13423.55,6688.14,61.39,6.638,3.301,40.83,10.0,69.7
84719.79,5016.82,1871.46,1161.05,7.794,5.562,5.0,10.0,83.14
45746.52,24482.96,6151.93,222.37,0.744,7.067,29.07,10.0,84.41
70127.66,10000.98,1748.45,844.82,0.247,3.148,6.74,20.23,90.0
28448.59,3566.21,4311.75,1288.12,6.043,9.58,9.28,10.0,90.0
36383.3,12851.17,5905.15,1394.72,7.266,7.627,11.82,10.0,87.75
90670.22,21975.95,5809.37,1581.86,4.009,8.275,11.44,10.0,90.0
11170.17,22294.98,1631.2,1206.99,3.939,3.304,5.0,10.0,85.38
17695.77,1263.18,827.14,540.07,3.906,3.872,5.0,20.15,86.9
28709.76,22271.1,8083.23,1784.04,1.612,5.427,14.43,10.0,90.0
12387.9,7515.62,7396.26,1631.66,7.564,4.572,12.61,10.0,78.15
26329.19,1935.34,1277.28,362.1,2.23,2.673,9.45,21.71,90.0
62473.74,21346.97,1710.45,1661.7,3.312,9.973,5.0,10.0,90.0
47928.21,21732.8,8979.55,1946.66,6.745,8.499,13.52,10.0,90.0
90340.45,15309.55,7806.72,1292.58,0.101,2.456,15.59,10.0,90.0
83569.92,14786.41,9963.52,599.52,7.686,8.935,23.95,10.0,80.08
40763.56,20514.89,2912.88,1232.86,9.001,5.91,7.59,10.0,80.77
33348.11,19871.43,5134.13,717.94,0.611,0.224,17.07,18.78,72.81
44172.32,22362.53,2746.37,1368.1,5.957,3.527,6.05,10.0,80.26
63126.54,14265.94,6416.6,1112.36,4.144,0.355,15.64,10.0,68.55
34125.73,24223.53,1596.44,1862.51,0.877,0.969,5.0,11.76,90.0
66173.4,24907.52,1708.81,1254.92,6.854,1.872,5.0,10.0,69.07
46847.05,3797.07,1182.93,467.26,6.162,4.896,7.65,10.0,86.91
59684.25,21389.05,7089.07,1463.96,6.462,3.875,13.93,10.0,77.65
49251.39,12995.73,5193.69,636.71,8.154,1.575,17.74,10.0,69.78
36501.92,10301.59,6368.45,581.16,2.94,4.006,20.5,10.0,87.03
95360.8,15713.74,8853.36,813.96,6.803,3.113,20.95,10.0,75.07
78724.52,2343.17,7533.12,73.39,7.459,4.161,38.24,10.0,70.29
22610.19,13155.07,4886.37,1939.82,1.771,1.806,7.94,10.0,89.63
88162.12,21901.37,9851.38,1088.05,9.575,6.136,18.66,10.0,78.62
53868.81,6123.08,4834.43,1558.31,3.466,0.541,9.03,10.0,70.01
90509.7,11233.36,1568.28,552.81,7.166,3.94,8.22,10.0,77.04
81986.97,23547.54,9930.22,1505.91,7.565,8.959,16.01,10.0,86.56
48269.22,11285.53,716.8,1155.98,5.09,4.255,5.0,10.0,85.48
12022.24,9600.82,5723.89,877.08,1.374,4.467,16.42,10.0,90.0
34180.96,11572.88,3436.41,1942.8,2.829,0.773,5.0,10.0,70.55
58747.08,13466.87,5283.75,1013.0,2.419,6.093,14.58,10.0,90.0
67013.04,16167.79,5807.77,1332.04,5.235,9.37,12.2,10.0,90.0
33209.89,20216.63,2780.91,79.92,2.687,2.987,31.16,10.0,75.46
22542.05,11850.45,5790.16,637.84,5.513,3.993,18.66,10.0,78.65
85143.72,20619.54,7682.58,1782.95,2.953,5.923,13.56,10.0,90.0
98596.2,13809.3,3031.84,1529.97,0.11,1.023,5.98,36.09,90.0
57312.12,9123.53,4142.55,1096.67,3.696,9.508,11.73,10.0,90.0
25451.14,16790.82,3048.31,1805.31,6.108,4.729,5.0,10.0,84.14
34507.66,18225.33,8295.32,998.13,7.76,1.239,18.63,10.0,70.48
11655.16,14393.18,7387.33,1154.69,0.381,3.419,15.46,10.0,90.0
92286.89,2358.76,8776.37,795.2,2.657,3.801,18.36,10.0,86.66
20597.6,5077.19,2115.47,1259.08,9.856,3.519,5.0,10.0,72.44
61886.48,7847.15,1199.01,672.05,2.692,6.963,5.45,10.0,90.0
34664.97,7783.01,1634.14,801.71,7.794,3.521,6.54,10.0,76.12
59876.02,17162.1,2029.67,1934.34,5.143,3.306,5.0,10.0,79.7
68627.83,1440.37,5564.29,267.05,1.31,3.289,23.88,10.0,84.62
84676.76,19136.36,9723.66,255.25,6.47,7.801,31.43,10.0,74.63
28577.91,7368.22,3893.74,134.47,9.667,3.153,29.74,10.0,70.18
10989.62,8440.52,9605.83,674.09,8.88,0.239,23.15,10.0,66.43
22319.71,13669.84,862.91,826.55,6.934,3.719,5.0,10.0,77.59
91001.68,6182.21,9305.29,234.31,5.17,2.855,29.39,10.0,72.98
88650.11,22227.31,2220.95,1120.81,3.261,9.099,6.17,10.0,90.0
63767.18,3048.85,9168.51,1187.44,3.634,4.831,15.85,10.0,86.67
64046.52,11665.18,1034.16,1514.5,3.527,2.422,5.0,10.0,83.22
69853.3,21386.13,9508.08,1953.14,9.229,9.818,14.2,10.0,86.43
25783.42,15780.25,2407.58,1257.74,2.192,2.543,5.41,10.0,89.1
92297.08,8015.91,3375.78,267.72,3.842,7.654,21.53,10.0,89.89
47689.35,11098.24,5163.95,222.62,4.376,6.531,27.99,10.0,79.18
44482.47,17960.67,4116.85,1566.22,4.148,4.676,8.42,10.0,88.71
56702.59,24358.26,6841.52,1318.15,0.142,4.118,13.78,10.0,90.0
14226.94,22435.33,9760.67,365.73,2.783,8.737,28.28,10.0,81.03
24965.5,9218.39,6261.05,544.05,5.036,4.803,20.68,10.0,79.09
76423.03,24956.75,7354.11,1512.97,7.629,3.816,12.51,10.0,76.42
17451.88,1084.11,1336.05,1154.0,5.738,3.607,5.0,15.24,82.82
64283.69,1663.11,6464.22,1190.75,3.91,2.831,13.0,10.0,82.44
32081.42,20772.17,4811.57,459.52,6.685,4.149,20.35,10.0,77.85
45036.61,5787.1,8914.93,1276.66,6.692,1.287,17.23,10.0,72.57
35982.44,2458.46,4188.01,1552.73,2.554,0.745,6.68,18.06,72.32
42010.54,6691.55,6954.81,1776.24,1.127,5.461,12.06,10.0,90.0
74714.13,11226.4,2667.46,1486.6,8.052,4.597,5.0,10.0,80.51
36740.95,18533.59,2964.04,1173.93,5.345,1.817,7.76,10.0,73.35
60976.42,15984.05,4073.16,1362.86,1.848,1.157,9.25,10.0,80.43
52844.54,6702.91,3388.6,995.97,2.695,1.518,9.88,10.0,79.0
69730.4,13078.49,2911.85,492.45,7.688,3.221,16.01,10.0,74.01
94314.68,23229.14,971.85,1770.3,6.567,4.57,5.0,10.0,85.72
75931.49,20560.19,8449.09,1088.61,9.457,2.014,17.62,10.0,68.09
29344.63,8756.55,1110.86,1208.92,4.703,7.581,5.0,10.0,90.0
12806.48,24574.35,8929.97,1980.71,0.617,2.014,13.43,10.0,90.0
33603.76,18006.89,1691.92,1970.78,7.034,1.329,5.0,10.0,70.38
63557.01,2498.78,1119.99,1193.31,2.624,9.946,5.0,10.0,90.0
14628.32,1843.86,5848.55,116.22,3.306,4.532,34.24,10.0,74.54
54672.96,5041.79,5273.2,822.49,2.047,1.783,15.19,10.0,84.49
63715.86,18468.54,5166.73,1877.72,3.158,8.956,8.26,10.0,90.0
40081.95,5409.73,5957.79,612.2,8.312,2.388,19.96,10.0,72.66
79382.1,13275.68,3227.04,1998.57,5.809,9.263,5.0,10.0,90.0
19593.84,3238.24,6798.02,214.42,1.181,1.278,29.62,13.06,74.52
16762.4,23101.27,5272.82,1157.82,5.907,8.434,13.29,10.0,89.05
75536.99,9255.05,3680.06,1055.13,6.372,1.924,10.71,10.0,73.1
54594.22,22795.17,8351.76,547.94,8.86,9.39,23.55,10.0,79.91
71956.22,23677.02,7413.35,1899.78,8.61,5.785,11.8,10.0,81.64
49134.46,1147.09,4239.3,1257.38,0.722,1.98,7.47,17.25,90.0
32176.18,12139.24,8552.37,498.95,8.68,8.464,24.54,10.0,78.18
83719.21,1591.75,9242.45,798.89,0.604,3.967,18.94,10.0,90.0
81947.43,22808.63,5600.23,1456.4,1.626,7.355,11.18,10.0,90.0
72522.68,13441.78,2542.05,630.51,1.204,6.47,11.58,10.0,90.0
34493.06,2798.66,9200.03,1765.23,1.899,7.172,13.03,10.0,90.0
63120.76,3646.64,2300.06,373.06,8.052,3.503,13.64,10.0,75.87
42487.65,10204.22,960.02,565.78,6.893,9.394,5.0,10.0,90.0
18242.39,23565.62,3611.13,332.55,6.901,5.642,20.31,10.0,81.26
92558.22,17629.82,7406.18,253.15,9.229,0.868,29.4,10.0,67.38
22313.68,21822.85,9271.1,635.62,3.979,0.761,23.6,10.0,67.83
95521.36,9794.96,6554.21,1998.4,0.133,7.408,10.15,10.0,90.0
50140.52,2037.13,9542.47,233.94,6.434,8.515,30.67,10.0,76.81
26661.96,24383.62,1377.52,465.35,8.694,6.983,9.1,10.0,82.99
58771.09,1412.15,1077.16,579.65,9.765,2.847,5.0,10.0,73.25
88565.13,23743.64,6239.82,1257.3,3.703,2.336,13.92,10.0,79.45
75900.24,9848.26,9678.11,1503.42,8.239,5.698,15.63,10.0,79.75
82590.5,1242.17,5275.85,1516.27,8.507,2.048,8.24,10.0,72.84
69290.5,17539.77,989.39,66.84,1.53,3.853,23.03,10.0,88.07
72304.89,24532.97,2601.58,1321.11,6.352,6.324,6.61,10.0,89.58
86427.61,24175.02,2825.53,1279.94,1.814,2.921,6.39,10.0,90.0
32470.12,4862.49,3709.64,1059.43,4.522,3.817,10.23,10.0,84.57
54048.25,5349.95,914.23,789.46,8.805,3.669,5.0,10.0,76.03
29908.85,14572.93,9096.48,1605.02,7.916,4.659,15.28,10.0,79.2
98890.12,16295.32,5397.86,720.57,5.746,6.776,17.44,10.0,86.33
94965.34,18746.03,6873.84,498.52,8.106,7.845,22.97,10.0,81.2
13548.41,5345.21,1138.14,654.69,1.613,6.684,5.99,11.51,90.0
73501.77,24016.17,1014.1,907.31,2.03,0.359,5.0,10.0,70.52
93272.35,16329.74,6071.44,467.41,2.168,8.979,22.52,10.0,90.0
26251.78,21329.13,8929.31,1234.76,7.783,5.854,18.57,10.0,77.47
61115.07,13961.58,5520.58,1774.21,8.921,9.21,9.96,10.0,86.41
92393.95,10942.64,8839.28,1211.15,5.672,9.642,16.68,10.0,90.0
13055.14,24452.39,8204.42,921.0,9.584,4.732,18.81,10.0,74.25
72767.82,14970.91,1220.61,1603.89,7.307,9.172,5.0,10.0,90.0
36761.41,21804.97,2418.6,1508.68,5.68,3.717,5.0,10.0,80.33
93195.66,23879.02,6748.25,765.76,6.155,2.678,17.8,10.0,73.11
97395.24,17208.51,4713.26,1228.1,8.51,0.829,11.07,10.0,68.83
94983.98,14174.53,3261.65,1473.19,0.993,4.573,7.05,10.0,90.0
52679.28,1084.26,4477.02,528.65,1.763,6.918,16.85,10.0,90.0
87583.84,1960.47,4729.4,764.23,2.736,9.771,13.74,10.0,90.0
86009.45,5820.43,9150.25,256.26,8.958,5.261,29.58,10.0,70.54
38719.04,5464.2,1482.85,1975.98,9.455,7.371,5.0,10.0,82.8
84602.39,7114.21,3157.44,217.46,3.626,8.972,22.48,10.0,87.54
13330.69,8318.43,5606.87,378.78,9.246,5.478,23.34,10.0,75.79
63664.29,9641.57,7133.73,985.67,5.514,1.751,17.39,10.0,72.06
30700.8,11092.9,6491.05,1737.28,4.785,8.497,11.74,10.0,90.0
20851.02,3372.79,9445.61,743.97,8.344,5.784,21.71,10.0,75.81
16925.79,2016.69,8058.28,1548.76,5.506,7.609,14.35,10.0,89.88
72665.99,17174.67,5792.23,1368.27,4.599,6.619,12.07,10.0,90.0
40588.75,13896.04,2539.49,1295.39,0.258,0.704,5.87,36.42,90.0
75229.01,11659.46,4783.31,1697.78,0.228,1.774,8.95,14.45,90.0
15882.07,16226.56,7087.13,77.63,6.313,2.934,39.0,10.0,66.38
38376.13,20864.31,8460.64,1861.85,0.827,2.919,13.15,10.0,90.0
58554.22,11264.63,9617.49,1666.99,7.396,8.408,15.35,10.0,86.29
81165.08,16386.87,6251.8,1878.84,6.261,6.023,9.73,10.0,86.42
38687.73,23885.73,5505.73,1597.5,4.632,0.925,10.78,10.0,72.71
66330.22,21150.99,668.07,1763.25,7.127,3.933,5.0,10.0,78.39
89738.0,11224.02,1184.94,446.0,9.931,5.608,7.72,10.0,78.2
65427.69,16473.2,1983.0,672.5,2.539,2.59,9.78,10.0,89.19
30966.35,5249.7,1020.22,664.68,5.615,0.494,5.0,10.0,68.22
12196.07,14452.53,4308.2,262.88,8.444,3.865,24.84,10.0,75.18
88308.9,24551.88,3700.35,1472.68,0.267,4.666,7.52,10.0,90.0
11914.25,13439.56,6554.86,315.53,2.115,9.057,26.31,10.0,85.19
88723.15,23263.32,5588.82,152.39,5.257,9.093,32.27,10.0,76.3
57604.34,10776.04,6161.72,1562.12,5.567,5.054,11.65,10.0,85.78
94516.09,24972.28,4983.78,1814.09,0.955,4.768,8.97,10.0,90.0
81890.49,14901.28,3138.5,1540.04,4.134,6.441,6.29,10.0,90.0
99814.07,2014.46,9551.84,1659.44,5.246,2.655,12.18,10.0,75.21
41564.06,15082.12,1320.89,1211.46,4.287,2.929,5.0,10.0,82.7
79046.95,7589.74,9419.46,1781.11,7.036,0.125,13.23,10.0,66.14
46173.78,1779.55,3456.76,1018.57,7.737,0.874,8.92,10.0,68.44
53188.81,20700.48,5370.28,1977.23,4.657,1.867,8.65,10.0,74.93
66475.49,7617.51,1534.0,251.66,4.314,6.442,14.73,10.0,90.0
88630.94,20117.17,1173.85,1627.9,7.083,2.205,5.0,10.0,72.15
98567.51,7917.22,4580.68,1300.71,5.597,1.328,9.8,10.0,72.04
79144.61,5663.83,7546.13,1182.26,8.717,6.201,15.36,10.0,79.78
47599.01,24374.45,3058.97,1465.33,4.863,6.552,7.14,10.0,90.0
47922.13,9679.49,5842.3,1688.57,5.786,0.691,10.79,10.0,66.35
76382.41,15433.03,3147.18,1732.62,1.375,7.752,5.27,10.0,90.0
31489.94,15639.56,4191.82,391.99,8.376,6.101,20.81,10.0,80.77
19942.67,14451.36,9111.24,434.22,4.281,4.031,26.12,10.0,77.13
41915.99,22952.7,8630.48,81.52,7.219,9.834,40.09,10.0,71.5
35851.51,17186.59,5402.17,307.09,4.352,0.201,25.26,10.0,65.83
36667.73,10689.59,2762.0,564.57,0.11,5.494,13.38,10.0,90.0
31024.7,21697.13,2335.25,1456.02,4.064,1.681,5.0,10.0,76.93
13788.39,5345.51,9563.83,977.75,1.56,3.36,19.05,10.0,90.0
11608.65,14061.68,2425.81,1527.91,4.046,1.419,5.0,10.0,72.44
98895.02,23813.21,8177.6,998.74,3.281,6.715,18.83,10.0,90.0
48499.58,16009.54,4005.22,1133.42,2.105,4.076,10.72,10.0,90.0
44589.4,20607.24,9863.77,266.58,1.325,9.864,31.23,10.0,79.47
71168.26,16685.46,3997.48,1564.29,7.313,6.573,8.33,10.0,86.07
29642.85,21144.9,3839.41,1528.35,7.573,9.182,8.53,10.0,89.12
95496.51,23667.71,6555.9,649.75,2.723,2.484,20.25,10.0,81.56
80771.05,7550.12,9634.41,690.73,5.002,3.256,22.37,10.0,76.63
18046.99,5071.87,9773.99,478.38,4.694,3.691,26.49,10.0,77.66
47582.27,12615.78,7218.46,1636.99,3.617,8.401,12.97,10.0,90.0
89120.65,17844.7,7668.76,1506.66,2.849,2.196,14.5,10.0,81.98
95025.88,6452.59,5852.32,1237.84,1.942,9.473,12.91,10.0,90.0
52066.14,1098.43,7679.87,515.7,8.742,0.531,21.7,11.87,69.22
65207.03,9230.44,8667.91,385.11,8.35,8.91,26.33,10.0,76.96
25033.06,24252.62,5117.91,148.02,4.23,4.569,31.25,10.0,73.62
99205.18,17679.22,6388.69,138.94,7.24,5.306,32.98,10.0,72.62
30850.45,10631.81,5604.51,414.92,5.033,9.974,22.69,10.0,84.6
94845.86,5621.83,5843.47,246.04,0.945,8.713,25.69,10.0,85.0
68468.2,9546.15,8955.46,1134.41,8.242,9.05,17.37,10.0,86.26
64696.31,5076.15,3878.36,748.28,2.271,5.897,12.89,10.0,90.0
56141.97,3551.34,2477.75,917.64,7.097,9.568,5.47,10.0,90.0
30760.28,22761.82,4834.66,1208.43,5.321,6.909,11.94,10.0,88.48
25887.52,24943.61,2476.81,1335.25,6.936,8.211,5.6,10.0,89.41
29843.76,4938.75,5234.8,1313.99,4.765,7.237,11.79,10.0,90.0
26779.44,2308.54,9083.33,558.67,7.055,7.831,23.14,10.0,80.59
80162.6,8913.55,6365.62,1628.77,0.425,6.416,11.59,10.0,90.0
41511.27,12079.82,8626.61,1839.53,0.504,7.291,12.84,10.0,90.0
15205.84,5915.71,2078.81,666.08,8.974,4.416,9.27,10.0,76.95
97219.24,8234.2,9058.3,83.28,7.522,7.098,40.09,10.0,68.55
89540.73,5820.9,6216.98,1803.35,8.302,2.84,9.03,10.0,74.15
93497.71,19582.25,801.72,1850.92,4.62,6.386,5.0,10.0,90.0
99541.7,18101.87,6514.63,149.35,4.651,5.285,32.45,10.0,74.22
25650.57,16238.84,9538.27,59.67,5.387,8.996,44.56,10.0,70.38
45661.78,10293.23,1252.09,1641.99,2.512,6.765,5.0,10.0,90.0
78241.46,22816.98,6033.33,637.85,7.362,6.007,19.26,10.0,79.37
72641.86,24268.78,9197.05,1833.44,8.312,3.199,14.28,10.0,74.86
23850.63,5167.34,592.1,472.65,9.082,8.642,5.0,10.0,87.72
83424.98,6352.3,6493.67,1729.25,5.219,0.636,9.71,10.0,67.83
30199.65,13615.14,5011.57,183.86,4.204,9.008,29.71,10.0,79.77
30143.59,3190.01,3796.4,558.24,8.326,6.564,16.1,10.0,81.5
58327.7,11474.76,6461.6,1947.6,7.551,1.976,10.29,10.0,70.73
63364.59,14962.99,1000.67,500.83,8.686,9.04,6.36,10.0,89.91
62207.76,13529.77,7654.1,309.38,6.592,3.331,28.49,10.0,72.94
18233.82,8941.81,542.56,1721.26,8.845,1.766,5.0,10.0,67.8
88971.48,14018.7,3415.89,279.71,0.982,3.26,22.08,10.0,90.0
33904.0,24011.22,5287.61,240.04,6.828,9.615,26.58,10.0,81.21
21656.34,5944.42,4081.71,680.68,0.979,7.552,16.27,10.0,90.0
89987.33,16715.95,3421.02,1288.89,7.514,9.176,8.31,10.0,90.0
96008.63,2041.52,8392.93,1435.96,6.322,3.059,13.49,10.0,75.69
87591.49,2593.99,9380.91,1768.42,0.258,0.916,12.31,16.24,90.0
82856.45,14243.88,8800.27,1104.78,6.033,5.671,17.92,10.0,83.72
68971.78,3518.54,5463.1,817.16,1.548,4.882,14.13,10.0,90.0
59577.16,1536.32,8899.56,749.73,1.51,7.234,19.45,10.0,90.0
17828.81,5116.31,9248.18,1701.46,1.59,5.472,14.6,10.0,90.0
46760.79,14556.38,4387.76,1461.44,4.89,4.025,8.92,10.0,86.8
43541.97,17880.18,3192.74,1815.59,1.244,0.146,5.0,10.0,68.36
33377.84,5859.49,1433.52,1929.87,1.344,4.731,5.0,12.48,90.0
75107.81,17038.23,5051.37,635.1,2.636,1.294,17.24,10.0,75.06
54628.82,5379.43,9489.82,1082.86,0.108,9.228,18.27,10.0,90.0
17294.16,15722.98,5828.62,1282.05,2.83,9.225,13.59,10.0,90.0
29816.49,10887.03,6841.84,369.51,6.222,8.056,25.08,10.0,81.53
71493.29,16691.19,1572.4,154.03,6.056,1.663,20.02,10.0,72.19
16851.78,24881.27,1863.44,1742.14,9.698,1.56,5.0,10.0,67.03
86608.62,23507.61,4912.5,1094.27,1.284,5.677,13.34,10.0,90.0
54563.19,1102.76,9537.02,1163.01,8.669,7.302,16.68,10.0,81.29
53252.79,22250.53,3927.45,1132.08,3.973,9.055,10.79,10.0,90.0
63316.7,2595.78,8836.1,1522.17,3.932,8.951,13.02,10.0,90.0
84221.29,23873.12,1642.74,333.73,3.553,1.638,13.93,10.0,74.66
41302.83,7763.82,6361.66,1247.39,1.335,9.955,14.61,10.0,90.0
71021.45,10168.84,6205.82,965.49,4.837,1.652,16.79,10.0,71.72
60915.88,3199.32,8668.81,1799.07,7.895,8.417,12.85,10.0,87.34
34032.54,3694.55,531.51,1063.26,8.767,5.911,5.0,10.0,82.25
89076.7,18441.77,2304.35,1888.72,9.632,6.815,5.0,10.0,83.81
81768.34,23663.97,2587.03,738.84,7.874,6.079,10.17,10.0,81.83
69260.67,15657.96,9524.68,1935.44,6.269,8.71,13.99,10.0,90.0
86552.36,18180.4,1960.09,1756.56,5.026,6.407,5.0,10.0,90.0
88056.48,19287.27,851.14,1189.31,8.761,8.502,5.0,10.0,90.0
73752.67,7307.54,5577.38,739.73,7.421,1.628,16.24,10.0,71.15
85331.2,2085.51,5521.31,783.05,1.696,8.68,14.73,10.0,90.0
72772.43,1044.95,8518.45,1556.87,6.857,9.93,12.37,10.0,90.0
71212.67,9415.58,9514.17,1182.23,4.367,6.649,16.99,10.0,85.98
65675.02,6795.14,5616.18,833.1,5.998,9.766,16.25,10.0,89.32
77744.5,2495.63,9334.94,1290.31,8.994,2.277,15.8,10.0,72.08
24274.46,5308.68,7389.01,1479.81,6.56,8.31,13.72,10.0,88.76
89278.37,3987.97,3013.31,94.66,9.393,1.774,27.22,10.0,70.83
88465.92,22957.08,9320.0,225.23,8.677,5.208,32.31,10.0,72.55
12632.26,4366.41,6840.71,234.25,1.376,6.674,28.66,10.0,80.67
84323.51,13903.56,4433.91,502.27,0.215,6.637,18.19,10.0,90.0
21598.29,15234.54,6962.3,882.63,3.906,6.742,18.37,10.0,90.0
40160.7,14043.75,4312.47,1617.12,8.667,3.277,9.03,10.0,73.55
76915.74,3377.35,1584.75,734.64,2.378,9.74,5.0,10.0,90.0
24468.39,8651.16,7330.3,84.08,6.945,0.165,39.08,10.0,65.65
83617.03,2230.49,8328.83,992.56,4.812,6.248,15.93,10.0,87.33
84892.08,10496.08,7423.66,1993.43,7.486,8.674,11.33,10.0,88.32
55672.1,5526.37,2676.59,730.59,1.733,8.922,10.52,10.0,90.0
10574.73,14479.18,9588.03,1924.45,2.467,7.23,13.25,10.0,90.0
35833.43,17627.4,739.92,247.62,2.501,5.791,8.99,10.0,90.0
65523.42,13770.88,3660.51,387.54,5.53,4.628,19.55,10.0,79.99
98306.76,11421.68,2970.88,1462.04,2.967,4.55,5.02,10.0,90.0
66863.22,10296.0,957.2,1027.36,8.136,4.308,5.0,10.0,78.39
33382.32,21200.6,4354.43,1541.99,3.533,7.029,9.49,10.0,90.0
67060.51,6264.83,6419.59,1733.94,6.642,7.339,10.46,10.0,90.0
58598.68,18621.24,8884.25,539.62,9.49,5.196,23.46,10.0,75.05
80186.09,19179.58,9902.05,1381.52,6.109,7.434,16.83,10.0,87.7
19628.26,11060.8,8176.85,1234.82,2.497,5.332,16.7,10.0,90.0
78492.51,8135.21,4952.46,1729.99,8.322,1.064,7.97,10.0,66.76
58713.99,12293.0,7375.19,888.7,0.224,8.531,18.81,10.0,90.0
96669.28,3237.13,8514.43,151.15,2.64,8.718,33.39,10.0,73.14
40768.49,2102.32,4920.42,1169.66,3.936,2.738,10.65,10.0,84.14
66935.97,3678.48,7958.02,1919.81,2.04,7.886,10.63,10.0,90.0
93882.53,5491.48,5085.2,78.53,6.08,5.161,34.28,10.0,71.94
19225.88,13100.24,4171.71,518.5,5.624,1.328,18.22,10.0,71.09
94350.56,21379.28,5497.86,666.33,4.124,4.04,18.22,10.0,83.91
71909.72,6655.42,6920.62,1543.39,3.014,0.858,12.79,10.0,71.4
16105.34,23443.89,7405.38,680.39,4.396,7.886,21.35,10.0,87.96
37086.72,23917.79,3888.99,516.21,2.983,2.043,17.07,10.0,79.01
73735.49,24013.71,5927.54,1314.69,2.29,1.727,12.63,10.0,83.17
16061.55,21101.51,9143.77,140.49,3.578,2.165,36.04,10.0,71.23
62395.34,9731.8,9774.97,382.66,6.063,2.339,27.6,10.0,70.96
41129.48,2744.41,2658.86,845.66,6.519,6.772,8.51,10.0,87.69
65882.4,14651.65,2331.9,743.42,3.044,6.422,9.03,10.0,90.0
14116.78,14408.35,6928.51,726.97,9.479,1.38,19.81,10.0,69.98
88438.31,21399.42,4439.5,261.68,2.693,7.272,25.15,10.0,87.83
97614.01,24903.79,730.11,753.64,7.15,3.556,5.0,10.0,79.56
97199.01,13195.78,3795.19,1606.09,0.907,4.629,7.9,10.0,90.0
77468.66,9284.9,8164.08,857.0,6.682,1.336,19.78,10.0,68.99
21707.76,5461.64,8075.56,1193.03,4.653,7.115,16.3,10.0,90.0
78243.69,1115.2,5199.51,368.98,5.734,3.825,21.38,10.0,78.42
12212.82,13218.73,4989.49,185.94,1.922,6.358,28.12,10.0,80.23
11991.12,14332.45,6005.32,1765.91,4.392,4.329,10.04,10.0,86.19
39124.92,20798.52,2584.27,696.18,7.686,0.584,11.1,10.0,67.95
53977.89,13109.85,5497.41,733.16,7.694,7.065,18.04,10.0,84.97
79336.67,22995.24,604.94,1761.49,2.452,5.57,5.0,10.0,90.0
71496.58,16074.0,5017.82,1430.15,3.591,4.399,10.77,10.0,90.0
50131.24,21168.07,3692.48,1524.71,0.138,2.095,7.1,16.25,90.0
34626.4,4559.24,6911.26,1379.91,0.991,6.281,14.11,10.0,90.0
99741.21,21528.07,6564.36,256.29,1.355,2.824,28.43,10.0,80.16
48356.32,17203.45,4117.94,1918.09,3.007,4.349,6.19,10.0,90.0
50624.83,5085.59,569.09,1822.82,7.614,0.659,5.0,10.0,67.35
24726.14,5554.33,2896.6,510.63,5.151,7.79,14.75,10.0,90.0
81532.86,23236.01,6516.8,1617.79,7.947,0.991,12.21,10.0,68.32
72431.4,1773.17,1187.55,848.32,7.574,8.919,5.0,10.0,89.91
29869.27,12100.84,1522.6,1383.35,5.913,8.689,5.0,10.0,90.0
17414.29,8523.41,6646.83,372.93,5.049,9.714,25.13,10.0,83.41
71244.94,16961.86,7679.79,1100.18,9.32,9.094,16.48,10.0,83.23
68906.01,21151.11,3554.72,296.9,5.736,9.717,20.83,10.0,89.56
34593.36,9649.07,5151.89,1095.53,4.88,8.884,13.7,10.0,90.0
95577.72,11245.65,9484.26,525.01,8.704,1.214,24.3,10.0,68.16
23595.21,24566.03,9482.66,932.31,0.807,4.433,19.51,10.0,90.0
48910.13,19814.0,3421.28,1352.54,6.595,0.854,8.23,10.0,70.45
94925.43,22532.9,8194.88,1760.3,1.219,5.498,12.67,10.0,90.0
47775.46,11530.29,6142.47,372.31,8.216,5.345,23.8,10.0,75.28
67467.34,6617.83,9767.1,1791.87,7.947,9.23,14.93,10.0,88.32
45783.5,10884.72,5037.33,810.57,5.086,9.7,16.52,10.0,90.0
34679.37,18186.21,7859.72,1695.4,6.644,2.67,13.85,10.0,75.26
98557.99,3626.33,7797.3,1049.47,7.749,5.865,15.79,10.0,80.49
46840.06,7491.26,5225.61,1731.31,4.885,4.698,9.94,10.0,84.86
90468.93,2119.26,8058.49,1342.51,9.069,5.513,14.54,10.0,77.4
30695.91,11376.35,2979.88,1042.0,4.427,5.364,9.59,10.0,90.0
29179.42,20858.7,1661.4,659.45,8.931,9.15,8.1,10.0,87.61
12802.07,1591.93,4539.06,1939.37,5.869,8.972,7.47,10.0,90.0
68650.01,17207.76,9464.49,1611.75,4.32,1.315,15.01,10.0,72.43
43167.37,23379.9,5257.07,793.32,0.141,3.517,16.44,10.0,90.0
87792.24,6686.27,6534.96,375.11,3.026,7.552,23.52,10.0,85.83
52588.89,17647.24,6429.54,1570.09,8.692,6.871,12.08,10.0,82.66
97137.41,24402.45,1759.44,1980.39,4.344,6.349,5.0,10.0,90.0
26697.3,24094.67,4207.82,594.0,4.273,9.939,17.6,10.0,90.0
88176.09,6638.3,7215.92,1835.93,4.945,3.436,9.93,10.0,81.37
79893.72,3407.95,9733.91,294.47,2.934,5.201,28.45,10.0,76.06
79382.97,4558.78,2096.17,1906.8,4.966,9.794,5.0,10.0,90.0
86030.49,17848.86,4399.2,1503.41,3.82,6.986,8.16,10.0,90.0
78492.16,18418.21,1403.39,725.86,9.103,6.522,6.18,10.0,83.88
66359.83,17181.68,2802.58,644.03,5.683,1.632,13.29,10.0,71.08
21812.04,9065.88,4079.21,1304.7,8.358,2.542,9.58,10.0,71.49
12927.36,5074.65,5636.11,1207.34,6.9,3.837,13.32,10.0,77.8
92876.31,14938.27,2690.39,1841.93,2.205,4.702,5.0,10.0,90.0
65498.53,12608.33,2661.85,1544.17,8.69,5.022,5.0,10.0,79.11
81688.36,18492.02,7889.38,1103.71,0.964,9.031,16.69,10.0,90.0
53337.01,11592.64,9645.1,1858.75,4.542,1.161,14.38,10.0,69.7
20557.74,9127.35,3574.32,1205.82,2.468,2.559,9.17,10.0,88.93
21266.72,8043.49,7035.92,1706.89,5.422,1.522,12.42,10.0,71.29
71700.88,6075.29,2951.76,1689.84,3.07,7.38,5.0,10.0,90.0
48727.53,7377.91,9315.55,1842.43,7.256,9.709,14.02,10.0,89.04
28047.23,3275.93,6892.57,181.82,9.375,8.95,31.24,10.0,74.37
54243.51,9324.57,8125.43,1188.45,7.12,7.261,16.2,10.0,85.49
15778.8,1877.68,968.86,963.37,3.618,0.313,5.0,25.81,67.05
62377.43,5473.93,6185.81,1006.56,6.041,3.536,14.13,10.0,78.79
34209.41,18922.49,5512.32,946.83,8.896,8.65,16.01,10.0,86.6
81780.32,8811.26,3283.47,1683.06,2.773,6.565,5.0,10.0,90.0
37932.58,17037.69,2993.08,670.94,1.27,2.175,11.95,10.0,90.0
50969.81,18205.22,6010.24,952.36,1.395,4.718,15.86,10.0,90.0
11045.85,14948.45,7211.61,441.33,4.999,0.97,24.41,10.0,71.01
16520.22,24008.75,815.14,540.85,7.348,5.256,5.0,10.0,83.44
45324.42,1514.56,5890.32,1337.82,6.607,9.02,10.99,10.0,90.0
53194.5,18727.66,2119.37,278.03,4.594,0.483,18.01,10.0,68.9
64001.85,24010.88,1833.45,416.25,7.32,6.178,13.26,10.0,83.59
36249.63,21694.52,6419.64,1079.67,6.376,2.408,15.84,10.0,75.48
72548.37,5029.42,3453.27,135.36,6.319,9.905,25.56,10.0,80.92
87411.02,8843.69,4688.36,297.51,2.104,0.745,23.66,10.0,73.36
80186.59,5138.84,3919.99,1733.54,3.195,6.211,5.0,10.0,90.0
13565.69,15431.4,6659.2,1699.99,3.51,2.638,12.82,10.0,83.87
53245.63,18092.51,4966.14,728.16,8.101,8.836,16.93,10.0,85.81
19443.72,8609.77,9652.86,728.58,7.774,1.307,22.06,10.0,70.4
31784.05,13948.16,3847.64,1876.21,2.601,4.35,6.35,10.0,90.0
98799.63,17582.09,7532.7,100.39,0.646,1.935,36.8,10.0,70.75
22824.6,11112.16,2944.28,1181.58,7.701,8.014,7.08,10.0,85.71
54899.93,21496.37,5333.15,1214.91,4.158,3.579,13.2,10.0,85.02
65634.02,19517.2,5749.41,1586.38,2.276,1.948,10.58,10.0,86.19
73221.85,2551.97,3626.54,1905.91,1.258,7.286,5.0,10.0,90.0
60368.38,15907.01,4981.92,743.86,0.227,8.19,16.5,10.0,90.0
10879.38,6647.81,3153.15,903.78,4.335,4.678,10.7,10.0,88.77
39381.52,14380.44,557.01,1359.03,3.464,3.851,5.0,10.0,90.0
56594.05,23965.32,2548.66,1936.18,6.995,6.358,5.0,10.0,89.7
17907.98,22097.49,7150.61,1787.05,9.769,6.549,12.08,10.0,81.32
41556.42,10708.39,7824.15,1350.75,2.147,6.641,15.57,10.0,90.0
12988.28,7996.33,3161.93,1720.61,2.506,2.83,6.45,10.0,90.0
17072.06,6625.74,4376.41,216.15,3.439,9.419,25.05,10.0,85.49
45723.09,13780.36,854.97,785.4,4.713,2.213,5.0,10.0,76.29
21944.42,3741.96,2752.1,75.53,7.007,3.804,31.13,10.0,70.52
61078.68,14182.6,7902.58,396.07,3.585,2.909,26.36,10.0,76.78
72051.85,1032.01,6256.87,1279.46,1.132,9.318,11.95,10.0,90.0
82052.8,8772.39,2454.82,1776.85,7.33,8.301,5.0,10.0,89.32
28013.52,6278.42,2945.7,1283.92,7.967,8.132,6.32,10.0,89.89
25073.43,24309.25,8259.62,1345.07,2.552,0.147,15.56,10.0,67.56
19411.11,18453.82,2486.3,252.45,1.454,6.89,20.55,10.0,90.0
67278.72,9391.68,3674.5,1346.48,5.325,2.38,8.0,10.0,77.91
73582.82,3228.28,6811.41,935.98,2.162,9.681,13.78,10.0,90.0
12842.75,13403.21,5830.57,1320.31,3.804,5.354,12.45,10.0,88.53
94259.1,6122.75,4878.27,686.04,7.796,5.691,15.25,10.0,79.88
14677.42,13874.31,9047.54,1183.9,2.274,3.629,17.59,10.0,90.0
58716.67,21048.7,2587.25,876.94,8.082,5.414,8.66,10.0,81.47
73815.45,15779.02,7543.49,1139.34,6.773,7.522,15.9,10.0,86.36
88387.22,16210.92,2011.11,336.82,2.275,5.663,14.66,10.0,90.0
74267.82,13984.73,6349.47,821.86,5.311,6.449,16.97,10.0,86.89
82155.53,23254.38,8770.92,779.84,6.179,4.777,20.47,10.0,78.7
40550.52,23365.66,4850.07,1485.97,2.083,7.192,10.27,10.0,90.0
83334.26,13305.36,7380.8,1427.5,1.535,9.006,12.84,10.0,90.0
17210.34,8338.23,8293.74,1822.27,5.359,0.605,13.78,10.0,71.39
90533.5,12030.09,1792.25,1282.51,6.969,1.162,5.0,10.0,68.35
59283.31,5477.39,7205.36,663.37,4.704,6.888,19.48,10.0,86.02
83556.8,16272.26,9238.49,1577.29,0.793,3.839,14.69,10.0,90.0
50708.65,13002.22,5975.52,1019.15,9.26,2.888,14.92,10.0,74.06
67921.99,3479.21,2268.16,427.31,6.98,1.868,12.49,10.0,72.17
57376.24,5743.55,1705.95,1507.45,6.25,5.769,5.0,10.0,87.61
75843.06,12511.17,2967.49,308.44,6.472,3.541,19.34,10.0,75.62
17346.7,22302.14,1483.38,397.4,4.046,5.129,11.03,10.0,90.0
15431.69,14593.38,5377.24,1529.57,9.846,9.59,10.87,10.0,87.05
32239.29,17356.84,1162.19,1551.78,1.414,7.607,5.0,10.0,90.0
24359.02,9136.69,2622.34,1592.02,7.417,7.98,5.0,10.0,87.23
88460.52,14713.87,4679.15,621.98,4.267,1.33,16.97,10.0,72.93
29729.26,11737.12,5002.19,1739.85,8.823,3.317,8.42,10.0,74.02
97827.87,16819.12,5871.29,1459.2,7.201,1.152,11.77,10.0,69.29
40320.62,2213.81,7203.34,1676.24,5.666,9.688,9.99,10.0,90.0
26390.61,12839.21,948.67,1431.78,9.383,6.854,5.0,10.0,85.39
81072.87,8103.82,1265.9,1180.21,9.133,0.29,5.0,10.0,64.25
69283.7,8828.44,1078.16,263.32,0.618,4.807,12.66,15.95,90.0
54837.61,24062.02,4519.93,1436.33,2.007,2.709,8.88,10.0,90.0
59982.72,5384.68,897.56,1396.4,6.793,5.446,5.0,10.0,84.44
74728.16,8469.89,7587.77,659.36,9.226,1.869,21.09,10.0,68.79
30560.93,13237.42,2618.5,1484.85,4.36,0.663,5.25,10.0,70.56
99670.05,21712.65,9422.52,1123.39,0.479,3.299,17.64,10.0,90.0
97731.38,11000.08,5120.84,1140.84,6.469,3.026,12.45,10.0,76.01
68529.31,18852.77,4740.09,766.83,2.027,7.198,15.57,10.0,90.0
27958.82,21552.98,7915.12,277.73,5.568,4.798,29.0,10.0,74.19
71220.54,8440.39,7274.96,473.01,3.908,2.984,23.99,10.0,77.01
16497.86,10426.0,6269.44,1549.22,5.624,5.747,12.43,10.0,88.23
12758.73,9557.35,9383.89,579.31,9.331,0.806,24.06,10.0,67.94
33191.46,20988.54,4511.46,54.39,4.909,6.657,38.82,10.0,71.45
51636.07,2064.32,8181.05,1994.18,0.442,1.558,10.85,11.63,90.0
88144.53,8402.11,4110.88,460.83,5.851,2.869,18.09,10.0,75.56
75445.22,17305.81,8464.28,1328.0,3.325,2.893,15.64,10.0,83.35
76843.59,14570.64,2965.01,1857.5,7.804,4.712,5.0,10.0,80.01
48294.4,11470.94,3248.04,1219.44,4.752,9.536,8.25,10.0,90.0
41134.15,13958.76,6939.76,1608.11,7.44,3.314,12.28,10.0,74.94
43393.49,5742.03,2520.78,1953.92,9.097,2.885,5.0,10.0,72.15
98888.46,11337.2,2676.96,1727.71,3.687,1.771,5.0,10.0,78.62
13609.83,13040.87,3399.99,1137.91,9.895,3.98,9.82,10.0,75.35
88032.83,22628.54,6949.82,759.22,1.583,1.902,19.04,10.0,86.3
62080.79,7260.04,8949.19,990.81,6.475,1.464,19.03,10.0,70.01
49475.39,21827.88,6908.39,1691.56,0.444,8.588,12.27,10.0,90.0
75273.19,16461.79,8364.24,1714.04,2.209,0.621,13.54,10.0,71.85
53800.2,1488.18,5663.83,1699.42,6.374,7.137,8.3,10.0,90.0
88608.09,18391.15,1154.77,1214.59,0.557,2.105,5.0,15.41,90.0
91063.17,1853.25,1454.43,980.06,1.108,0.216,5.0,68.76,70.49
47954.88,24937.15,5766.72,657.11,2.981,7.972,18.84,10.0,90.0
34914.5,21943.28,3614.11,56.55,5.799,7.053,36.03,10.0,71.23
63311.53,8136.25,2595.4,1540.75,0.258,3.41,5.0,14.68,90.0
92112.7,7177.87,4929.44,590.15,4.875,0.885,16.92,10.0,69.98
28959.6,10154.59,6831.72,692.87,6.295,3.671,19.66,10.0,76.62
66066.99,9548.01,4157.42,1694.79,4.085,1.895,8.45,10.0,75.79
66840.42,9936.11,8124.15,151.89,0.77,9.332,34.22,10.0,72.31
75980.17,8638.64,7515.97,1858.86,6.148,5.343,11.85,10.0,85.18
21841.09,15907.2,7481.69,52.66,6.098,9.642,44.08,10.0,69.38
74424.25,4942.33,9859.3,1881.38,5.11,3.578,11.59,10.0,81.01
91812.93,21303.55,3304.68,936.78,6.962,5.609,10.04,10.0,83.98
26171.48,20497.66,6624.89,249.14,2.157,1.982,28.06,10.0,77.44
31378.9,12435.6,8627.04,1364.61,6.818,8.103,15.77,10.0,89.6
97425.56,21465.52,6005.48,1796.92,1.698,0.507,10.21,10.0,73.4
26287.93,6931.48,8000.27,904.24,3.988,6.987,18.56,10.0,90.0
86894.66,1421.57,4437.3,1398.15,0.769,3.977,7.41,10.0,90.0
54305.01,15860.99,6109.67,1959.76,8.209,5.826,10.25,10.0,81.02
32250.8,11989.83,1028.83,519.37,5.429,5.963,5.62,10.0,87.57
88367.49,14611.95,9864.79,1649.88,9.713,7.137,15.9,10.0,82.89
50077.47,22584.15,8100.18,625.71,9.429,2.122,21.66,10.0,70.17
56333.56,24278.21,8753.69,881.36,9.986,5.361,20.84,10.0,80.02
42331.0,16226.88,7095.8,599.44,1.103,4.327,20.55,10.0,90.0
63365.58,19337.33,2267.48,919.72,6.105,2.894,7.72,10.0,77.17
24717.15,3011.4,794.77,59.92,4.135,5.008,21.59,10.51,84.41
45197.34,4857.17,8714.24,641.71,5.373,9.525,22.2,10.0,85.64
97247.11,18596.92,4265.14,918.32,3.157,9.494,12.67,10.0,90.0
33232.01,11352.77,3006.72,1282.87,0.576,2.86,6.23,12.33,90.0
69106.3,11703.17,5835.89,1292.85,7.107,8.854,12.49,10.0,89.09
39267.11,8406.58,4498.54,1188.38,9.662,8.78,12.2,10.0,86.25
79612.58,15576.55,6690.83,621.41,5.371,2.571,19.97,10.0,74.77
21778.63,5443.96,5096.04,1897.44,3.363,6.03,8.7,10.0,90.0
97283.89,16045.99,7123.71,814.34,9.389,8.712,18.62,10.0,83.0
50841.06,5171.17,8607.52,472.94,3.71,5.198,24.44,10.0,82.08
31244.54,2531.82,2357.79,1131.3,9.154,3.761,6.34,10.0,75.04
16614.71,8928.58,3629.61,1510.41,8.571,6.543,7.39,10.0,85.88
25278.21,6547.37,4649.75,73.86,5.334,1.807,35.94,10.0,69.76
56779.66,22335.8,9639.56,588.87,6.801,1.701,24.24,10.0,70.31
40330.29,2318.88,3970.67,1658.71,7.033,8.343,6.36,10.0,90.0
84599.5,5238.73,4120.45,1038.69,6.447,0.515,9.21,10.0,70.43
48779.88,14169.27,6707.99,846.55,1.691,8.056,18.99,10.0,90.0
32384.28,12545.61,4482.4,1865.26,6.958,2.976,8.29,10.0,76.72
65543.05,2100.45,9536.63,224.59,0.132,4.883,30.75,10.0,79.38
73609.95,1174.06,8997.45,1250.36,7.129,5.481,15.44,10.0,80.97
25033.77,24713.63,5377.38,717.27,5.593,7.694,17.34,10.0,87.07
25085.73,16812.03,6625.36,188.11,2.672,8.85,30.96,10.0,78.29
13300.43,9769.75,1051.29,466.8,8.057,8.062,7.21,10.0,89.94
76276.18,12290.37,7109.44,1274.47,4.112,5.766,14.24,10.0,89.78
69742.41,7397.2,7218.41,105.14,4.909,3.545,37.01,10.0,71.6
52716.78,9276.97,3912.39,1204.89,0.374,5.313,10.14,10.0,90.0
85975.34,16577.07,2586.99,1915.86,4.073,0.397,5.0,10.0,67.74
82510.31,22187.48,9193.24,1600.44,1.757,2.525,14.63,10.0,90.0
62681.89,5419.12,4553.7,723.91,2.834,3.725,15.71,10.0,88.71
88144.42,21168.68,6710.21,319.5,2.596,3.266,26.28,10.0,78.44
28525.71,3917.36,816.62,956.88,0.556,1.042,5.0,57.15,90.0
20072.77,6159.81,4433.64,816.25,4.659,0.602,14.05,10.0,66.2
34277.47,1892.21,8263.96,1944.88,5.274,4.265,10.48,10.0,84.5
15137.82,4379.48,4181.97,1980.24,5.754,0.841,5.8,10.0,68.98
57805.26,23015.28,6230.03,850.64,4.676,2.933,17.39,10.0,79.9
94294.51,12026.53,2493.63,340.13,8.708,4.801,17.35,10.0,76.87
13540.92,2863.98,4456.99,1825.69,0.473,2.179,7.4,13.79,90.0
20989.89,24033.44,9312.56,1597.41,6.177,0.887,15.39,10.0,69.2
50697.91,22095.82,5881.29,1046.98,8.675,4.378,15.52,10.0,75.69
94048.75,19112.38,9068.35,762.44,0.506,4.54,21.25,10.0,90.0
38454.05,23403.35,9069.18,923.92,5.013,9.165,19.73,10.0,89.18
55651.13,6283.11,9469.4,1808.67,5.931,1.366,13.96,10.0,72.91
13741.56,21072.86,9006.22,410.05,1.99,6.188,26.58,10.0,82.97
23350.89,17559.79,531.17,1623.23,2.6,3.265,5.0,10.0,90.0
98796.71,21874.22,9373.14,85.47,7.877,1.324,40.27,10.0,68.59
96860.68,20125.88,1805.86,1845.12,5.717,3.992,5.0,10.0,82.88
10444.6,9315.88,879.3,1025.58,3.226,4.337,5.0,10.0,90.0
95663.06,19585.56,1026.19,492.16,7.671,3.699,6.51,10.0,76.76
67520.79,7298.95,3814.7,55.57,7.492,7.681,36.78,10.0,68.54
88112.65,8886.21,6397.64,1141.12,3.519,8.408,13.9,10.0,90.0
50926.59,3589.74,4321.96,526.75,4.938,1.572,15.86,10.0,71.83
56403.64,23441.84,742.77,1280.97,6.679,1.762,5.0,10.0,72.75
53996.19,7984.08,5026.59,598.28,3.498,4.27,18.1,10.0,86.81
70017.78,13494.94,4700.24,221.65,6.327,3.27,26.39,10.0,72.92
22568.61,10391.99,7690.07,1034.85,2.586,8.214,17.39,10.0,90.0
12697.62,24038.27,3156.32,1150.75,2.991,9.968,8.26,10.0,90.0
37713.69,9041.18,2566.55,932.55,3.176,1.893,8.91,10.0,80.84
73421.27,19685.1,2931.42,943.17,9.367,7.649,9.85,10.0,82.77
28166.81,21529.99,3385.53,1199.82,8.353,6.112,8.46,10.0,81.94
70608.92,11454.56,6192.07,1076.39,5.695,6.48,14.89,10.0,85.74
97292.08,10076.12,4979.49,308.51,5.682,2.718,23.59,10.0,74.42
18451.06,18945.9,3700.5,434.32,0.656,1.062,18.94,16.38,90.0
70534.19,22909.5,4055.98,326.49,6.53,5.478,22.37,10.0,80.45
49937.52,19118.36,4023.77,1401.93,3.348,6.174,9.07,10.0,90.0
88132.8,6451.03,9737.86,1080.77,6.162,9.634,16.53,10.0,88.02
25943.48,22319.39,2713.47,888.22,8.418,6.785,10.02,10.0,84.96
72336.34,10301.96,8271.58,1606.76,0.55,4.492,15.05,10.0,90.0
85430.38,14829.51,7228.0,685.3,6.11,9.941,20.61,10.0,87.19
95015.28,20954.45,552.92,1157.81,5.686,3.795,5.0,10.0,82.74
71492.32,5521.47,9935.17,195.09,2.147,1.709,33.03,10.0,71.63
54745.73,19828.24,7686.17,1501.59,6.5,6.218,14.49,10.0,87.76
65606.25,15307.91,6983.27,1405.63,5.593,2.736,13.84,10.0,77.35
88201.45,22440.2,4350.58,1614.64,7.696,9.23,9.14,10.0,90.0
61354.88,5127.29,5774.43,1774.73,1.195,4.336,8.73,10.0,90.0
12734.84,11096.37,2906.07,1528.16,4.492,1.581,5.33,10.0,76.47
93785.38,20988.23,837.09,1696.76,9.98,1.502,5.0,10.0,69.08
72057.41,1461.56,8442.21,724.03,6.924,6.531,19.68,10.0,81.89
70886.2,3692.83,9016.6,719.51,6.875,3.722,19.68,10.0,73.9
29410.76,24773.57,2043.47,1891.39,3.247,3.701,5.0,10.0,90.0
69299.69,7729.46,7977.03,1833.42,1.029,6.162,12.0,10.0,90.0
45447.8,24413.04,7540.95,1119.57,9.5,2.293,16.13,10.0,68.37
68610.97,5380.76,2194.56,764.79,1.144,1.54,8.2,17.61,90.0
19593.37,9666.27,4507.37,1738.7,9.928,6.607,8.19,10.0,81.67
69206.08,19068.87,4516.2,680.65,1.345,0.152,16.97,10.0,67.22
99947.24,16786.68,7719.66,349.59,1.792,9.083,26.12,10.0,83.42
14339.08,14946.94,8457.78,1297.01,3.153,1.911,16.17,10.0,77.67
97945.68,13717.58,1400.36,133.11,5.173,4.534,20.52,10.0,80.37
46621.72,21242.57,5848.21,789.25,7.925,2.194,17.49,10.0,71.16
88367.81,6638.77,7736.61,1624.94,9.713,2.26,11.51,10.0,68.48
80414.69,11619.3,7968.81,625.67,3.652,8.367,22.4,10.0,89.42
61031.46,4730.86,1905.94,1866.07,0.302,5.892,5.0,12.41,90.0
76460.43,15302.6,5492.3,1913.86,6.205,3.183,9.94,10.0,75.99
89066.4,7013.07,8646.81,1640.84,7.137,2.586,13.17,10.0,71.29
46372.63,9012.21,3525.93,1975.9,4.035,2.207,5.43,10.0,80.08
39432.98,12310.02,4538.61,1084.99,1.916,5.589,12.15,10.0,90.0
70083.4,1642.49,8141.41,1159.94,3.13,7.335,14.8,10.0,90.0
82706.13,3206.51,1348.54,1680.53,6.592,2.61,5.0,10.0,75.09
78605.66,17462.3,8665.19,1010.97,4.992,3.39,17.66,10.0,78.89
81803.23,11295.28,3455.99,843.1,7.46,7.232,10.95,10.0,87.76
49202.5,21754.97,513.78,1248.77,2.26,7.399,5.0,10.0,90.0
83605.08,17672.13,2724.51,1332.44,8.436,2.152,5.4,10.0,71.69
20818.81,1194.42,1350.26,1514.25,1.643,3.884,5.0,22.57,90.0
59004.02,15801.1,1377.66,1352.99,3.366,8.713,5.0,10.0,90.0
10518.28,3249.4,7081.94,1504.16,5.953,7.428,12.96,10.0,90.0
39212.72,19742.4,2532.78,1365.39,7.395,1.709,5.13,10.0,72.57
42981.54,24796.18,9380.05,986.87,2.735,3.921,19.57,10.0,88.66
45655.54,13748.77,5406.22,313.12,9.486,9.736,24.89,10.0,77.29
72592.05,17386.71,4870.93,1581.61,7.091,5.301,9.77,10.0,83.69
44970.23,6695.54,4625.69,110.02,2.255,7.222,32.32,10.0,76.31
50382.43,11502.35,7079.58,1985.38,7.285,1.011,11.13,10.0,70.13
31378.97,21546.29,4796.5,1665.49,6.994,8.342,8.88,10.0,90.0
43592.66,5018.15,1721.7,1358.28,7.552,6.087,5.0,10.0,86.17
30454.27,7372.85,8861.64,1934.88,9.167,1.838,11.92,10.0,68.45
16587.63,11690.41,4569.76,1244.32,7.146,3.864,11.57,10.0,77.84
64310.37,18093.97,1203.04,160.04,3.584,0.922,17.06,10.0,69.95
70139.15,10021.21,5528.98,1140.8,7.926,7.792,14.42,10.0,84.79
65754.13,23265.57,6649.8,590.55,6.989,7.474,21.31,10.0,84.74
51714.46,3266.97,3118.03,770.48,5.785,4.953,10.61,10.0,84.12
44180.72,9899.3,8103.23,946.19,3.603,4.575,18.86,10.0,89.2
87700.03,18014.9,6862.87,1560.47,9.218,4.688,12.96,10.0,76.48
56717.36,6423.68,6678.24,1030.71,5.176,0.471,16.05,10.0,67.03
53126.37,16753.92,4497.84,975.63,6.318,3.746,13.46,10.0,79.59
12307.79,4941.21,9638.2,638.85,4.212,1.372,23.58,10.0,71.45
40712.3,2343.53,3104.8,1102.75,7.83,1.929,6.68,10.0,71.32
44217.61,3904.38,5988.2,534.36,3.476,9.625,19.61,10.0,90.0
45894.05,23319.63,3436.02,558.94,8.125,2.692,15.92,10.0,71.88
62215.51,14242.02,7575.65,1526.65,1.169,4.888,14.41,10.0,90.0
58024.23,20112.3,954.02,717.97,7.119,8.889,5.0,10.0,90.0
64711.46,8983.71,935.99,150.23,4.821,4.194,15.67,10.0,84.68
78839.49,15223.81,8203.18,720.17,7.018,5.333,20.29,10.0,79.38
83168.72,12878.85,4625.55,1295.22,5.361,1.771,10.58,10.0,73.01
74631.08,23697.71,3741.21,1637.27,1.43,2.922,6.46,10.0,90.0
95997.13,18941.79,6271.51,1925.78,4.822,5.111,9.5,10.0,88.84
11640.93,18533.02,7168.04,1505.13,9.649,3.713,13.57,10.0,76.63
27620.02,2112.48,2411.41,886.26,7.573,0.479,7.3,10.06,67.95
10680.66,14192.07,2261.6,633.28,3.072,4.068,11.41,10.0,88.53
68272.72,12207.79,9602.43,302.78,9.447,8.17,30.21,10.0,73.66
90822.75,23268.21,6101.81,1273.99,7.812,1.249,13.04,10.0,68.02
31913.41,7176.21,4206.11,1044.27,3.708,0.285,10.98,10.0,68.23
93433.11,7476.0,8113.7,1371.52,6.075,1.275,13.85,10.0,69.56
15424.07,10872.31,5489.01,512.41,4.324,6.9,20.19,10.0,88.19
94099.24,6840.87,2795.8,681.11,1.057,7.967,10.75,10.0,90.0
41646.04,4100.41,2463.99,619.59,8.08,0.582,11.72,10.0,67.82
19127.87,21577.96,4270.16,1605.42,1.992,8.887,8.43,10.0,90.0
53728.46,14398.64,8669.01,383.9,4.635,6.311,27.32,10.0,78.91
33109.89,21672.71,1083.76,1236.52,7.056,5.23,5.0,10.0,84.65
35638.56,20947.23,2576.0,150.14,9.329,2.611,24.57,10.0,71.23
37656.1,7769.02,8984.94,1121.58,0.721,3.78,17.79,10.0,90.0
82272.33,14145.7,1656.48,174.63,3.993,9.475,18.91,10.0,90.0
58524.51,2997.22,6481.44,392.96,6.185,9.124,22.5,10.0,84.15
38017.69,22966.05,2528.36,270.4,7.815,6.292,19.93,10.0,81.26
64930.04,10702.31,6255.74,726.11,9.217,5.831,18.23,10.0,77.55
74453.56,10448.23,4139.49,720.28,0.105,2.184,14.71,15.81,90.0
34536.16,8266.13,1465.93,1661.52,6.315,9.537,5.0,10.0,90.0
47219.42,12055.93,6033.51,490.09,0.169,7.578,21.1,10.0,90.0
20969.75,7042.23,6988.91,218.45,7.894,3.884,30.07,10.0,71.9
26303.44,9996.45,6962.59,1226.85,1.582,8.177,15.08,10.0,90.0
71300.61,20198.73,6551.83,1390.53,8.957,2.198,13.33,10.0,71.79
26329.45,21022.13,5252.14,624.91,1.636,2.211,19.36,10.0,84.7
57264.7,8300.38,5434.99,1225.49,7.667,7.931,12.87,10.0,89.12
73814.16,12256.35,6538.58,1563.31,2.964,5.637,11.65,10.0,90.0
19618.92,21971.67,7057.46,727.73,5.617,5.603,20.01,10.0,82.86
61058.1,2264.16,6721.33,1074.44,6.123,5.779,13.75,10.0,84.26
33090.65,22339.48,6075.98,335.93,2.147,1.345,24.93,10.0,77.75
96663.42,6260.42,1980.47,96.11,3.057,3.561,24.19,10.0,77.86
53519.11,17284.94,2500.86,1963.67,1.164,5.773,5.0,10.0,90.0
82539.33,14981.24,2972.13,634.48,0.152,2.551,13.35,16.84,90.0
59520.39,14270.58,9236.79,593.86,2.471,5.09,24.76,10.0,84.85
13907.13,21624.65,7714.25,1947.83,5.208,5.615,11.74,10.0,88.32
66983.62,3437.73,5752.23,1470.06,7.165,9.434,9.89,10.0,90.0
95626.3,9328.67,2894.54,1191.33,7.956,2.533,7.23,10.0,75.15
64145.06,13918.07,1553.47,1413.68,0.791,4.45,5.0,10.41,90.0
83727.0,20470.93,9038.21,1434.36,2.797,9.817,15.65,10.0,90.0
89578.58,6194.63,8980.33,1538.5,7.725,1.949,13.81,10.0,71.2
30527.18,20270.32,1551.61,181.02,4.861,7.822,18.35,10.0,88.6
29084.04,10591.32,8073.56,855.02,1.904,1.854,18.97,10.0,83.77
64988.29,5533.93,4743.13,625.5,3.983,8.515,17.6,10.0,90.0
46992.56,19215.67,3577.69,187.61,2.773,4.931,24.92,10.0,81.45
85587.52,3181.57,7521.49,854.57,0.601,9.724,17.33,10.0,90.0
91002.08,13354.42,6336.13,1251.54,7.66,1.784,13.72,10.0,69.83
41807.92,2533.02,7910.29,398.07,2.988,6.91,23.35,10.0,83.36
31318.35,9554.03,1206.12,644.8,9.457,6.983,5.14,10.0,84.38
80247.3,15425.84,3526.58,1296.38,8.892,7.217,8.4,10.0,86.67
34732.54,14346.77,3533.51,1179.68,7.191,1.1,8.63,10.0,67.5
84035.29,10711.73,3632.65,1744.13,3.334,2.957,6.25,10.0,86.03
48136.44,11297.15,5273.56,1592.9,2.871,3.446,10.42,10.0,90.0
70079.49,6442.47,3188.63,1932.94,4.805,3.31,5.0,10.0,81.96
18598.18,11941.18,4721.64,1214.53,3.611,6.783,11.97,10.0,90.0
66147.34,23878.12,3993.89,1412.01,9.021,0.643,9.04,10.0,67.08
50659.09,21410.87,7485.31,1727.99,1.323,7.328,13.3,10.0,90.0
62794.76,4485.59,6233.26,1687.99,7.272,5.313,8.8,10.0,80.92
25121.28,1714.74,6709.48,1451.51,6.148,1.813,11.14,10.0,72.28
76318.64,23404.58,2500.55,1025.5,8.082,2.339,8.14,10.0,72.57
87651.74,13641.99,3592.27,582.75,5.471,1.066,15.83,10.0,70.58
29506.58,13908.11,701.07,1760.57,6.332,4.645,5.0,10.0,83.88
18614.31,19737.23,1529.56,1564.48,9.631,5.99,5.0,10.0,83.02
12127.47,8552.54,3018.02,1683.92,1.01,5.852,5.02,10.0,90.0
67777.44,12565.78,1121.91,324.54,1.138,9.627,11.4,10.0,90.0
64638.46,24247.91,6225.01,663.89,3.997,3.03,19.14,10.0,82.92
59202.77,17131.57,9982.24,878.53,4.78,7.645,21.32,10.0,87.17
30875.24,4689.88,1457.74,1684.79,2.079,7.258,5.0,10.0,90.0
45181.54,4197.44,8301.69,1791.13,0.918,0.707,12.93,17.24,82.91
63502.87,5902.35,1628.75,605.54,0.32,9.307,8.45,10.0,90.0
54709.02,19401.08,6864.18,1388.54,7.669,9.32,14.26,10.0,88.72
98900.7,8089.05,6610.0,201.74,4.902,4.024,29.74,10.0,74.12
22279.58,1513.33,9075.81,848.67,8.45,4.235,18.27,10.0,76.17
72563.01,23660.18,1582.48,999.0,3.672,8.214,5.0,10.0,90.0
46388.69,5073.12,3496.72,1542.98,7.064,5.001,6.91,10.0,80.52
48537.97,1229.4,1362.41,1789.35,4.936,8.012,5.0,10.0,90.0
74583.8,6691.16,4370.14,707.7,6.159,0.458,15.36,10.0,66.59
72319.25,6640.69,9160.14,1079.09,3.765,2.578,16.99,10.0,79.07
99213.04,11128.13,7924.47,1312.52,0.904,1.002,15.78,10.0,86.34
21555.49,23089.36,7367.55,690.94,9.479,4.597,19.67,10.0,72.15
19369.87,22100.44,5563.76,1971.8,8.377,8.556,8.6,10.0,89.48
75190.49,11965.47,8893.11,1757.76,3.188,5.741,13.94,10.0,90.0
62054.82,10861.6,4769.7,627.99,9.591,5.251,17.39,10.0,76.74
34674.46,14320.22,1922.01,1040.5,3.075,3.724,5.96,10.0,90.0
17147.74,6842.9,8457.06,500.14,4.486,0.73,23.89,10.0,67.96
17709.24,2252.44,3156.56,1053.28,7.576,7.687,9.01,10.0,88.75
90477.18,23541.38,1009.52,1382.5,3.159,5.751,5.0,10.0,90.0
27268.06,5480.78,1697.36,216.77,3.313,9.317,17.77,10.0,90.0
39103.44,5761.62,6286.06,1746.73,4.16,4.376,10.75,10.0,86.31
30399.08,12339.05,6267.28,1207.8,4.737,4.075,13.6,10.0,82.9
41949.67,12798.72,2971.74,1979.73,1.324,9.746,5.0,10.0,90.0
16248.15,1442.42,7408.21,99.9,0.273,1.497,37.17,14.44,69.04
56715.38,4550.91,7849.58,1671.42,9.2,2.598,12.36,10.0,73.64
16085.13,10075.72,9244.77,1594.33,3.597,4.933,15.78,10.0,89.53
82032.09,17409.54,6056.91,309.06,1.107,5.283,25.64,10.0,86.15
31034.09,6482.04,7904.52,703.85,7.616,5.532,21.2,10.0,79.41
58601.07,11152.35,7654.45,1775.35,3.021,2.2,12.94,10.0,81.52
89207.12,14376.28,2949.19,1060.99,1.898,9.276,8.11,10.0,90.0
68578.96,22326.22,3447.15,832.5,9.63,7.065,12.46,10.0,80.95
57966.2,8825.69,5045.58,1815.72,9.213,2.659,8.71,10.0,70.75
39190.04,4205.4,680.87,232.02,1.147,3.013,8.36,24.56,90.0
39970.17,12742.53,3325.28,972.59,9.003,8.816,9.94,10.0,88.59
70253.83,18921.32,5001.89,1322.13,8.92,3.866,11.68,10.0,75.51
99472.54,3636.63,1526.66,1236.66,6.38,5.608,5.0,10.0,87.32
69565.53,11192.4,1699.62,565.34,5.344,1.292,8.6,10.0,69.87
60200.51,1426.84,4900.75,1148.46,2.253,2.592,10.89,10.0,88.15
75758.55,1805.42,7444.17,1431.7,1.302,4.224,12.78,10.0,90.0
51868.51,12590.88,8420.61,1190.53,6.103,6.596,16.27,10.0,87.47
15412.81,8156.74,5689.98,1384.7,8.237,2.874,12.21,10.0,74.85
60606.71,21282.58,5010.12,549.35,6.918,9.513,19.87,10.0,87.91
96186.28,15451.7,4150.67,1674.06,1.89,2.28,7.2,10.0,90.0
25777.26,11894.39,2333.02,926.89,2.971,7.811,8.8,10.0,90.0
72100.44,10790.45,1892.34,1975.09,5.51,3.71,5.0,10.0,84.07
28084.03,12933.89,8023.02,95.41,6.287,8.351,38.39,10.0,69.89
58224.49,1970.53,4917.56,791.61,0.815,9.239,13.16,10.0,90.0
18700.88,22427.04,8008.04,401.93,6.179,1.951,25.27,10.0,70.84
50533.38,24959.28,7188.79,1133.44,7.39,4.966,15.65,10.0,78.71
78054.7,5355.69,2342.01,524.25,1.895,1.628,11.44,12.23,83.93
41281.44,3889.19,5347.92,1488.08,2.538,7.088,11.63,10.0,90.0
69842.06,4445.86,4718.16,1769.64,2.663,8.339,7.81,10.0,90.0
81590.5,16864.65,4526.8,461.22,9.404,3.956,19.61,10.0,74.48
93446.0,16874.58,5654.42,363.32,4.129,4.028,23.47,10.0,78.96
31117.79,21350.18,9829.78,1756.95,5.353,2.118,14.41,10.0,73.08
45938.43,19043.83,8222.56,754.48,7.271,3.135,21.22,10.0,73.84
23717.44,11792.55,9085.27,897.44,3.777,3.307,19.68,10.0,78.92
99323.52,15708.53,781.58,480.89,1.145,1.64,5.0,10.0,90.0
93430.09,17518.83,1833.2,879.36,6.578,3.169,6.44,10.0,77.83
58596.14,13305.68,1305.25,501.04,6.706,9.082,8.39,10.0,90.0
85783.0,12415.62,3000.69,1348.56,2.679,3.321,6.37,10.0,90.0
56886.22,16482.34,4697.98,1022.81,0.449,2.817,13.08,10.0,90.0
66122.71,14379.39,6599.51,1586.72,6.687,3.908,11.93,10.0,79.14
18021.2,16454.62,5257.9,659.82,7.064,9.607,17.57,10.0,88.47
77974.34,15708.51,9080.25,1035.91,0.358,7.669,18.17,10.0,90.0
21494.21,18260.72,9428.63,556.07,6.963,2.097,23.8,10.0,71.27
84346.09,16427.28,2053.45,1872.22,9.395,7.55,5.0,10.0,85.19
80382.53,13473.82,8602.67,1067.77,1.87,7.686,17.78,10.0,90.0
73787.02,17363.12,5076.36,388.25,5.261,9.506,21.62,10.0,86.71
13254.43,11787.57,4806.63,581.89,6.998,8.922,17.68,10.0,86.93
37281.55,6800.11,7956.92,211.66,2.378,1.042,30.69,10.0,69.57
33680.13,1034.04,1384.83,104.24,7.54,4.6,20.15,11.02,75.79
42412.28,14439.14,8883.68,1075.55,8.694,7.06,18.81,10.0,78.88
17887.85,15175.73,6873.2,707.39,8.164,9.736,19.36,10.0,87.53
94326.2,24329.18,8814.99,1929.36,2.663,0.943,13.35,10.0,73.94
59842.2,9675.48,9947.54,384.1,8.062,3.746,28.82,10.0,71.82
37497.19,10459.2,5421.04,1598.13,4.192,4.973,10.58,10.0,90.0
45728.34,5843.19,1385.99,666.14,2.738,4.191,5.65,10.0,90.0
50248.23,2692.82,2081.98,485.9,1.763,4.612,10.59,11.74,90.0
64053.49,19547.31,3574.37,1940.79,9.099,3.754,5.18,10.0,73.86
56411.15,6992.35,1483.75,1615.02,4.326,9.709,5.0,10.0,90.0
92745.28,15613.72,8245.75,1279.71,8.671,8.052,15.1,10.0,85.22
54726.71,17506.55,3320.24,1409.39,1.679,7.393,7.9,10.0,90.0
99294.22,12309.68,9770.92,1983.19,7.693,4.166,12.63,10.0,75.48
86628.25,22032.45,7174.62,1206.75,1.189,8.827,15.76,10.0,90.0
28765.95,11651.08,2147.59,248.71,0.274,1.024,18.44,34.26,90.0
93753.57,7837.81,5022.41,176.49,9.951,1.52,29.05,10.0,67.71
20472.98,22504.37,4935.4,1349.88,0.828,9.545,11.56,10.0,90.0
83570.47,21677.54,5178.86,1332.32,4.669,5.713,11.95,10.0,88.94
44256.1,4936.96,5589.07,1508.94,8.796,1.679,10.47,10.0,70.06
89017.69,1623.06,796.14,262.12,8.212,9.497,8.55,10.0,90.0
88125.1,3159.65,7019.86,1892.56,4.765,9.751,10.79,10.0,90.0
82533.29,7877.14,5128.32,1124.76,6.147,8.827,13.55,10.0,90.0
81102.74,24334.24,8014.17,1316.63,6.334,2.462,15.08,10.0,74.15
37421.12,14404.39,8245.82,117.96,1.187,2.857,36.71,10.0,70.72
17282.74,9958.28,2690.08,1923.9,2.921,4.129,5.0,10.0,90.0
46268.22,22329.19,960.02,1147.05,3.08,5.835,5.0,10.0,90.0
25617.21,11875.27,7180.72,1148.56,3.843,9.923,15.99,10.0,90.0
72545.6,8565.73,9788.75,1889.93,2.812,9.566,14.26,10.0,90.0
41148.98,23589.27,4743.25,1862.23,2.59,9.219,8.33,10.0,90.0
97804.92,21388.42,2966.32,479.58,3.612,0.984,14.81,10.0,70.45
67687.49,21248.04,1988.38,1865.64,3.854,7.596,5.0,10.0,90.0
84023.25,13294.83,3230.73,1486.41,4.924,8.781,6.76,10.0,90.0
21927.22,19946.52,3615.24,86.86,1.818,3.399,32.82,10.0,72.83
87581.3,5304.48,4526.81,517.69,7.905,2.274,17.04,10.0,72.0
93048.15,14757.35,6726.37,855.31,8.621,7.51,17.92,10.0,83.24
53835.57,24612.3,3095.05,1186.5,2.557,0.999,8.14,10.0,75.55
64562.76,7983.0,984.28,1417.59,1.321,9.414,5.0,10.0,90.0
78832.88,20064.46,4046.15,459.91,7.251,1.645,20.05,10.0,68.44
25735.48,12771.48,8628.48,1681.57,9.25,4.63,14.74,10.0,76.37
55230.95,1955.34,5234.34,1699.14,0.448,9.83,7.95,10.0,90.0
45879.67,19312.47,9665.45,1288.25,0.243,9.883,17.79,10.0,90.0
23173.66,5045.66,5284.4,1846.13,1.916,7.782,9.02,10.0,90.0
43078.1,16155.37,3121.04,1635.32,6.879,8.408,5.56,10.0,90.0
16135.51,3055.94,2336.48,482.17,9.651,9.675,14.0,10.0,86.34
12323.07,23724.82,7097.98,1607.42,7.529,9.282,12.57,10.0,89.4
22164.97,8001.37,5595.62,1908.74,5.773,6.259,9.19,10.0,87.45
96680.36,6435.15,6237.99,318.33,7.035,7.373,23.15,10.0,77.57
59457.66,4099.27,7673.7,1958.46,2.384,5.978,10.24,10.0,90.0
96923.99,23704.05,7396.08,98.74,6.917,5.114,37.89,10.0,69.02
48924.81,18085.69,911.95,1068.23,3.282,8.82,5.0,10.0,90.0
38063.45,18799.86,8124.43,1559.09,2.302,7.406,14.15,10.0,90.0
55552.77,12985.71,5560.68,1591.35,2.442,8.612,10.7,10.0,90.0
49556.05,12393.47,4221.23,1482.61,6.711,1.05,9.03,10.0,69.54
19509.82,3640.51,5606.43,1082.24,7.696,5.807,14.65,10.0,82.25
67674.37,14436.19,6318.29,1319.38,5.86,3.362,13.96,10.0,77.96
29443.44,6926.0,1920.31,1414.87,0.732,5.183,5.0,11.21,90.0
65762.92,24451.49,4465.45,1014.35,0.476,6.168,12.35,10.0,90.0
68518.1,20117.94,3688.07,1211.59,2.25,8.473,9.78,10.0,90.0
23682.24,10911.81,3828.88,1700.42,2.936,0.416,6.31,10.0,68.36
15521.47,4632.19,1367.68,660.11,4.108,1.723,6.68,10.0,76.06
80268.54,19847.96,2018.51,1070.25,0.853,9.222,5.24,10.0,90.0
51382.04,3929.29,2037.4,66.54,7.279,9.676,28.71,10.0,78.34
15234.74,5544.01,4045.64,1390.5,7.144,0.649,9.2,10.0,68.13
99537.97,6076.49,8997.67,431.0,3.532,3.385,24.34,10.0,77.45
15200.25,14365.38,2457.26,987.95,5.674,0.196,7.33,10.0,65.75
72553.17,19889.36,4453.83,459.9,1.099,7.599,19.33,10.0,90.0
98531.1,8543.56,3460.29,95.89,4.211,6.851,30.25,10.0,76.39
31526.21,3032.08,7980.14,992.28,8.59,5.692,17.42,10.0,76.23
22802.44,12148.92,976.2,878.43,6.64,6.947,5.0,10.0,89.67
20924.64,18954.65,2367.16,879.04,1.129,5.424,8.24,10.0,90.0
37294.76,6319.93,2501.09,457.17,8.491,2.465,14.53,10.0,72.27
19094.12,6278.19,9933.15,1897.05,6.839,7.568,15.03,10.0,85.53
72294.52,23733.45,5922.36,56.84,4.585,7.854,40.67,10.0,70.48
15606.26,23899.69,1820.1,1788.51,6.952,8.557,5.0,10.0,90.0
55847.99,24771.18,3085.89,1486.96,1.811,9.545,5.54,10.0,90.0
99702.72,20383.83,2094.31,385.54,5.55,7.501,13.85,10.0,89.03
83257.32,5516.42,1683.74,970.77,6.217,0.64,5.0,10.0,69.48
65369.75,6087.56,8073.23,1978.26,9.285,0.306,11.91,10.0,65.97
37562.83,9165.41,5209.65,1305.21,0.762,7.425,10.91,10.0,90.0
66150.63,8635.18,6496.5,298.38,3.81,0.655,26.78,10.0,69.33
57433.73,23956.67,3646.89,942.4,9.374,3.228,11.39,10.0,73.04
48347.5,19937.78,5760.1,963.0,2.25,1.448,15.25,10.0,80.87
21763.93,18376.21,2946.91,1614.41,8.151,9.692,5.62,10.0,89.77
89794.38,5463.12,3426.34,1836.52,0.116,3.232,5.0,14.05,90.0
50480.62,22828.61,6696.26,210.37,0.356,0.646,29.93,15.42,76.7
27516.03,20868.89,1928.33,662.37,3.343,9.501,9.58,10.0,90.0
43098.34,4927.4,6363.61,631.95,7.708,6.127,19.46,10.0,78.94
47271.68,21908.09,8596.23,1992.29,1.131,0.457,12.23,10.0,75.99
84478.41,7533.94,1644.02,1140.49,3.89,8.35,5.0,10.0,90.0
76025.29,2940.87,9025.88,1765.67,1.402,1.61,12.83,10.0,87.59
79237.44,16763.74,1254.73,880.76,2.314,8.044,5.0,10.0,90.0
10992.81,16691.31,3814.64,1459.31,5.08,6.067,8.04,10.0,89.26
47453.86,3278.37,6299.84,608.84,3.259,1.853,18.73,10.0,76.88
53320.97,8652.44,5814.44,1827.98,2.198,7.551,9.48,10.0,90.0
11727.3,24827.55,1415.72,937.54,3.996,4.6,5.0,10.0,90.0
33383.19,17282.24,8089.68,1617.26,7.04,6.417,13.4,10.0,85.33
78426.08,18521.8,9744.96,548.84,1.282,8.708,24.7,10.0,89.85
22339.87,6110.01,2221.67,1402.53,4.848,2.677,5.0,10.0,79.77
58177.91,2890.77,9003.74,840.06,2.82,3.723,18.11,10.0,87.04
29368.17,7645.64,5789.69,111.31,3.848,9.973,33.9,10.0,73.93
11090.87,6973.56,9391.37,855.37,8.233,5.13,20.94,10.0,77.73
31708.13,6629.06,2172.82,1122.54,9.304,5.629,5.0,10.0,79.03
97828.64,5626.1,8024.2,345.94,2.505,2.926,25.34,10.0,76.26
82138.34,14794.14,1067.92,408.63,6.337,4.219,8.73,10.0,80.87
96361.9,8874.48,8890.37,956.48,6.799,5.065,19.1,10.0,80.21
53906.86,20688.28,6904.51,718.32,8.441,2.659,19.55,10.0,72.34
19876.26,5414.74,4017.42,909.44,9.001,2.458,12.79,10.0,68.42
59316.35,12151.05,2309.43,948.61,4.733,6.045,8.31,10.0,90.0
50893.96,1327.79,8257.06,323.15,9.827,1.918,26.83,10.0,70.54
85992.14,12560.38,6230.79,403.33,9.711,5.579,23.46,10.0,77.91
18827.43,2340.12,3923.95,1703.92,5.114,7.092,6.58,10.0,90.0
53941.7,24465.36,4716.44,367.3,5.466,2.063,22.53,10.0,71.98
23504.38,19974.21,8352.16,1348.53,6.711,7.484,16.36,10.0,86.25
39220.83,12762.68,3719.81,866.13,3.801,3.661,13.25,10.0,86.87
76362.14,3078.1,1351.51,1938.06,6.654,9.926,5.0,10.0,90.0
52841.63,15218.69,9157.18,178.9,5.191,9.793,33.89,10.0,74.48
43829.95,19210.33,4179.77,1669.26,0.451,8.006,7.06,10.0,90.0
45502.87,5577.21,3809.68,1008.33,8.542,3.493,12.15,10.0,73.2
51350.21,14637.0,2441.8,60.44,9.41,9.378,32.82,10.0,71.65
80651.49,20541.06,9025.51,564.14,0.36,9.988,23.57,10.0,90.0
90287.62,19437.95,2566.3,845.01,7.914,4.677,9.59,10.0,79.29
95980.12,20271.81,6548.39,662.68,3.92,6.184,19.63,10.0,86.93
80821.3,22103.76,8867.27,756.78,5.898,0.159,21.29,10.0,65.49
38386.62,23504.37,831.68,1837.51,5.05,0.531,5.0,10.0,67.54
71932.12,10732.51,8373.52,753.82,5.558,5.056,21.0,10.0,83.22
49384.28,14650.46,4400.69,866.72,5.002,6.132,13.44,10.0,88.67
32920.36,19975.83,6750.76,1534.21,8.548,3.193,12.61,10.0,74.58
85678.44,17731.36,4037.84,1597.98,6.867,1.081,8.32,10.0,69.57
13458.37,24892.49,7107.4,213.97,4.185,7.844,29.41,10.0,76.82
91158.58,1328.26,2915.8,1422.94,6.917,4.246,5.0,10.0,78.16
51532.97,9523.2,708.34,991.02,9.654,6.524,5.0,10.0,83.86
67348.13,7744.67,9503.98,311.02,0.895,6.537,30.1,10.0,80.31
69341.85,7295.58,655.49,566.19,3.942,5.514,5.0,10.0,90.0
90560.6,6340.71,8328.94,137.82,8.717,1.867,33.22,10.0,66.45
67300.27,18018.97,2106.81,752.46,7.417,6.199,9.55,10.0,85.84
65254.02,3034.23,4226.09,548.04,9.356,3.289,15.75,10.0,73.73
15998.68,18798.61,8313.68,795.1,0.494,8.209,20.41,10.0,90.0
56656.72,17642.22,2456.36,1181.66,8.641,2.013,6.7,10.0,70.11
23515.21,7019.3,8724.22,1478.06,7.939,2.982,15.01,10.0,73.96
76369.04,7068.01,5228.71,1230.44,8.169,4.459,12.6,10.0,78.08
56099.97,16092.65,3978.46,1372.84,6.013,7.426,9.42,10.0,90.0
71220.5,19292.11,6793.16,1738.0,0.614,7.235,11.4,10.0,90.0
13750.56,22035.65,3743.2,1753.96,5.437,3.437,6.33,10.0,82.09
17631.28,21451.35,3799.24,1728.4,4.137,5.156,6.17,10.0,90.0
74469.1,24157.19,7468.5,348.68,5.318,2.419,26.67,10.0,73.44
16487.59,14953.24,3443.41,539.58,7.429,7.727,15.96,10.0,85.37
16413.11,22807.73,2407.34,1029.53,6.0,2.047,7.5,10.0,71.73
11089.76,20404.32,8172.64,749.54,2.996,8.212,19.87,10.0,90.0
96085.13,22472.02,8151.02,306.75,6.035,9.375,28.08,10.0,79.39
76375.75,1279.04,5227.06,611.11,0.923,9.917,16.14,10.0,90.0
41792.63,24181.67,5503.23,1952.09,0.153,8.584,9.19,10.0,90.0
36688.2,12364.72,7112.73,726.51,4.075,2.295,19.42,10.0,76.47
41473.29,20156.39,5338.11,866.88,7.596,4.223,15.95,10.0,75.47
79718.82,4052.9,4461.88,62.48,8.244,0.979,34.8,10.0,67.61
69523.35,10502.59,9951.49,1452.86,5.543,1.729,17.27,10.0,72.26
26667.6,7515.06,1902.58,856.42,8.693,0.592,6.84,10.0,66.97
25669.84,7999.81,6130.92,251.12,1.347,6.447,28.11,10.0,85.22
18855.61,3958.13,8915.7,1938.69,9.645,5.379,13.03,10.0,76.55
69427.24,20338.33,7028.54,1565.99,9.225,9.178,13.39,10.0,89.2
78793.54,1221.82,8868.77,1465.99,6.032,4.684,13.24,10.0,82.0
33854.18,8500.13,3695.18,1917.85,0.681,6.459,5.54,10.0,90.0
11885.05,5185.85,3083.93,844.59,4.597,4.076,10.94,10.0,86.58
17395.45,15136.93,8587.09,1451.14,1.875,8.312,16.33,10.0,90.0
97107.4,7102.06,4244.09,452.11,6.321,9.271,17.12,10.0,90.0
36590.03,7215.96,7241.98,1409.39,1.981,4.374,15.08,10.0,90.0
79230.08,12720.12,1903.61,77.45,4.87,0.919,26.89,10.0,70.19
66219.72,16664.54,7680.46,296.3,2.136,1.719,28.51,10.0,75.09
44374.57,3911.31,5715.34,879.25,1.9,7.233,15.15,10.0,90.0
28511.85,5212.27,3051.81,73.58,2.554,3.32,32.29,10.0,75.12
20924.78,6932.19,5197.79,950.83,0.389,7.875,14.57,10.0,90.0
65351.17,24369.96,7120.96,1069.44,7.19,7.523,15.96,10.0,89.45
79717.04,10531.66,612.92,1262.13,3.137,6.974,5.0,10.0,90.0
67951.38,15375.76,6555.94,245.75,7.011,8.161,28.17,10.0,76.14
57727.19,6797.03,5645.11,402.97,6.569,7.59,22.82,10.0,80.05
13775.61,12771.03,2592.72,1245.9,0.755,6.363,5.82,10.0,90.0
97163.99,2778.86,7653.32,1333.47,3.189,0.142,13.41,16.64,67.43
81884.28,1833.81,3382.88,100.51,5.712,5.205,28.97,10.0,73.67
36353.98,12249.6,3130.18,1103.72,9.192,5.993,8.9,10.0,82.0
98197.33,10567.82,4976.57,1580.71,4.073,9.61,8.83,10.0,90.0
64169.34,4285.13,6923.42,184.75,5.097,6.54,30.33,10.0,73.1
62418.04,17502.43,9324.04,855.69,7.527,5.797,20.86,10.0,79.0
77326.59,24829.68,1842.89,686.7,8.053,5.458,8.11,10.0,80.75
83059.28,10495.52,4266.45,1831.65,9.241,1.123,7.25,10.0,68.88
69083.07,15989.41,1136.4,412.31,5.022,4.333,7.82,10.0,86.19
21528.62,24111.42,7706.23,670.8,2.019,1.43,21.75,10.0,77.6
40444.08,20956.84,4753.46,1801.97,7.668,0.622,9.42,10.0,65.78
93527.53,12125.25,7215.83,694.77,1.343,3.362,20.41,10.0,90.0
30215.41,18699.75,3560.85,1086.13,4.242,6.49,9.75,10.0,90.0
43495.03,4075.24,8521.01,114.42,6.319,8.681,35.78,10.0,71.05
48886.92,13290.49,5580.87,1970.56,6.949,8.123,9.6,10.0,87.79
49546.45,7697.45,9464.27,1658.65,7.357,3.017,14.81,10.0,75.19
65164.56,4867.93,1248.74,1287.08,2.016,0.555,5.0,16.67,73.07
94876.83,11230.74,5385.63,168.47,9.818,4.087,30.29,10.0,71.67
31662.34,4144.35,7781.32,196.0,1.866,3.216,31.36,10.0,75.13
20935.12,17775.64,6201.45,1112.7,1.051,3.776,15.26,10.0,90.0
27772.34,11949.76,720.34,605.88,6.674,5.635,5.0,10.0,85.35
89823.24,13747.47,9737.22,1264.44,9.109,0.401,17.6,10.0,66.28
68122.97,4513.02,3333.51,1216.48,5.638,3.771,7.56,10.0,81.27
35731.61,4354.52,2868.14,1685.37,5.995,5.63,5.0,10.0,89.09
83435.22,15001.97,5113.77,598.69,5.431,4.367,18.14,10.0,81.46
87523.3,24640.23,5650.5,1176.83,0.523,6.706,13.41,10.0,90.0
86186.29,3310.01,7779.74,1565.86,6.845,1.943,11.32,10.0,70.86
92703.39,7857.55,4236.1,1007.01,3.646,1.623,12.05,10.0,72.87
32701.69,21867.02,4679.62,1669.76,9.363,3.148,9.3,10.0,73.6
77953.77,2734.53,5582.12,305.99,1.949,1.107,23.21,13.67,74.27
51448.55,22021.26,4246.68,1481.1,3.091,2.439,8.61,10.0,84.38
85779.87,13582.86,9188.21,1888.82,5.098,0.96,12.13,10.0,73.32
75564.16,10798.4,8586.89,697.17,4.826,4.08,21.12,10.0,79.35
79880.27,8432.33,4822.25,764.36,4.063,7.143,15.39,10.0,90.0
69054.57,8130.81,501.85,212.92,3.213,2.937,6.11,10.0,86.11
25968.59,8339.26,9058.88,1300.91,1.557,0.137,18.0,14.55,67.63
59052.42,22235.27,1681.2,1127.28,8.227,5.615,5.0,10.0,81.41
98620.28,18371.09,2822.87,128.67,4.543,6.95,26.91,10.0,79.02
94364.93,17073.35,1947.43,1516.81,5.772,3.974,5.0,10.0,80.68
13885.64,20169.98,2208.25,1667.1,5.511,3.04,5.0,10.0,77.89
24833.33,7170.75,8127.34,1818.88,5.797,4.957,12.74,10.0,84.66
21855.59,15833.03,6005.26,1114.18,7.078,1.102,14.5,10.0,68.67
75338.19,12041.59,9582.9,932.53,6.331,6.475,20.71,10.0,82.88
83600.68,19778.6,2698.81,1758.47,2.812,7.36,5.0,10.0,90.0
29216.02,8422.15,5113.53,827.46,5.582,7.076,15.7,10.0,88.72
55526.74,16436.29,9785.57,1328.11,2.521,3.354,18.25,10.0,88.32
85663.27,22173.1,8351.21,1249.96,5.929,8.443,16.33,10.0,89.49
75952.14,10651.61,7421.85,775.71,4.376,9.474,19.08,10.0,90.0
58801.35,2598.93,2295.26,219.44,0.49,3.041,18.45,19.94,90.0
63131.29,13385.22,7809.35,91.76,7.366,2.701,38.59,10.0,66.51
55752.45,9303.34,3801.87,885.06,2.819,7.071,11.84,10.0,90.0
36779.36,17133.41,5540.1,988.34,9.21,7.112,15.14,10.0,81.21
60851.98,23824.79,6287.03,1654.22,2.878,5.153,12.57,10.0,90.0
71999.68,12654.6,6288.96,858.1,9.967,9.241,17.57,10.0,83.07
88599.06,12188.57,7401.97,598.26,4.683,1.549,21.89,10.0,70.7
67266.22,16710.04,6786.17,951.09,0.361,4.826,17.18,10.0,90.0
78500.94,3483.94,1149.52,514.08,0.855,0.449,5.0,47.06,79.04
24406.45,7084.15,4844.8,228.15,0.913,0.621,25.93,20.11,76.01
51540.17,23055.5,6808.21,270.43,0.657,0.631,28.03,11.14,77.4
10839.85,17078.62,3311.93,672.35,2.751,4.969,13.6,10.0,90.0
32201.1,1322.66,3474.04,74.72,3.313,5.931,30.62,10.0,74.1
75381.55,5911.01,1683.39,479.4,1.202,0.135,9.52,23.98,67.97
99262.9,17388.09,4476.84,1585.67,4.438,6.362,9.04,10.0,90.0
18926.03,19345.58,9874.89,507.5,3.717,4.948,26.03,10.0,79.43
46134.49,21156.63,3210.53,265.92,6.4,2.316,21.15,10.0,73.27
82006.39,8012.24,5548.65,1900.71,2.039,0.249,8.69,10.01,66.32
28363.21,23344.69,7560.75,1263.82,9.148,1.645,15.7,10.0,67.91
59957.65,14270.73,628.22,167.05,5.208,6.043,10.73,10.0,90.0
75976.42,17716.94,9054.18,171.38,6.275,6.623,33.93,10.0,71.83
65438.69,15321.73,4172.23,1243.64,0.491,6.506,10.36,10.0,90.0
26922.23,3945.76,8756.6,1103.25,5.635,1.616,17.27,10.0,69.99
41984.61,24114.75,870.0,183.33,3.744,9.121,13.3,10.0,90.0
80541.26,3949.01,1883.8,487.42,9.249,4.168,10.98,10.0,77.33
59880.39,7117.17,3564.03,1861.63,8.868,7.703,5.0,10.0,88.11
10470.67,20527.07,3781.89,1165.42,6.413,1.748,10.91,10.0,69.71
78489.17,15846.33,8554.05,908.63,7.702,4.759,19.48,10.0,78.98
13178.02,21115.58,606.41,537.8,6.481,5.263,5.0,10.0,85.81
77116.04,13377.67,6590.56,310.71,0.268,7.727,26.66,10.0,85.54
28223.25,10047.84,1747.47,835.13,7.061,6.253,6.34,10.0,84.71
96226.61,23124.29,8320.55,1848.61,1.853,4.053,13.53,10.0,90.0
43114.67,1870.06,7896.45,144.99,6.857,2.897,33.04,10.0,70.76
39423.85,21547.13,5249.25,1982.41,0.204,9.732,8.49,10.0,90.0
23399.92,6539.63,2520.53,455.23,3.178,2.917,14.6,10.0,83.95
37504.38,21369.67,6527.71,847.1,5.218,1.382,18.26,10.0,70.92
88898.57,4340.72,1984.45,137.85,3.398,3.074,20.96,10.0,81.76
99670.09,14925.26,2305.23,1190.33,6.97,3.337,5.0,10.0,76.59
43147.86,22314.59,6453.55,992.93,5.275,1.366,15.24,10.0,71.39
50374.96,12364.95,9916.67,1350.08,9.601,7.111,16.57,10.0,81.42
74986.38,18917.6,8965.08,1108.22,3.642,6.23,18.43,10.0,88.71
89757.62,20312.12,6134.52,826.45,7.246,3.234,17.08,10.0,75.45
63373.99,18675.86,5616.1,1488.63,8.375,9.931,11.04,10.0,90.0
45237.31,23207.91,9984.66,98.79,2.611,6.585,39.81,10.0,70.95
47135.97,11724.02,5700.27,1105.01,7.566,7.062,14.53,10.0,85.05
72605.63,5155.01,4491.11,272.06,3.994,5.616,22.66,10.0,83.74
10289.64,2147.47,9140.78,900.22,1.374,5.561,20.05,10.0,90.0
65763.04,6915.04,2724.75,1592.69,0.136,0.298,5.0,92.69,90.0
41994.37,4436.74,1426.5,327.8,7.463,7.732,12.09,10.0,88.39
81477.76,14390.77,6523.86,1874.83,1.944,9.116,10.56,10.0,90.0
18369.16,5438.69,1410.57,1782.58,0.607,1.31,5.0,36.81,90.0
62938.2,1934.41,4044.91,859.06,5.022,7.977,11.39,10.0,90.0
53287.56,1863.76,4523.99,61.65,3.532,5.39,34.83,10.0,70.24
67809.3,20957.67,5701.61,1590.0,6.949,2.925,11.17,10.0,75.64
15836.82,15194.8,9920.77,1767.75,1.163,9.217,15.18,10.0,90.0
62198.54,9594.05,2599.33,390.74,1.413,0.272,16.77,12.91,71.04
60533.61,22461.47,4069.69,1836.57,4.101,2.813,6.95,10.0,81.11
60459.41,2684.72,1756.28,1832.49,5.252,8.874,5.0,10.0,90.0
64313.89,24527.73,6272.33,969.02,8.26,4.862,15.72,10.0,76.38
70882.11,15791.0,7412.9,1606.17,5.898,6.029,13.11,10.0,86.7
82449.01,5403.14,5079.73,917.65,9.036,7.523,12.34,10.0,84.01
34283.86,17297.66,2835.4,1149.89,2.256,1.565,6.92,10.0,82.15
84254.45,19321.15,6398.44,673.69,6.003,2.23,19.27,10.0,73.45
54843.01,11304.23,5622.0,360.97,6.587,9.986,23.43,10.0,85.47
16935.25,21679.18,2126.26,1505.75,7.285,2.451,5.0,10.0,72.58
15269.58,4617.58,4353.98,52.72,9.888,5.438,37.75,10.0,67.74
40081.45,7692.1,4634.37,1180.13,4.734,3.057,13.11,10.0,79.04
80640.73,3243.82,9834.87,1736.14,3.756,8.529,12.82,10.0,90.0
73691.28,6061.07,8568.22,481.49,8.537,9.621,23.97,10.0,81.59
80975.35,6729.49,7476.52,699.15,1.85,1.499,19.33,10.0,79.79
56554.22,23023.2,8943.38,1195.6,0.467,6.046,17.79,10.0,90.0
49617.91,2874.63,7487.1,531.4,4.492,8.135,20.86,10.0,84.71
23270.73,11257.96,9082.32,1702.6,2.547,8.248,13.98,10.0,90.0
39537.35,13777.57,1018.25,764.88,4.026,4.46,5.0,10.0,90.0
49061.74,22568.63,4832.63,1184.15,9.862,2.331,12.43,10.0,70.01
17974.04,24944.71,7595.53,490.94,3.55,3.933,24.08,10.0,80.18
29855.08,19081.31,6041.31,130.7,7.109,7.536,33.41,10.0,72.73
63840.28,24298.98,2164.08,388.72,2.579,9.938,14.72,10.0,90.0
76209.68,19890.43,3734.67,140.09,3.104,5.587,28.23,10.0,79.76
99851.28,24116.86,3518.86,963.78,2.507,2.032,11.5,10.0,84.31
93980.2,17974.5,2982.8,1193.94,5.764,0.515,7.72,10.0,67.46
67830.87,2914.32,3759.79,137.12,2.338,9.443,27.32,10.0,81.94
47912.32,10646.08,5391.11,226.44,7.212,4.882,27.33,10.0,76.84
67255.96,16518.33,8621.26,996.77,6.835,7.194,18.54,10.0,84.23
80708.65,9417.24,7549.31,1608.4,4.271,6.636,13.22,10.0,90.0
20650.26,7561.21,8434.87,1274.62,0.353,8.92,17.02,10.0,90.0
46891.44,14857.58,8894.24,254.18,0.324,2.734,31.36,10.0,78.48
85582.21,23404.05,4453.43,1780.71,5.375,4.473,7.82,10.0,85.84
44544.97,1839.56,3787.25,1839.03,8.408,9.145,5.0,10.0,90.0
61468.5,19461.55,1047.42,683.67,6.029,5.897,5.0,10.0,90.0
62899.24,18345.45,9339.67,1251.23,4.413,0.806,17.69,10.0,69.11
26602.86,24134.88,1125.32,1010.04,8.833,2.025,5.0,10.0,69.12
42601.19,23337.07,7540.79,1886.95,2.05,2.448,12.82,10.0,89.13
40106.02,19293.58,4092.03,1042.06,3.658,9.938,12.23,10.0,90.0
12357.7,13489.81,9513.42,1921.93,5.697,2.319,13.48,10.0,73.66
12177.26,5902.42,4486.22,438.72,2.988,8.71,20.74,10.0,90.0
84852.73,14085.66,8257.78,723.8,9.977,0.873,21.2,10.0,69.89
34576.37,19368.45,3185.22,1573.62,4.578,1.899,6.3,10.0,74.52
56627.09,22496.06,3341.34,1578.04,0.612,8.733,6.3,10.0,90.0
36885.3,19953.09,6157.43,1477.76,1.843,8.999,12.61,10.0,90.0
94661.13,5686.41,9980.84,1726.24,5.372,1.844,12.53,10.0,71.35
33336.71,15392.47,5416.94,1419.97,5.546,2.376,11.59,10.0,75.16
48669.11,8972.16,9394.93,1290.37,9.843,5.353,16.71,10.0,76.21
88545.72,1220.94,7969.37,944.9,6.04,0.622,16.37,13.16,66.09
85774.02,5805.3,8060.71,960.82,6.7,9.458,16.12,10.0,87.92
26749.13,3717.3,4641.62,842.01,2.216,3.685,14.22,10.0,90.0
82237.9,21225.26,4172.15,1259.41,1.158,4.944,10.92,10.0,90.0
51236.82,7204.15,2323.26,842.99,6.06,1.14,7.8,10.0,69.99
53467.2,7832.75,9657.44,337.61,8.662,0.422,29.07,10.0,67.36
22013.2,24038.48,9614.24,257.73,5.915,4.731,30.83,10.0,71.92
17254.14,10098.08,7597.14,1852.72,4.484,1.305,12.86,10.0,71.19
75514.54,1230.06,3314.4,98.24,5.824,6.34,28.77,10.0,75.1
54681.5,7812.31,2829.21,255.66,4.741,7.965,19.9,10.0,86.72
49316.56,3863.19,9891.8,918.34,1.505,0.414,19.59,16.71,70.97
75655.74,3467.41,1132.16,562.71,7.438,6.161,5.0,10.0,85.94
78896.16,2859.69,8513.86,841.41,5.377,8.175,18.21,10.0,88.46
24301.74,15238.23,3876.85,279.02,4.053,4.45,22.14,10.0,81.18
64920.26,5544.35,4479.26,305.27,5.64,9.601,23.07,10.0,84.87
22181.87,9669.83,8403.79,1611.28,2.488,1.201,13.27,10.0,76.33
77623.76,21688.43,1360.73,1530.26,4.337,3.298,5.0,10.0,83.94
69125.96,11184.12,3864.61,253.29,6.262,2.378,22.9,10.0,70.71
96095.32,22976.59,9544.23,1352.19,2.339,9.962,17.03,10.0,90.0
16206.22,12950.51,7141.13,1238.16,7.515,3.012,14.92,10.0,73.79
15134.92,10572.08,7671.92,1441.06,5.258,3.94,14.38,10.0,82.53
35396.84,19009.33,7696.3,975.18,8.631,8.491,17.56,10.0,83.46
33553.51,2756.2,1075.42,576.47,8.488,9.307,5.0,10.0,90.0
32228.09,3147.48,2430.47,1344.17,4.996,9.384,5.0,10.0,90.0
91562.91,16647.37,5167.0,774.15,2.035,5.626,15.64,10.0,90.0
32459.16,12686.58,3997.43,476.96,7.393,6.667,17.47,10.0,82.07
34475.48,19969.97,4403.67,846.83,4.245,3.557,14.57,10.0,83.45
78345.84,22990.5,7923.75,1538.38,5.987,6.111,13.51,10.0,86.32
50476.59,10320.81,639.45,977.8,1.162,3.097,5.0,13.42,90.0
79903.95,15313.84,6774.67,634.74,6.353,7.486,21.09,10.0,84.6
15882.95,13016.72,501.05,1672.14,3.798,3.141,5.0,10.0,86.71
53881.41,24558.66,1099.06,1769.21,3.408,8.806,5.0,10.0,90.0
13025.22,20946.03,4378.72,894.84,9.801,1.52,14.82,10.0,67.54
15638.79,22881.7,8489.01,780.64,4.381,5.761,19.52,10.0,86.5
91579.37,7104.16,1877.46,1244.76,6.813,5.255,5.0,10.0,84.51
22532.08,19540.63,5768.9,163.05,6.315,2.711,31.35,10.0,71.53
57917.86,7371.36,6945.8,1398.08,1.133,0.377,13.96,14.79,72.55
46998.6,6009.82,2680.56,1575.46,7.504,1.57,5.0,10.0,68.96
41260.9,23662.39,5367.14,825.01,3.299,9.683,15.81,10.0,90.0
90985.0,1463.31,9158.37,390.5,8.01,9.419,25.29,10.0,78.2
11964.11,24169.33,5366.17,106.2,6.116,1.281,34.0,10.0,66.91
69741.07,4582.29,1994.57,1292.63,3.239,3.811,5.0,10.0,90.0
96705.5,20666.51,6464.24,574.54,3.627,4.705,21.69,10.0,84.7
60415.14,7622.14,6125.9,954.58,7.342,4.833,15.46,10.0,79.33
94314.02,9416.86,756.07,803.39,5.546,3.058,5.0,10.0,77.38
14703.21,6202.19,1360.65,391.03,6.717,9.138,10.96,10.0,90.0
47691.4,15052.34,1989.42,1041.32,1.667,9.094,6.03,10.0,90.0
33414.2,9354.29,1794.75,946.21,7.891,0.287,5.0,10.0,68.77
75773.89,16777.43,2964.92,1267.09,3.272,6.535,7.75,10.0,90.0
98316.74,1375.54,4814.0,541.18,6.237,0.836,17.47,12.17,69.46
33087.71,2545.0,4031.3,468.55,1.235,6.015,17.03,10.0,90.0
68875.71,3391.87,8961.17,1637.97,3.282,8.682,13.18,10.0,90.0
27828.79,11055.85,6315.04,1419.27,6.524,6.53,12.14,10.0,86.93
60879.72,20555.11,8823.37,1555.8,2.815,4.742,14.74,10.0,90.0
51753.92,22316.27,5506.87,290.42,8.815,9.583,26.06,10.0,78.53
97480.48,6875.46,1353.77,486.88,6.646,7.491,6.78,10.0,90.0
64767.45,14784.87,4901.23,1172.29,8.716,2.568,12.15,10.0,71.44
41455.57,19440.76,8309.31,1721.54,4.014,3.931,14.3,10.0,86.26
20268.62,7931.91,2343.99,1789.62,0.436,7.623,5.0,10.0,90.0
23612.21,10816.19,1366.54,1672.22,5.804,0.291,5.0,10.0,65.66
30278.52,13575.38,3629.63,134.63,3.458,0.733,28.51,10.0,69.27
32587.0,4237.0,4194.53,1650.71,4.537,8.608,7.38,10.0,90.0
86555.45,1623.58,3409.45,1803.23,6.843,0.525,5.0,12.23,67.43
60510.05,4667.34,1784.79,160.66,7.037,6.817,19.15,10.0,84.06
57105.18,16044.49,2882.98,861.75,0.373,3.257,9.92,11.11,90.0
20329.2,2766.84,6981.68,1096.39,7.716,8.276,14.54,10.0,86.11
87412.57,5552.71,4166.32,503.86,4.986,8.489,16.9,10.0,90.0
75053.29,9108.49,6509.22,1057.54,5.611,9.538,15.25,10.0,90.0
16090.15,2868.88,5594.89,1777.61,3.05,1.046,9.6,11.46,71.54
73705.16,5600.78,5716.0,1740.54,4.266,4.286,8.81,10.0,87.58
58918.44,22870.47,2861.22,1882.68,7.133,5.782,5.0,10.0,86.11
17355.28,1463.18,5454.66,994.01,7.789,9.169,14.68,10.0,89.02
51247.06,16682.37,724.15,850.61,3.932,2.738,5.0,10.0,84.04
53622.67,10225.81,4601.57,1348.29,6.942,0.809,10.25,10.0,68.16
24919.71,17143.57,5939.92,862.68,2.655,2.097,16.14,10.0,81.41
95112.83,15128.6,2228.96,131.79,8.337,5.006,24.22,10.0,75.08
86497.78,6363.97,2937.31,1453.85,6.137,6.842,5.0,10.0,89.13
70212.01,21333.03,2585.54,597.92,7.774,6.938,11.75,10.0,83.49
51606.6,12806.57,1170.3,145.72,4.824,0.839,18.15,10.0,69.94
47058.9,20740.86,3804.64,90.21,2.368,7.638,32.2,10.0,76.34
68587.61,10744.3,9800.17,1866.15,4.349,6.636,14.56,10.0,90.0
59088.87,24632.45,3861.86,541.55,3.877,4.135,17.0,10.0,85.0
15604.58,19491.74,4875.1,923.4,3.394,5.754,13.56,10.0,90.0
56125.24,24182.8,6704.33,1903.62,2.201,7.701,11.17,10.0,90.0
82576.33,13343.84,6660.73,961.66,7.616,2.695,15.91,10.0,72.73
51331.59,12368.59,9524.0,203.29,0.955,9.406,32.66,10.0,74.77
14676.09,19130.89,8646.86,1126.28,8.887,1.464,17.51,10.0,69.22
80765.04,22126.99,8042.53,221.99,1.833,9.032,30.92,10.0,79.77
28122.74,24139.5,9540.46,235.42,9.801,7.434,31.23,10.0,71.97
33275.88,8789.25,2692.27,1710.38,9.886,6.639,5.0,10.0,82.74
24823.57,20168.91,6362.01,614.37,4.044,0.921,20.21,10.0,69.48
39719.36,6055.49,8928.37,1373.41,9.879,9.198,15.94,10.0,82.55
78107.64,14093.78,6429.31,1042.4,8.704,3.024,14.76,10.0,72.68
56744.73,5316.36,9785.49,483.54,0.916,7.482,25.53,10.0,90.0
28439.31,9337.54,1453.35,1059.75,9.479,8.86,5.0,10.0,86.96
89004.71,23352.6,4673.64,184.54,0.521,2.518,27.27,10.0,82.21
89162.37,4506.18,9784.95,727.06,1.901,9.155,20.03,10.0,90.0
88352.06,16177.62,4105.9,1069.53,5.887,6.158,11.88,10.0,89.96
31491.66,15230.9,7525.79,495.37,0.899,6.624,24.35,10.0,90.0
50611.54,3897.72,788.83,1337.37,1.701,9.154,5.0,12.02,90.0
98649.07,8823.5,7100.95,151.03,9.54,5.315,32.46,10.0,72.68
79481.12,14511.56,9378.95,995.38,9.947,4.462,19.39,10.0,75.5
12445.07,5492.29,4135.71,1444.24,8.002,6.369,9.74,10.0,84.17
15868.41,20214.97,702.35,888.39,5.201,5.585,5.0,10.0,89.9
51753.82,24331.76,765.14,1755.44,9.013,0.709,5.0,10.0,68.95
91829.82,6154.23,8974.22,1282.78,1.208,1.887,14.63,10.0,90.0
58483.16,5485.89,7363.9,1919.06,9.435,0.234,10.31,10.0,65.72
54803.13,11918.44,1513.52,604.04,3.58,1.171,8.25,10.0,73.51
19492.63,18946.37,1018.61,1880.64,8.629,7.326,5.0,10.0,86.58
69110.21,7758.41,8145.84,1233.3,6.717,0.147,14.96,10.0,68.1
83989.28,1477.12,8193.68,1503.1,9.607,3.114,12.72,10.0,71.29
44237.8,13989.3,1644.96,1809.21,8.66,4.548,5.0,10.0,79.29
79805.07,23958.41,3364.44,1124.83,8.89,9.384,9.55,10.0,88.74
96802.9,10390.64,7910.25,1731.25,6.354,3.337,13.52,10.0,77.51
28338.98,11083.23,5491.41,1106.31,8.348,7.853,13.55,10.0,85.81
57099.67,24253.64,9587.56,1218.44,7.596,4.147,18.32,10.0,76.48
35842.42,17670.58,5070.1,917.94,1.7,1.075,15.43,10.0,79.97
81356.9,18260.13,6931.1,334.0,6.521,1.079,26.16,10.0,69.22
61983.4,14504.85,5342.94,1129.33,1.567,4.381,13.15,10.0,90.0
67112.42,24390.62,9458.17,1956.02,8.708,0.673,14.15,10.0,69.11
81812.27,17532.8,4287.26,1585.01,0.753,5.759,8.76,10.0,90.0
45637.34,22480.79,2683.07,1507.62,9.872,4.987,5.41,10.0,78.43
92358.11,17785.09,3603.02,1304.45,4.066,7.055,8.85,10.0,90.0
57972.6,18642.78,8601.36,728.42,1.789,1.938,21.3,10.0,83.48
24215.93,7969.86,5230.42,380.75,9.363,5.97,22.61,10.0,77.25
72630.92,8283.49,3865.4,487.88,0.55,1.828,17.38,14.38,90.0
81393.52,19791.63,5670.47,62.33,4.754,7.25,39.24,10.0,69.48
38508.55,8120.95,1765.68,1363.29,7.725,3.141,5.0,10.0,74.36
87146.13,14506.48,550.91,1633.16,3.236,6.183,5.0,10.0,90.0
91552.89,6984.46,3165.55,574.38,5.335,8.839,13.05,10.0,90.0
34921.4,20607.6,6247.55,229.11,7.034,4.934,28.23,10.0,73.83
98516.93,3652.03,7260.97,704.67,9.525,2.004,18.54,10.0,68.67
22664.04,20906.72,8352.8,619.5,1.117,8.873,22.75,10.0,90.0
28181.41,15465.52,9303.3,929.21,1.657,3.65,19.73,10.0,89.68
26580.24,5485.83,4415.07,565.0,5.138,7.33,18.38,10.0,89.0
90459.07,14008.85,7534.91,712.48,4.243,3.269,19.83,10.0,78.44
68886.33,7779.97,1209.39,1819.73,4.167,3.052,5.0,10.0,83.97
23689.39,8763.22,1046.53,702.93,3.04,6.456,5.0,10.0,90.0
49629.11,9436.67,1685.58,1581.76,5.651,1.647,5.0,10.0,71.83
65376.82,2519.66,4761.41,1270.38,8.845,8.683,10.1,10.0,87.23
17511.77,24663.08,2507.17,708.2,1.693,3.937,11.76,10.0,90.0
89417.47,1756.83,3225.79,1644.69,2.231,0.291,5.0,34.44,68.02
82324.32,16899.92,6654.86,1210.4,6.741,3.124,13.5,10.0,74.92
55468.61,9909.46,3905.96,66.81,0.656,7.871,34.89,10.0,74.89
97041.4,16504.25,5795.03,184.02,6.77,8.608,29.26,10.0,75.66
47598.49,9549.96,4417.84,1517.65,3.213,5.722,8.89,10.0,90.0
98569.93,17170.02,2105.21,920.73,3.643,3.012,7.89,10.0,83.66
70112.8,18501.65,1203.19,840.74,4.115,5.326,5.0,10.0,90.0
67120.41,17573.26,2744.2,334.36,3.561,8.38,17.68,10.0,90.0
24935.94,3735.09,1048.15,356.77,8.428,3.229,9.22,10.0,71.77
89373.5,16765.44,6376.81,1605.62,9.466,3.916,11.89,10.0,73.54
48474.07,7719.7,8059.32,1666.58,5.525,5.443,13.63,10.0,85.36
24601.01,1691.23,3727.54,1142.0,5.861,8.883,7.58,10.0,90.0
11134.68,10955.94,4177.56,625.5,0.798,5.863,17.07,10.0,90.0
60378.01,11405.03,8253.82,1868.77,7.161,2.155,13.17,10.0,72.7
57465.97,12212.18,2614.82,1266.73,5.883,0.982,5.9,10.0,70.66
74741.83,17915.78,1632.02,1603.45,0.599,1.041,5.0,15.41,90.0
90123.22,8412.25,5260.62,56.4,2.064,9.507,38.0,10.0,68.9
17146.59,8566.73,6638.81,928.12,2.099,8.242,16.17,10.0,90.0
75834.68,2453.25,6196.72,1748.35,1.793,7.682,9.12,10.0,90.0
26867.07,17483.71,7281.79,709.55,6.621,5.014,20.38,10.0,81.24
87235.93,14627.83,1039.14,1466.77,9.292,6.758,5.0,10.0,86.68
83715.72,9386.2,4567.92,1332.47,7.653,1.361,10.82,10.0,72.18
58671.44,17924.54,2766.42,346.83,4.826,6.247,17.6,10.0,88.05
73921.85,13896.59,7711.65,1561.06,4.1,8.127,14.29,10.0,90.0
38291.51,12261.88,8790.94,269.43,3.926,0.715,30.56,10.0,68.34
52405.11,13271.79,3172.69,1469.43,6.052,3.032,7.49,10.0,77.55
83947.32,16272.36,1404.57,1982.39,3.656,1.192,5.0,10.0,74.37
51333.87,16840.06,2907.57,1918.06,2.339,2.676,5.0,10.0,90.0
42201.84,7934.99,1488.08,1610.47,6.068,7.748,5.0,10.0,90.0
54479.12,4377.84,3563.01,1092.31,3.968,3.387,9.56,10.0,84.14
84542.43,4759.22,5612.89,1365.91,0.24,6.928,11.05,10.0,90.0
40168.72,16345.38,9749.97,1469.81,0.32,7.756,16.17,10.0,90.0
25638.54,21948.96,4294.02,66.38,2.814,8.185,36.47,10.0,72.23
74081.26,10827.91,2590.38,249.61,5.173,8.746,20.78,10.0,89.43
84338.04,5068.48,2084.62,1214.27,3.607,6.017,5.0,10.0,90.0
19057.37,19158.46,2143.88,62.74,0.338,2.878,30.98,17.27,78.76
31588.67,20979.75,2329.68,1822.37,2.309,1.591,5.0,10.0,82.42
22777.48,22133.98,7741.54,1004.84,1.055,5.087,18.47,10.0,90.0
41314.73,15563.95,1079.76,552.65,9.491,1.125,5.58,10.0,68.56
50531.59,21657.49,9975.33,817.95,3.197,9.116,22.98,10.0,88.15
77394.37,1369.96,5465.52,1709.01,0.246,4.481,7.66,10.0,90.0
68603.28,3573.66,5670.58,1858.03,6.64,8.743,7.92,10.0,88.95
65883.57,3221.83,3896.86,276.66,2.401,7.122,21.38,10.0,89.07
41713.75,18102.51,7057.43,1567.02,5.711,8.586,11.74,10.0,90.0
85730.28,2669.96,4978.84,1177.54,1.592,8.851,11.4,10.0,90.0
52415.85,12912.74,3626.08,1191.73,9.842,0.628,9.9,10.0,67.79
98119.44,12344.97,3018.81,1569.93,9.706,7.28,5.0,10.0,82.98
67072.79,8456.88,9293.69,484.55,6.594,2.343,25.5,10.0,71.16
21363.83,21889.72,3264.4,1085.54,7.101,9.894,9.7,10.0,90.0
70855.98,5090.4,4645.74,672.74,4.316,7.806,14.78,10.0,90.0
39259.36,9459.11,3828.24,234.3,9.626,0.137,23.83,10.0,69.22
71769.45,19580.12,1318.7,254.9,4.295,9.281,14.12,10.0,90.0
16267.7,1730.14,2266.38,316.12,2.471,2.994,17.06,14.94,85.72
25739.33,17150.81,2300.27,1249.05,1.242,4.225,5.66,10.0,90.0
87016.35,20593.55,7089.67,256.37,2.16,6.162,28.7,10.0,81.51
30446.16,23374.43,4362.56,1161.7,5.765,9.171,11.56,10.0,90.0
85333.7,22031.12,7928.69,1197.18,2.526,9.281,16.23,10.0,90.0
35134.85,8665.22,7235.03,1812.6,6.577,5.678,11.4,10.0,84.98
67859.37,15072.74,2324.47,1271.43,3.884,3.236,5.06,10.0,85.62
72473.55,2855.04,5847.71,1971.9,8.88,2.864,7.07,10.0,71.78
56138.93,7188.88,7557.63,110.44,5.629,3.708,35.87,10.0,70.63
37477.96,3261.34,6513.91,1423.08,6.264,1.887,11.18,10.0,73.99
29137.99,8564.49,6200.16,101.64,5.61,6.731,35.39,10.0,71.41
12987.04,22004.49,7526.3,1472.29,8.867,5.325,14.53,10.0,79.15
37355.18,9332.0,1039.42,802.41,0.728,7.757,5.0,11.96,90.0
68784.65,14485.55,7448.51,1242.05,0.767,1.032,15.62,10.0,88.73
94447.43,11401.14,3090.22,653.6,7.047,4.059,12.47,10.0,78.92
88408.4,12014.0,5932.79,360.25,7.703,2.475,23.95,10.0,72.32
78945.83,24269.73,2801.9,1460.85,4.393,5.398,5.0,10.0,90.0
80960.26,8107.71,8468.77,1814.01,3.588,4.736,13.78,10.0,88.58
69848.64,16055.79,5065.31,407.99,2.852,4.551,21.54,10.0,86.09
33425.82,11081.5,6607.94,1845.37,2.421,3.225,10.73,10.0,90.0
91647.55,2467.51,8043.78,323.36,9.128,7.296,26.37,10.0,73.52
70365.91,12743.94,9005.49,1484.54,3.022,4.868,15.44,10.0,90.0
60439.66,20520.24,7454.59,1920.92,6.516,2.102,12.22,10.0,72.38
19989.05,3370.07,1913.3,337.37,7.892,5.52,14.3,10.0,80.44
50235.0,2670.2,8618.06,898.43,0.317,6.007,17.68,10.0,90.0
51432.24,4687.16,6376.49,708.04,0.435,0.312,18.63,40.94,77.42
87810.72,19345.6,6289.77,807.53,3.398,2.117,16.37,10.0,79.69
59198.34,18375.89,9252.74,1518.62,6.991,2.5,15.25,10.0,72.03
44236.05,14560.43,2863.9,1339.32,2.682,2.556,6.2,10.0,88.11
97912.03,12237.43,2776.08,1938.94,0.115,2.465,5.0,19.28,90.0
19964.85,22319.82,5375.34,411.69,2.953,2.789,22.12,10.0,82.48
48029.36,19400.75,7633.2,1109.36,0.992,2.701,16.82,10.0,90.0
13782.22,20486.61,4748.79,925.8,2.272,8.852,14.05,10.0,90.0
76591.37,20518.3,6521.97,1841.77,3.399,3.265,11.43,10.0,84.87
92626.89,16425.21,4798.98,70.71,1.368,3.563,37.49,10.0,73.15
35203.36,11992.35,6298.68,1978.88,7.093,2.735,9.21,10.0,73.55
87250.75,21752.27,8311.49,985.48,2.634,9.679,18.4,10.0,90.0
36299.64,23224.18,2214.53,1269.8,6.645,5.401,5.32,10.0,84.04
91969.31,1571.35,7106.1,752.1,6.03,6.144,17.15,10.0,83.15
77856.57,2237.32,7980.54,1712.43,8.991,7.381,11.5,10.0,85.74
82441.61,24009.84,4747.56,1145.88,0.971,3.404,12.04,10.0,90.0
11620.59,7651.85,3570.72,1342.48,2.225,9.691,7.94,10.0,90.0
96652.93,21960.87,628.67,1315.36,8.665,1.608,5.0,10.0,71.04
75400.39,10331.08,8072.5,759.77,8.239,4.632,18.99,10.0,73.23
37427.6,3858.4,3615.42,198.18,2.002,1.54,24.78,13.17,76.77
84645.52,2930.64,3894.44,1625.03,1.167,7.925,5.7,10.0,90.0
35336.91,4756.19,3692.06,614.95,8.577,1.162,14.79,10.0,68.34
88547.85,6997.44,5238.02,1705.41,1.864,5.584,8.43,10.0,90.0
20132.24,12724.44,7173.75,1236.85,8.724,1.138,14.49,10.0,68.4
73331.74,17835.95,7832.7,739.72,9.615,4.581,20.63,10.0,74.22
58662.86,24673.57,4229.42,1208.78,2.286,2.875,10.6,10.0,89.3
18688.1,11596.16,6799.47,1308.71,8.42,9.043,14.64,10.0,86.69
31770.44,13436.44,7346.5,1428.03,4.296,0.626,13.99,10.0,66.54
11116.36,13523.58,3320.71,1653.56,7.909,6.534,5.52,10.0,88.09
52189.12,13946.42,1417.9,361.52,4.133,6.983,11.48,10.0,89.02
37113.87,13425.78,8999.32,1891.08,0.797,8.901,14.21,10.0,90.0
63852.17,1210.59,6932.6,851.14,7.156,8.79,17.26,10.0,86.53
36751.4,1041.4,6657.05,1727.88,1.592,9.773,8.95,10.0,90.0
36992.72,3343.99,1059.57,479.94,9.278,2.614,6.6,10.0,71.55
76887.39,3437.36,8269.79,106.61,4.236,2.821,35.23,10.0,70.57
14332.86,17917.53,5877.51,1168.02,0.912,4.033,13.62,10.0,90.0
91260.55,5917.98,8554.9,683.1,2.362,5.422,20.05,10.0,86.94
86703.75,22473.14,9758.33,1969.7,8.639,3.735,14.02,10.0,74.35
70102.42,23286.55,9592.45,253.68,3.279,7.429,31.09,10.0,72.83
63389.94,24421.44,8632.85,142.24,8.578,0.185,35.88,10.0,65.7
90307.22,23537.95,604.0,137.78,1.806,0.275,13.3,10.0,68.35
26679.72,7525.32,8914.41,472.9,4.735,7.189,25.76,10.0,81.99
17107.22,13234.64,1213.09,1179.42,8.795,8.843,5.0,10.0,90.0
31555.92,5210.92,8586.34,1035.85,0.579,7.788,17.93,10.0,90.0
81512.05,20349.03,3161.65,732.65,3.112,1.259,13.01,10.0,74.87
13120.32,22322.36,6295.65,223.15,9.108,9.356,29.75,10.0,74.95
62452.62,21430.93,861.65,505.79,6.006,5.267,5.0,10.0,85.94
99589.38,11400.81,7826.23,409.09,7.191,7.449,25.37,10.0,78.12
87012.65,19208.17,1561.21,1504.05,8.437,2.09,5.0,10.0,70.98
56930.11,3341.9,4401.54,1570.9,5.284,5.533,6.24,10.0,88.05
15727.68,1965.87,8265.74,1565.18,8.469,3.368,14.61,10.0,74.51
84823.62,19077.67,7105.82,1939.63,6.424,9.75,12.19,10.0,90.0
63908.07,11208.53,557.41,1774.26,6.888,4.795,5.0,10.0,85.16
20343.97,24893.18,4328.81,1020.72,1.613,7.58,12.79,10.0,90.0
18447.16,3334.1,898.31,859.13,9.396,6.072,5.0,10.0,82.28
91866.41,21535.06,6898.25,1835.75,7.981,1.034,11.11,10.0,69.98
70228.02,12519.59,9705.01,1241.89,2.617,5.475,17.33,10.0,90.0
84635.81,20851.6,6724.98,624.08,5.842,5.448,20.07,10.0,81.34
89108.1,20611.05,2631.54,1150.7,3.827,7.186,6.92,10.0,90.0
61459.51,22983.81,3874.71,1984.69,6.638,3.287,5.88,10.0,76.82
56570.17,8148.4,9778.18,1706.47,9.938,8.62,14.46,10.0,82.8
48738.47,23795.18,2628.5,598.5,0.553,6.264,12.61,10.0,90.0
38525.19,4640.01,5834.53,1908.26,9.53,0.489,9.49,10.0,67.83
49113.64,2967.25,4304.31,1963.85,0.817,7.098,5.0,10.0,90.0
79649.17,11358.77,7799.0,500.78,4.662,9.079,24.04,10.0,85.3
64173.11,20879.75,8740.2,1796.4,4.873,6.863,13.75,10.0,87.52
90327.1,12362.11,3737.95,1772.25,2.76,3.862,6.3,10.0,90.0
49904.2,20902.88,6773.77,127.52,5.71,5.947,35.0,10.0,75.68
64638.06,18512.48,5715.95,1355.89,8.356,1.797,12.85,10.0,71.59
66817.68,6026.28,3145.22,645.3,3.01,6.052,13.32,10.0,90.0
63252.74,23773.16,3083.44,1365.49,0.797,5.06,7.13,10.0,90.0
73237.04,2458.75,5617.0,1831.44,6.36,0.359,7.72,10.0,68.44
31369.01,22558.71,1963.03,1022.62,7.542,3.287,5.32,10.0,75.38
56112.74,8306.64,8202.69,858.11,9.55,1.993,18.87,10.0,68.91
19380.23,13003.55,1155.55,1846.99,1.679,3.967,5.0,10.0,90.0
44606.02,11136.44,1398.46,1949.52,9.023,2.494,5.0,10.0,70.53
53890.04,5124.03,3751.15,171.36,4.873,8.359,26.24,10.0,81.66
68700.18,9595.52,1621.87,1849.55,2.434,7.007,5.0,10.0,90.0
95547.79,5630.43,5019.15,211.4,9.631,7.427,24.18,10.0,76.49
64058.6,5893.28,4296.92,707.71,2.46,3.673,15.0,10.0,90.0
76923.45,5489.36,7357.19,1537.02,7.361,0.134,10.68,10.0,68.25
55563.95,12736.42,9553.54,1565.22,7.87,2.27,15.73,10.0,71.89
67069.36,20150.35,7658.81,1465.35,4.362,7.577,15.23,10.0,90.0
16383.9,14655.28,2204.76,126.27,6.931,6.068,24.96,10.0,78.99
32895.24,22436.96,9387.45,309.28,5.768,5.432,29.37,10.0,73.85
42566.78,16277.07,4225.27,1875.62,2.001,2.877,6.45,10.0,90.0
52524.4,17544.16,5004.8,208.85,7.623,0.85,27.21,10.0,67.79
14108.39,17022.57,4504.97,203.16,9.287,7.87,26.86,10.0,75.55
22602.17,11787.02,3165.2,1679.51,4.938,0.483,5.97,10.0,66.29
34913.29,17544.13,9002.92,1300.47,9.944,0.685,16.81,10.0,67.56
97437.94,2672.99,3656.27,735.73,4.337,3.02,11.77,10.0,80.35
39821.23,21636.44,5996.67,373.14,4.849,5.772,24.39,10.0,80.28
53383.7,19667.49,2780.32,1774.13,6.772,9.923,5.0,10.0,90.0
27648.79,6885.52,8075.07,1977.65,1.939,0.997,12.24,10.0,76.05
64970.21,19432.78,7854.89,147.44,9.029,4.784,34.52,10.0,71.95
35261.49,1303.42,3314.97,1130.52,8.033,6.057,6.51,10.0,85.51
28629.33,6213.92,6974.76,559.54,8.737,8.249,21.08,10.0,81.86
56491.54,2563.29,7186.8,1673.15,6.135,6.927,9.91,10.0,87.99
10495.52,19725.45,5843.86,724.84,8.849,8.097,18.0,10.0,83.58
10689.76,19140.98,6205.68,1443.53,6.832,5.272,12.22,10.0,82.11
29716.19,20527.26,5957.32,1102.07,5.164,4.396,14.36,10.0,84.52
13304.92,1107.56,1277.71,1105.97,9.325,6.225,5.0,10.0,83.26
19722.32,13029.59,6867.52,1723.1,4.453,9.019,11.58,10.0,90.0
40497.46,17916.07,4962.86,967.29,5.056,5.553,13.2,10.0,87.08
82232.71,4729.63,4665.34,1698.92,1.778,6.095,6.88,10.0,90.0
61484.38,16594.98,8669.99,758.68,9.482,3.446,21.39,10.0,73.13
56140.1,3018.64,720.65,390.83,2.288,6.002,5.0,14.73,90.0
36413.99,5351.82,2887.49,938.18,2.094,6.315,9.68,10.0,90.0
93857.83,12419.12,1653.33,1021.79,1.102,7.559,5.0,10.0,90.0
45731.35,16685.56,835.74,982.85,4.588,5.765,5.0,10.0,90.0
17838.35,4500.86,3118.93,1626.24,2.809,2.056,5.95,10.0,83.17
65535.99,5445.36,9890.52,1151.12,7.434,5.861,18.31,10.0,79.32
20245.46,5906.71,3067.18,1782.47,3.144,3.049,5.39,10.0,87.4
41070.08,6728.82,6805.21,1052.66,7.236,0.965,15.02,10.0,69.14
55667.07,6437.29,1623.84,488.19,2.04,8.272,10.27,10.0,90.0
88680.03,10483.58,6217.55,302.52,2.377,0.754,25.26,10.0,70.32
54419.19,16690.95,9852.57,1743.31,8.081,6.354,15.64,10.0,79.91
73203.29,11512.76,3272.46,159.54,3.774,9.886,26.03,10.0,85.51
99353.52,19623.37,8556.72,279.34,1.207,0.967,29.69,10.0,72.8
21834.02,18262.44,9976.93,174.13,9.618,2.279,35.17,10.0,68.95
34725.84,4036.65,6091.26,876.28,1.856,7.632,16.55,10.0,90.0
45511.85,2172.2,3439.31,1088.6,1.587,1.059,8.81,22.89,81.61
47964.54,22070.6,6898.55,88.76,3.648,8.344,38.36,10.0,71.12
46991.9,2915.95,8526.06,1055.39,1.047,0.103,16.94,43.33,67.75
91684.99,4560.14,2127.83,817.83,1.641,8.91,6.2,10.0,90.0
74262.94,1531.2,4798.9,1558.61,8.48,0.762,6.7,10.0,67.91
64711.47,16080.07,3532.28,1668.42,1.798,9.228,6.76,10.0,90.0
37843.54,14976.89,3191.91,1385.69,1.203,8.659,6.61,10.0,90.0
84141.13,24685.69,8677.8,973.32,8.812,5.442,18.71,10.0,79.57
95955.45,22286.38,4505.71,471.49,4.494,7.802,19.43,10.0,88.14
83907.85,10860.24,3721.23,1701.87,1.656,0.841,6.47,10.0,75.8
10140.86,9918.06,6233.35,716.25,5.857,1.438,19.07,10.0,72.11
67276.12,8124.45,2584.32,744.77,0.511,3.756,9.97,11.04,90.0
14602.18,4657.77,2683.99,1836.22,4.331,5.421,5.0,10.0,90.0
33184.65,4314.01,5442.74,1952.41,5.944,8.695,8.48,10.0,90.0
15357.22,4174.81,4388.09,1801.36,9.575,5.473,8.91,10.0,79.06
64341.59,3738.75,3302.33,1996.56,3.332,6.686,5.0,10.0,90.0
71793.09,6772.29,1012.54,1744.37,7.674,6.831,5.0,10.0,86.54
20303.89,8360.05,5447.36,1423.5,1.414,8.788,11.88,10.0,90.0
44545.5,24077.9,8257.79,622.95,4.392,7.79,22.18,10.0,87.25
51061.29,14883.36,8588.08,1908.27,2.309,9.773,12.67,10.0,90.0
43214.77,24702.3,2736.68,1759.42,4.975,0.298,5.0,10.0,68.12
20892.25,9939.21,6196.59,519.46,4.231,2.158,21.88,10.0,76.27
47705.3,11983.04,8630.87,1003.87,9.8,9.311,18.16,10.0,83.2
77606.02,8789.89,4382.9,186.61,9.183,7.943,26.25,10.0,79.49
16390.69,5389.3,9355.3,1908.95,5.864,2.747,14.0,10.0,76.38
17216.2,4435.95,9078.3,1166.9,1.847,9.745,17.85,10.0,90.0
41929.42,23681.9,2477.27,528.14,5.614,8.712,13.65,10.0,90.0
94755.31,24683.46,2960.17,620.18,7.942,0.74,13.38,10.0,68.42
70171.54,2077.83,2214.2,1962.28,0.476,8.132,5.0,10.0,90.0
71080.3,4608.3,2362.52,1250.45,4.397,7.866,5.0,10.0,90.0
42572.8,11164.58,9124.69,870.33,0.522,2.289,21.05,10.0,90.0
63429.47,5472.0,9345.81,1024.7,2.515,6.726,17.94,10.0,90.0
10911.81,9733.13,993.02,242.17,1.012,9.705,13.46,10.78,90.0
67248.64,4098.31,6139.23,196.29,9.61,6.791,28.23,10.0,75.09
92195.83,11956.28,5860.2,1205.78,1.771,8.156,12.69,10.0,90.0
65131.61,7520.67,4210.2,1048.41,1.586,1.084,11.89,11.08,80.26
88632.87,9445.72,6501.13,750.35,9.723,7.302,18.39,10.0,79.41
75157.57,3263.5,9499.99,1153.92,5.208,2.127,16.25,10.0,72.38
20850.26,11275.07,2117.42,191.72,7.604,0.811,20.7,10.0,67.75
91220.8,24598.18,1643.9,1890.78,3.34,5.566,5.0,10.0,90.0
15979.95,8891.99,817.21,622.74,5.375,7.531,5.0,10.0,90.0
58057.07,22034.3,3956.42,189.97,0.168,5.513,25.99,10.0,89.43
22792.34,21236.78,3707.47,380.53,4.147,9.323,19.46,10.0,90.0
11053.59,23849.4,4592.79,236.17,5.595,6.987,25.46,10.0,80.82
47983.08,19962.63,5281.45,398.28,5.193,1.264,22.28,10.0,70.72
36553.66,16830.32,7699.33,862.67,4.118,9.352,19.38,10.0,90.0
53740.04,21558.03,4225.08,1489.2,7.9,1.614,9.58,10.0,70.93
61947.99,2815.47,3640.82,581.08,5.066,7.607,13.82,10.0,90.0
13936.52,12107.94,8355.35,900.06,6.398,1.571,19.86,10.0,71.93
21070.3,24742.15,8573.07,1861.08,1.928,9.986,13.45,10.0,90.0
60277.82,19470.4,2711.28,626.85,8.629,3.389,12.69,10.0,72.56
40885.06,24089.81,3489.38,1599.7,3.692,5.01,7.65,10.0,90.0
75625.61,19711.22,8338.61,357.74,4.873,4.722,27.39,10.0,76.6
68706.25,21997.17,1254.38,397.73,3.587,1.109,9.81,10.0,72.35
86104.39,17956.71,3595.54,939.5,8.93,4.991,11.91,10.0,78.68
72324.35,19252.05,4759.33,506.5,9.017,1.58,18.72,10.0,68.12
48693.8,13556.27,2277.18,1810.9,2.32,8.04,5.0,10.0,90.0
70567.0,23181.7,2209.18,148.97,7.552,9.587,23.45,10.0,82.06
34784.31,20800.93,4536.19,1214.68,1.119,8.1,11.74,10.0,90.0
37568.21,21253.24,7667.96,1228.25,0.396,4.368,15.97,10.0,90.0
81008.66,17152.22,8482.21,178.75,8.382,0.123,32.72,10.0,65.72
50177.76,8309.92,9802.73,1478.5,1.399,0.463,15.77,10.93,71.47
81854.23,1855.12,1202.85,964.35,1.632,5.001,5.0,16.83,90.0
84018.01,23455.72,2558.48,1459.99,6.105,6.827,5.0,10.0,89.09
87180.61,15066.89,7687.98,1662.5,8.186,8.213,12.44,10.0,86.72
92497.17,8155.43,5635.69,679.65,1.977,6.035,18.29,10.0,90.0
48788.67,4579.24,3612.96,994.75,1.231,9.785,10.7,10.0,90.0
38698.01,20908.56,2453.1,558.48,0.865,4.988,12.93,10.0,90.0
62397.89,21076.48,3164.54,442.95,0.346,6.04,16.9,10.0,90.0
43405.52,20548.19,4578.25,51.16,1.253,2.378,38.24,10.0,68.02
64096.68,16481.98,2182.94,1929.08,9.433,3.463,5.0,10.0,75.11
73502.73,9784.37,9660.15,909.81,1.043,6.863,20.58,10.0,90.0
71956.45,8297.69,1522.09,75.49,6.016,6.056,25.61,10.0,79.42
43709.76,1205.31,9862.99,67.43,9.218,3.76,41.83,10.0,68.11
25017.42,21006.58,8497.99,612.29,6.315,1.209,22.77,10.0,69.17
48747.64,3098.38,4519.94,77.18,0.424,3.492,33.69,10.0,72.57
22833.47,16138.12,7528.26,780.3,6.004,0.537,19.58,10.0,66.01
90108.73,13097.8,6879.39,172.73,9.04,5.85,31.92,10.0,72.69
41128.97,13640.54,2526.23,126.54,3.293,3.298,26.34,10.0,77.08
23901.38,23241.11,3721.17,1355.29,3.205,3.861,8.19,10.0,88.03
12290.3,1758.76,5374.66,1818.34,2.564,5.793,9.46,10.0,90.0
68124.01,19561.41,6559.52,848.3,5.105,5.855,18.18,10.0,85.46
67321.21,2249.26,5657.5,1681.7,2.456,5.925,9.63,10.0,90.0
40654.37,1915.69,4993.38,107.07,7.266,4.967,31.4,10.0,71.42
16454.07,11315.62,4709.95,1566.5,6.484,4.932,8.46,10.0,84.83
46866.6,2513.8,5233.51,172.46,4.068,8.23,26.74,10.0,76.37
38009.57,19939.45,4626.34,1684.96,7.253,4.729,8.26,10.0,82.05
70940.86,13709.51,5642.64,1770.61,1.075,5.407,10.53,10.0,90.0
64520.13,1696.93,8935.86,1582.65,7.52,9.883,14.13,10.0,89.9
42813.44,1972.02,6511.88,1650.46,6.069,1.892,9.71,10.0,71.87
29610.33,15704.04,7364.9,1144.89,6.338,7.292,16.13,10.0,86.72
98923.24,20346.68,6176.09,566.53,0.74,4.785,19.29,10.0,90.0
50860.15,11507.19,6608.67,1304.3,6.22,8.322,14.27,10.0,89.09
71944.68,14309.94,5994.32,907.11,4.992,4.1,16.3,10.0,81.85
22649.77,20195.91,755.23,60.41,4.91,3.1,21.77,10.0,76.51
53703.07,15652.15,9996.18,979.81,3.286,2.157,19.58,10.0,76.23
12478.3,6394.25,819.29,1319.82,0.175,8.735,5.0,20.8,90.0
55490.96,15713.25,4253.91,77.07,4.284,7.211,34.05,10.0,72.22
96761.57,16078.71,1498.6,1261.65,4.069,0.861,5.0,10.0,71.14
44578.6,18618.57,1420.82,1322.44,4.286,7.164,5.0,10.0,90.0
13509.64,15900.98,8038.51,358.31,6.159,0.447,26.47,10.0,65.25
12786.02,24261.81,4546.29,890.59,3.069,1.898,13.55,10.0,79.28
44918.81,5734.92,8110.82,1930.45,2.767,5.969,12.42,10.0,90.0
24402.24,23826.18,3091.47,1774.17,5.028,4.689,5.0,10.0,86.2
12101.69,13920.15,2936.4,851.1,5.964,8.421,10.69,10.0,90.0
78059.23,17126.95,2886.7,732.2,5.717,6.118,11.22,10.0,88.47
51267.07,3387.08,6353.38,291.96,8.828,9.653,24.22,10.0,78.93
36032.03,10133.82,8242.49,118.62,7.715,8.566,36.18,10.0,71.21
91007.49,19465.1,4796.48,630.05,0.617,3.468,17.96,10.0,90.0
20452.51,17965.86,4102.86,1883.55,5.678,8.358,6.63,10.0,90.0
96032.69,1963.35,9749.01,1919.3,4.236,8.712,11.74,10.0,90.0
38257.0,14118.26,1609.16,1634.41,3.674,9.7,5.0,10.0,90.0
89956.33,3118.68,5123.01,734.11,9.583,0.224,14.2,10.0,67.08
64264.86,24900.55,4380.63,330.07,4.622,8.76,22.01,10.0,85.09
84403.66,22535.12,1432.2,1211.29,7.222,0.792,5.0,10.0,70.51
98561.18,1505.94,3047.9,1310.68,9.674,5.328,5.11,10.0,78.43
35956.49,21607.59,770.19,877.92,1.595,4.205,5.0,10.0,90.0
96502.19,23066.31,8831.07,1398.71,0.641,9.207,15.48,10.0,90.0
45053.37,9485.16,6274.57,1506.03,3.205,4.111,12.85,10.0,90.0
44696.07,18268.04,8242.68,1576.97,0.54,6.001,14.16,10.0,90.0
40634.84,11610.49,5454.77,1029.48,1.256,6.95,14.28,10.0,90.0
58726.68,16725.58,6195.34,1593.7,9.918,0.288,12.32,10.0,63.67
23873.05,9167.62,7158.12,99.68,9.606,5.95,36.36,10.0,68.54
59834.03,8741.42,9126.11,1376.79,6.944,5.228,15.92,10.0,80.66
58753.43,11186.41,1371.64,509.49,7.555,5.981,7.64,10.0,84.38
78571.16,4493.63,3644.01,577.51,1.491,0.85,14.03,16.72,78.42
85028.5,20947.34,7235.75,228.04,5.993,0.65,30.2,10.0,67.27
49639.72,9368.75,9604.33,425.16,1.629,1.858,25.68,10.0,78.99
37209.99,10603.59,9817.67,1984.42,3.846,8.708,14.2,10.0,90.0
33340.14,22457.31,6561.98,860.01,3.519,3.629,17.75,10.0,84.5
27516.15,12918.97,2339.19,1859.14,6.178,4.397,5.0,10.0,83.5
15188.28,14062.09,1632.48,367.65,0.889,3.963,12.28,11.95,90.0
40820.32,23955.95,9487.41,447.91,1.124,7.172,26.84,10.0,86.53
34322.29,22281.43,4622.31,1137.74,6.138,2.669,12.96,10.0,75.68
96977.56,5067.2,2350.75,731.59,6.398,0.777,7.93,10.0,69.35
60193.79,12357.16,9371.98,1305.63,3.465,3.844,16.8,10.0,86.83
41254.93,24311.11,1492.98,872.99,1.554,7.306,5.0,10.0,90.0
62242.08,9936.79,7430.93,1632.61,8.872,9.158,12.73,10.0,86.52
22527.7,9917.75,6440.0,891.54,0.624,0.603,17.01,20.34,85.04
49963.94,5680.73,1333.48,1166.08,7.202,8.124,5.0,10.0,90.0
66361.09,3743.75,3718.11,676.09,1.486,0.755,12.77,20.38,75.66
54000.8,18767.31,1924.34,1422.88,6.41,3.374,5.0,10.0,78.52
46160.09,19480.73,6242.74,1326.73,6.67,0.321,14.39,10.0,68.12
99446.36,24256.31,5032.57,824.15,8.062,9.124,16.31,10.0,88.3
89228.33,19562.04,540.61,588.26,4.011,7.097,5.0,10.0,90.0
66106.54,6840.46,9769.25,1247.5,0.316,3.754,18.23,10.0,90.0
61243.96,1962.8,3821.05,1889.15,8.129,3.837,5.0,10.0,77.2
65859.44,24650.5,2952.94,308.65,4.496,6.434,20.28,10.0,88.7
28118.09,9170.82,2613.21,1608.28,8.486,0.988,5.0,10.0,67.62
45562.4,8487.32,2008.75,1108.83,7.782,1.536,5.08,10.0,71.15
13551.36,22742.93,9991.8,1074.84,5.033,8.488,19.14,10.0,89.97
52799.14,15042.4,3303.54,1925.28,9.994,2.103,5.0,10.0,71.1
58872.21,6156.91,4352.38,1231.46,4.675,7.294,11.34,10.0,90.0
30497.48,22338.31,8777.88,1669.51,6.995,2.335,14.43,10.0,72.03
96762.6,24840.66,6597.93,1053.23,6.731,0.973,14.95,10.0,68.08
91850.91,3080.29,4002.6,537.21,5.229,9.01,15.25,10.0,90.0
74992.89,21694.04,9034.12,1404.26,5.895,9.027,15.73,10.0,89.32
58004.8,10372.38,7622.38,1850.19,8.006,6.093,12.99,10.0,81.53
88297.22,13577.74,2665.05,1690.4,5.759,4.674,5.0,10.0,84.02
21758.71,22955.58,6615.52,436.81,4.556,5.572,23.36,10.0,81.72
81145.88,24361.1,9262.79,667.93,6.655,4.14,22.55,10.0,76.75
21233.87,7291.93,5216.38,1057.92,0.452,7.596,14.56,10.0,90.0
81478.96,6108.42,7469.32,1164.63,1.181,7.57,15.11,10.0,90.0
34819.08,2932.4,9725.49,427.94,1.342,8.208,26.49,10.0,84.72
88938.15,14483.15,7058.93,498.52,4.315,5.277,22.91,10.0,84.61
94963.79,1326.51,1473.17,1529.72,8.731,8.033,5.0,10.0,90.0
23391.64,10885.56,2823.32,1474.12,6.469,1.642,5.61,10.0,69.1
51640.8,2761.22,6153.42,1686.46,9.729,0.398,10.26,10.0,66.45
98288.86,10725.42,3117.78,1869.21,0.495,6.516,5.0,10.0,90.0
53506.67,1958.37,9596.65,651.11,7.248,1.144,19.98,10.0,69.11
87719.28,21045.21,4350.84,1726.21,3.211,5.552,8.11,10.0,90.0
62985.84,6033.74,4843.69,1348.72,0.331,7.239,11.18,10.0,90.0
43779.69,8879.41,7165.22,1917.65,8.277,4.13,11.37,10.0,75.54
35720.52,21881.15,5480.37,580.54,1.711,0.534,18.45,10.0,70.88
28290.08,18910.39,4130.39,575.86,2.219,8.883,17.43,10.0,90.0
78561.84,6256.92,1228.06,1423.37,3.471,0.528,5.0,10.0,69.07
44788.65,2725.59,6166.23,1860.4,7.905,9.057,7.76,10.0,90.0
56014.79,18176.17,8742.01,1657.88,6.283,0.621,13.85,10.0,68.81
54309.29,10376.86,7014.74,1467.73,2.722,7.378,12.6,10.0,90.0
61955.11,19385.92,4124.2,805.25,1.768,9.256,14.19,10.0,90.0
87901.94,11687.07,1713.4,1449.65,1.185,9.079,5.0,10.0,90.0
98266.54,9304.06,8255.21,1612.14,1.583,8.945,12.88,10.0,90.0
46682.58,11828.93,9446.61,1518.91,8.695,8.842,16.93,10.0,84.02
84476.7,18965.42,4188.59,1369.78,9.235,5.153,9.29,10.0,78.98
78807.5,22653.29,7422.1,141.91,9.683,5.621,34.28,10.0,69.47
61617.61,2194.41,4402.25,1336.44,8.364,6.235,9.12,10.0,82.62
96044.24,13578.68,5271.54,982.67,8.885,8.97,14.65,10.0,85.92
28042.71,1788.05,8446.53,1925.06,8.179,8.398,11.79,10.0,87.47
19833.78,12241.83,1292.53,1234.02,9.585,7.851,5.0,10.0,86.58
86856.58,22246.79,5538.19,1236.04,8.472,6.79,13.42,10.0,82.66
49523.48,9678.17,2538.89,1988.41,4.674,6.222,5.0,10.0,90.0
86227.2,23378.81,3728.16,232.5,3.3,9.232,24.48,10.0,89.23
90378.12,16134.6,6622.07,588.82,5.884,2.007,21.24,10.0,72.38
15621.18,23419.73,758.67,1329.35,6.121,2.008,5.0,10.0,75.24
89511.83,19172.0,6141.34,664.71,5.792,9.826,20.57,10.0,89.14
50348.71,3482.44,3192.7,724.99,7.097,5.576,9.74,10.0,80.91
55938.92,6547.63,6860.1,1790.66,7.02,4.885,10.84,10.0,80.48
66393.33,10460.09,1845.02,1179.74,0.963,8.521,5.0,10.0,90.0
93374.43,5082.57,7490.21,250.59,2.927,8.513,27.65,10.0,80.64
11720.45,12877.88,6633.58,656.18,8.91,1.848,20.12,10.0,68.67
52915.91,12312.84,9726.8,198.31,5.941,1.818,34.03,10.0,69.5
71894.98,23950.22,9156.74,1134.45,3.352,7.973,17.62,10.0,90.0
75043.63,11409.47,3191.38,387.87,8.52,7.878,18.47,10.0,83.41
72327.92,19855.04,759.51,1721.37,2.566,2.329,5.0,10.0,90.0
22099.16,23605.85,6726.0,1175.76,4.151,8.431,15.81,10.0,90.0
36945.6,22047.73,6227.43,165.78,2.835,4.853,31.28,10.0,73.01
42284.4,6008.02,760.57,636.71,8.726,4.753,5.0,10.0,77.11
82399.35,12904.72,1665.44,1251.86,7.31,9.858,5.0,10.0,90.0
35088.39,9345.75,6054.67,704.22,4.656,5.24,19.02,10.0,85.1
28963.45,10596.61,9162.36,1050.69,9.33,1.457,18.74,10.0,68.59
96170.32,9659.36,9111.75,1823.26,9.282,2.874,13.28,10.0,74.25
10797.7,20832.62,1939.11,732.57,7.144,3.403,8.04,10.0,77.97
99803.88,11851.34,4153.45,704.95,8.931,9.589,15.26,10.0,87.23
70913.92,13568.66,910.43,1648.53,7.222,2.714,5.0,10.0,75.9
84562.24,24578.74,4958.08,671.58,6.319,4.361,17.41,10.0,79.53
36515.75,2439.5,7654.29,202.02,4.266,7.521,29.75,10.0,75.86
11288.37,12710.98,8004.74,402.84,2.807,2.814,26.86,10.0,76.83
76408.26,19577.48,5240.4,1900.16,0.697,7.046,8.35,10.0,90.0
85073.01,4627.89,1410.76,1869.92,8.029,2.154,5.0,10.0,71.32
76642.85,15676.76,4122.96,488.38,1.309,2.501,18.44,10.0,90.0
22856.53,6747.15,9354.97,1129.33,4.162,9.865,17.7,10.0,90.0
77808.51,21817.7,2681.32,317.87,2.423,3.753,18.4,10.0,90.0
79203.05,8850.39,3537.67,1365.62,4.601,7.324,7.16,10.0,90.0
69268.65,8897.51,7594.86,411.35,3.218,8.417,25.48,10.0,88.31
78950.43,15356.65,7469.02,147.09,8.314,3.534,34.23,10.0,71.58
86132.93,5405.51,9165.92,1658.55,9.784,3.636,13.06,10.0,71.71
65224.37,7837.33,4187.13,684.53,9.421,7.754,15.04,10.0,84.51
17974.42,10999.16,5388.69,261.62,6.261,6.109,26.93,10.0,80.09
53886.5,9487.31,4940.23,1676.11,9.795,3.681,8.64,10.0,74.18
16988.44,13597.05,9313.65,1536.68,4.067,7.521,15.63,10.0,90.0
46678.87,15391.36,7808.64,1383.33,5.273,8.651,14.35,10.0,90.0
46639.58,14600.02,8398.7,1826.93,2.643,2.427,13.05,10.0,86.44
15940.89,16700.04,1764.43,1003.99,8.99,0.341,5.49,10.0,67.32
41393.85,8385.99,8022.54,299.71,1.879,2.814,28.62,10.0,77.69
19989.83,4034.23,4613.3,169.63,6.144,6.777,28.06,10.0,76.37
82741.17,19259.38,721.72,670.96,8.015,9.161,5.0,10.0,90.0
95291.92,21418.73,1070.84,219.32,5.994,8.644,13.43,10.0,90.0
16508.48,7168.15,6940.13,1094.24,0.88,2.299,15.55,10.0,90.0
95960.37,10770.21,4034.12,78.27,6.153,8.822,33.95,10.0,73.96
57031.89,12965.66,8747.1,915.34,7.694,8.126,20.55,10.0,83.74
36960.91,13799.84,7475.59,398.0,1.959,7.371,25.11,10.0,87.97
16917.59,16827.76,705.96,768.12,7.396,6.913,5.0,10.0,90.0
55056.18,1998.48,7025.44,1366.32,8.798,8.09,12.21,10.0,85.2
81506.4,18315.45,2327.35,734.38,9.866,8.631,10.03,10.0,86.41
73637.78,2487.3,4514.53,715.61,4.16,8.209,14.12,10.0,90.0
14520.34,12238.93,6434.98,1981.96,0.349,1.306,9.33,15.32,90.0
16561.17,20864.11,8790.82,1451.69,4.249,7.249,15.83,10.0,90.0
46258.6,11829.17,4832.93,1052.03,6.636,8.429,11.9,10.0,88.52
36576.14,4578.15,8180.66,1179.78,8.925,1.938,16.58,10.0,70.31
30914.59,24640.81,7938.17,1259.36,9.387,2.217,16.02,10.0,72.59
35290.4,22342.85,4438.12,97.92,9.105,7.881,32.3,10.0,72.68
82313.45,19511.53,5259.31,206.52,6.614,3.505,28.01,10.0,74.55
93630.52,10876.28,7154.61,1315.92,6.857,4.057,14.16,10.0,79.36
46459.24,5412.3,795.91,760.71,0.124,3.834,5.0,44.26,90.0
91549.99,23593.87,8962.71,158.12,3.701,2.207,34.87,10.0,70.53
38934.61,13776.43,7813.25,630.15,9.078,9.394,21.48,10.0,81.24
52879.33,21456.53,2869.45,304.05,6.927,8.078,19.45,10.0,86.17
30342.61,9210.28,9821.21,1836.81,4.732,2.58,14.89,10.0,75.61
67642.84,9046.92,2204.21,445.7,1.132,1.15,13.45,14.12,87.3
98108.3,24652.97,9183.82,330.2,2.539,3.789,28.73,10.0,75.13
64314.38,13523.99,3582.5,1271.03,5.594,4.212,9.16,10.0,82.37
42203.27,4376.69,7749.89,1067.73,8.985,0.17,17.84,10.0,67.15
68303.57,6272.19,4835.58,1173.07,1.049,8.883,11.5,10.0,90.0
21062.86,12566.66,7496.44,900.1,1.622,8.528,17.5,10.0,90.0
89979.32,2019.3,1979.94,960.98,6.585,8.517,5.0,10.0,90.0
55277.56,12100.82,3060.31,1568.66,3.012,8.077,5.95,10.0,90.0
50441.48,11054.58,1448.65,478.85,1.78,7.358,10.22,10.0,90.0
62727.83,19704.07,8718.87,823.23,1.867,6.382,19.92,10.0,90.0
66230.55,9518.61,3314.78,1917.76,4.977,9.607,5.0,10.0,90.0
16459.82,24581.17,7097.52,420.47,5.879,7.146,24.52,10.0,80.9
71435.55,5338.48,8292.1,622.86,9.053,6.339,20.57,10.0,75.95
31773.85,15183.68,9063.47,423.56,5.345,7.909,27.3,10.0,78.67
74255.74,3152.78,1509.82,89.97,6.944,2.538,23.07,10.0,71.82
84028.13,18612.74,8983.64,576.17,1.889,9.675,23.88,10.0,90.0
82356.27,24874.09,2373.9,140.61,7.163,0.29,24.23,10.0,70.05
59725.09,20659.33,7500.57,351.64,6.522,6.519,26.96,10.0,76.45
56815.29,14336.88,7424.07,757.23,2.24,0.863,19.95,10.0,72.39
22858.84,12633.79,580.78,90.41,6.727,8.548,15.87,10.0,88.96
79781.15,21040.72,2595.93,1518.27,2.194,9.68,5.02,10.0,90.0
34426.84,23463.38,5173.13,1601.4,5.976,4.145,10.32,10.0,81.14
54702.59,24740.96,4490.33,852.26,6.722,8.586,13.53,10.0,89.25
35584.67,10516.94,9226.45,1970.1,6.964,3.424,12.8,10.0,75.09
22044.55,24782.02,3917.54,1374.04,9.102,1.678,8.4,10.0,69.14
66660.19,4742.23,9401.35,1500.26,9.484,2.839,14.45,10.0,70.51
14889.88,7085.19,4864.58,424.99,8.121,3.088,20.75,10.0,74.08
77378.07,3136.39,9661.35,1683.0,8.8,6.344,13.49,10.0,81.99
38582.81,7521.72,7504.87,1892.84,0.291,7.982,12.87,10.0,90.0
10012.12,19430.5,8378.68,510.8,3.69,2.132,24.66,10.0,75.05
56001.62,21470.18,1496.33,1388.61,0.493,0.973,5.0,17.08,90.0
14216.67,19693.42,6068.34,1506.54,2.326,2.294,11.69,10.0,86.27
34855.26,16145.58,1855.65,645.08,3.879,3.036,8.95,10.0,81.99
73627.88,13335.2,3327.4,976.27,8.689,2.87,9.94,10.0,72.43
15642.07,18008.9,6423.87,240.2,5.166,2.278,27.93,10.0,72.52
85540.46,10380.01,7399.14,387.53,6.524,4.713,24.85,10.0,77.2
10343.79,21191.4,872.25,170.06,3.692,8.574,14.44,10.0,90.0
32214.15,17252.56,5543.97,1142.32,6.069,1.093,13.4,10.0,68.8
76681.37,17747.31,5870.48,1269.26,8.174,8.634,13.05,10.0,88.03
38464.31,13862.46,1248.87,1836.43,3.082,5.02,5.0,10.0,90.0
19170.31,22245.5,5256.54,1107.26,9.329,6.639,13.85,10.0,80.18
42421.05,7048.35,7281.5,558.19,2.212,8.172,21.12,10.0,88.99
34335.4,10147.54,1005.66,165.97,9.201,3.113,14.68,10.0,72.04
85844.07,19663.42,7722.54,1775.66,0.38,9.547,12.43,10.0,90.0
38201.31,12825.97,5976.05,983.77,5.473,0.929,15.02,10.0,69.96
81003.92,22341.14,8415.66,1487.78,9.853,5.324,15.36,10.0,79.06
90268.49,9313.58,2571.59,78.57,6.137,2.623,29.55,10.0,71.26
49043.57,9863.92,8416.1,1001.87,5.593,4.139,19.21,10.0,80.1
91894.88,22329.66,1398.33,685.16,6.856,4.544,5.82,10.0,78.54
43958.62,12144.89,4336.38,109.15,2.964,9.154,32.02,10.0,73.92
96767.06,13386.99,2395.11,1562.56,0.634,4.472,5.0,10.0,90.0
18036.06,8986.33,8822.2,1050.16,2.586,7.01,18.66,10.0,90.0
71831.73,7640.08,7196.74,699.7,1.845,9.522,20.02,10.0,90.0
54443.26,16742.77,740.94,1621.31,9.243,4.996,5.0,10.0,79.39
44888.39,3876.18,590.47,921.5,8.537,4.142,5.0,10.0,78.76
66944.07,22102.54,3266.87,56.82,3.245,9.732,35.73,10.0,73.19
73347.14,19700.88,1861.19,1891.67,8.377,8.294,5.0,10.0,88.47
10392.69,5577.96,6487.89,548.58,2.196,9.404,21.07,10.0,89.61
25025.78,17656.48,6806.07,1669.62,2.076,4.033,11.83,10.0,90.0
74174.14,15463.19,9448.53,1642.01,7.699,6.994,15.4,10.0,83.37
69974.69,5428.84,9544.38,366.63,3.337,2.571,27.66,10.0,75.43
96944.28,7556.88,6759.52,974.31,0.741,8.672,15.01,10.0,90.0
78493.4,10815.68,553.91,128.39,7.228,9.337,12.78,10.0,90.0
95569.54,17781.83,3910.48,741.38,9.897,2.752,13.51,10.0,71.94
73228.65,16329.36,5374.84,1475.41,5.703,1.139,10.77,10.0,69.54
36824.7,13773.64,5242.21,512.29,2.71,2.087,20.36,10.0,80.49
19482.84,19441.85,6231.74,278.4,3.792,6.365,26.53,10.0,79.47
80364.15,19190.51,9625.24,1038.89,6.522,2.795,19.93,10.0,75.64
67973.43,15828.62,8909.33,1097.12,7.044,6.422,18.35,10.0,82.19
14336.74,19887.76,1534.63,1367.87,8.875,3.567,5.0,10.0,77.23
42404.54,9022.32,3026.81,1530.32,9.097,9.177,6.09,10.0,88.35
96111.98,22149.99,8414.54,1406.83,8.627,4.581,14.73,10.0,77.56
55036.1,15757.84,8330.92,1698.55,6.52,5.026,13.7,10.0,82.7
48945.62,20736.72,3116.02,484.67,4.554,3.546,16.52,10.0,79.67
51192.96,14110.7,7440.59,1161.05,6.825,0.823,16.37,10.0,69.04
28799.45,6242.52,6884.36,752.19,6.699,4.987,19.03,10.0,78.95
43183.65,14017.84,4998.48,1926.12,2.258,7.766,8.01,10.0,90.0
43283.19,9906.68,2413.82,908.55,5.125,9.535,7.76,10.0,90.0
14711.95,17739.98,8942.11,1921.44,2.161,0.858,13.41,10.0,72.98
79081.09,12419.05,6939.59,1549.68,9.001,7.994,13.18,10.0,84.23
47485.4,21066.71,2105.43,1451.0,3.3,2.744,5.0,10.0,87.48
83996.19,17273.74,7195.62,1008.55,8.074,8.246,16.67,10.0,83.56
86531.32,17429.07,7543.62,914.59,3.835,3.486,18.58,10.0,83.61
29079.46,6211.73,8925.36,1076.77,7.661,1.233,18.59,10.0,68.62
69161.81,24621.99,2616.97,622.58,2.287,6.159,12.14,10.0,90.0
52505.36,21200.21,9893.16,1813.79,7.661,8.95,15.01,10.0,88.93
89214.11,19936.12,1957.24,1598.94,1.877,1.898,5.0,10.0,88.41
29416.66,8925.17,6206.54,1612.72,4.959,0.316,11.73,10.0,68.27
71003.19,13855.16,6743.18,894.65,1.225,8.85,17.26,10.0,90.0
64697.69,4290.48,4480.05,188.62,5.326,7.009,25.73,10.0,80.68
36577.13,13923.42,5012.86,1382.0,8.225,8.106,11.37,10.0,87.24
22294.08,4501.34,8963.65,780.11,7.58,0.692,20.77,10.0,67.45
68647.58,14272.91,6630.11,1747.34,0.602,8.916,11.41,10.0,90.0
76473.77,16569.33,5221.51,1571.66,4.973,4.25,10.21,10.0,84.71
38406.46,10364.7,1719.32,333.39,8.537,8.986,13.58,10.0,86.57
68034.93,12965.08,569.71,1223.35,6.536,0.743,5.0,10.0,69.21
45561.78,22015.68,1687.2,1399.82,0.686,8.86,5.0,10.0,90.0
74188.62,3605.52,9583.75,1157.87,3.324,6.766,15.79,10.0,90.0
27929.37,20001.59,7758.82,1052.38,5.61,5.587,16.9,10.0,85.94
90119.35,5098.11,9687.61,494.33,1.809,0.712,23.71,10.0,73.73
35866.86,1880.99,839.23,510.02,6.851,6.915,5.0,10.0,87.97
43100.74,5453.79,6962.09,1547.62,6.385,6.018,12.1,10.0,85.47
15228.28,19361.04,920.79,86.45,2.104,7.29,21.11,10.0,90.0
20036.1,10723.03,7929.54,1568.87,5.549,7.195,14.32,10.0,90.0
56427.57,21940.49,4119.03,1077.26,8.136,4.493,11.52,10.0,80.12
34083.34,13592.98,1409.77,1875.63,3.811,2.126,5.0,10.0,80.45
85193.22,1534.01,5896.44,1994.78,2.545,9.198,7.3,10.0,90.0
11322.4,18201.13,3161.14,1343.79,7.042,9.263,7.26,10.0,90.0
44118.46,3645.59,6765.95,853.9,0.801,2.198,16.45,10.0,90.0
40361.1,19945.11,6752.66,976.42,8.343,6.343,16.15,10.0,79.79
11739.49,5034.46,7197.57,448.22,9.44,2.108,24.42,10.0,69.85
21193.16,9290.71,9928.42,243.51,9.651,8.626,31.97,10.0,74.64
47227.84,19270.51,4173.63,1178.59,4.382,1.072,11.34,10.0,69.64
54357.81,23901.55,4920.5,1620.72,6.27,9.903,9.56,10.0,90.0
46386.08,9914.41,8143.81,560.44,8.588,6.148,23.46,10.0,75.36
57784.39,20905.61,5994.52,868.32,2.312,0.327,17.05,10.0,70.42
63561.85,5579.01,853.94,1131.81,0.374,8.831,5.0,16.97,90.0
10893.14,20372.31,8509.25,1820.4,3.907,6.876,13.95,10.0,90.0
51768.56,16779.86,989.24,320.33,8.855,7.003,9.74,10.0,84.6
96714.93,5625.84,2122.79,511.92,5.1,2.823,9.6,10.0,79.97
56712.91,8260.1,1469.76,1841.13,5.349,3.434,5.0,10.0,79.84
70978.8,4162.5,1240.31,127.09,6.946,9.153,17.45,10.0,83.4
38067.75,10191.21,744.01,1329.43,5.788,6.386,5.0,10.0,90.0
79659.22,5887.57,1022.76,1297.08,0.639,0.268,5.0,42.98,75.66
79562.93,16455.95,4703.17,797.35,5.653,3.341,15.35,10.0,79.07
56916.64,24868.12,2902.1,962.92,6.515,6.026,9.77,10.0,88.43
97841.24,1288.22,1702.1,1717.09,6.452,1.565,5.0,14.62,70.65
21299.52,13982.08,6757.7,371.72,7.311,1.073,23.99,10.0,68.14
11525.29,14768.0,2648.06,501.56,5.247,0.688,13.82,10.0,68.33
79314.24,22941.01,680.02,1049.08,9.011,6.343,5.0,10.0,84.06
82644.0,13144.13,4474.99,849.0,4.696,3.274,14.37,10.0,79.37
20818.65,14048.83,3449.11,1170.03,5.23,3.799,7.99,10.0,80.61
33902.45,12319.67,3526.74,1845.64,7.825,0.694,5.57,10.0,68.27
11579.71,7453.7,4730.07,1838.35,8.349,7.406,9.05,10.0,84.62
36397.77,2344.7,6854.68,498.54,6.519,7.691,20.9,10.0,84.0
79582.77,10807.78,6356.55,639.18,1.351,8.311,19.67,10.0,90.0
56616.45,2262.2,9403.99,366.03,3.386,6.551,25.27,10.0,78.92
41328.6,14211.82,5418.31,1859.19,0.3,7.756,9.06,10.0,90.0
43456.54,8375.05,4989.41,825.84,3.025,5.815,14.62,10.0,90.0
10121.83,13806.46,2527.44,926.93,5.745,4.967,8.07,10.0,84.67
36982.05,4223.13,7676.12,1615.15,8.072,2.672,12.4,10.0,74.04
68181.29,23383.12,1837.37,1050.3,5.898,0.628,5.63,10.0,71.57
97677.5,22468.51,5165.76,283.52,0.495,2.989,25.43,10.0,87.38
86235.47,5559.92,4502.56,903.8,2.665,6.868,12.64,10.0,90.0
12123.55,9242.66,6753.86,1279.52,5.823,9.276,13.74,10.0,90.0
90870.45,15723.83,9217.4,1452.46,7.12,2.637,15.94,10.0,72.07
80487.86,3296.47,9492.66,1308.44,8.678,6.732,14.7,10.0,82.0
80233.85,9509.63,2094.09,282.4,9.68,4.835,16.57,10.0,74.22
51219.62,7026.69,2987.26,643.47,8.929,6.313,13.27,10.0,82.12
45820.48,22972.4,8210.54,1480.45,4.727,0.116,14.9,10.0,66.92
37262.42,21460.26,5423.66,1766.37,7.495,1.314,9.83,10.0,70.39
15912.54,14915.99,4803.83,142.01,2.481,2.249,29.91,10.0,74.05
30541.18,13488.31,7250.94,132.35,0.732,8.945,34.76,10.0,74.85
32194.33,23337.42,6218.29,1304.64,0.645,0.501,13.69,13.62,83.38
53566.94,23378.27,9721.78,1118.69,2.489,5.739,18.37,10.0,90.0
77270.0,24263.92,6047.76,352.91,0.472,9.294,24.44,10.0,90.0
52642.88,4009.09,4926.75,1119.17,8.518,6.555,10.66,10.0,84.52
15206.0,4853.39,5656.76,1950.25,4.95,4.896,8.07,10.0,85.53
96201.08,17241.68,8181.13,1280.26,8.128,3.921,16.92,10.0,73.35
94845.19,13994.43,6320.41,925.83,9.405,6.28,16.52,10.0,81.09
80667.06,1443.18,6646.96,1663.69,9.94,4.856,9.84,10.0,77.66
99219.51,2487.4,9728.67,465.0,9.378,7.084,24.8,10.0,77.61
59003.41,22313.93,6374.76,857.94,7.194,6.216,16.9,10.0,82.57
96649.15,21852.9,4112.71,1079.15,4.476,5.717,11.53,10.0,90.0
16804.45,9574.5,7067.6,1033.85,6.02,9.572,17.19,10.0,90.0
42911.27,22385.21,6764.86,1845.9,8.183,8.373,10.66,10.0,89.0
30284.31,15248.2,631.55,620.7,8.986,6.128,5.0,10.0,83.54
27624.98,20341.74,4939.63,160.18,9.569,5.433,29.04,10.0,73.46
22672.27,11258.35,7557.58,1836.94,7.333,7.267,12.63,10.0,87.03
66017.23,3721.56,5240.89,473.28,5.446,8.059,18.98,10.0,87.0
80318.97,11409.45,7906.4,789.1,9.687,3.023,20.32,10.0,72.29
62046.86,11975.2,4783.4,1085.24,9.59,6.703,13.13,10.0,84.07
23226.64,14222.66,9841.56,1952.97,4.828,1.438,13.86,10.0,71.02
83001.14,3533.99,3282.47,1093.77,6.522,4.361,7.74,10.0,81.14
67235.92,24793.64,1375.16,923.1,8.112,9.391,5.0,10.0,90.0
44934.91,6859.28,4585.11,1188.1,4.387,3.33,11.85,10.0,83.67
70671.73,5765.26,5646.24,1943.08,8.311,1.627,8.96,10.0,70.2
33391.45,13643.27,3816.39,1644.99,1.203,1.547,6.68,10.0,90.0
41067.3,13893.0,2801.67,379.49,4.863,3.998,16.33,10.0,82.14
92573.73,11555.7,6884.56,1616.36,4.878,2.329,11.71,10.0,76.11
36145.41,19525.41,4082.69,1690.14,6.878,4.327,7.83,10.0,80.72
52298.94,13399.71,6498.0,1396.85,1.252,7.217,13.43,10.0,90.0
90112.7,15632.69,7901.18,1331.61,1.122,8.893,14.97,10.0,90.0
73694.92,18369.91,7729.52,909.71,9.016,1.191,18.32,10.0,67.56
15598.29,1600.6,4065.44,1301.31,3.107,7.707,8.95,10.0,90.0
23257.27,14695.46,5895.03,1488.27,3.337,1.124,11.85,10.0,71.13
10705.74,22220.67,4771.75,289.5,7.791,3.856,23.96,10.0,73.04
66782.96,1417.33,8772.65,551.79,4.208,9.966,22.84,10.0,86.53
50290.61,10724.37,8848.21,428.46,8.346,0.78,26.8,10.0,68.68
22084.74,23229.46,3765.55,1690.36,4.075,0.327,7.28,10.0,65.65
96214.07,9475.71,1371.51,1376.01,7.63,3.403,5.0,10.0,78.98
57669.38,12009.49,2092.03,929.02,5.301,9.516,7.46,10.0,90.0
31770.4,24556.99,3986.52,1660.81,9.365,0.298,7.61,10.0,68.79
55054.32,5783.77,5860.37,1447.72,3.341,2.305,11.73,10.0,80.84
71165.83,2566.12,6739.48,1831.51,3.691,6.071,8.44,10.0,90.0
16861.53,21626.14,3648.02,199.77,9.703,2.414,25.32,10.0,67.51
34723.34,21843.17,6841.24,1042.86,7.401,0.633,15.64,10.0,68.69
82626.89,12329.87,9408.53,1428.16,7.748,0.619,15.91,10.0,67.52
51369.84,13340.97,6694.13,454.61,3.03,5.636,23.32,10.0,87.4
59191.94,21059.35,2006.37,687.9,5.367,5.663,8.76,10.0,86.93
48953.44,18725.43,6006.85,867.0,3.204,7.094,16.97,10.0,90.0
13950.99,7363.58,5648.01,1598.93,2.673,1.404,11.42,10.0,75.58
24917.48,1405.44,8771.65,1012.47,5.399,5.049,16.3,10.0,83.32
50098.75,12512.8,3827.88,1011.1,9.879,6.049,11.49,10.0,77.93
28826.69,21613.9,4517.98,890.23,2.225,2.302,13.43,10.0,89.1
14498.11,22500.03,6187.26,495.75,2.501,5.519,21.31,10.0,89.99
85928.47,23949.43,5482.04,1849.99,2.507,7.112,9.47,10.0,90.0
98307.33,22109.52,7330.66,669.71,7.938,9.909,20.99,10.0,84.66
81382.86,14921.05,883.7,1156.56,5.154,6.005,5.0,10.0,90.0
86840.64,11670.53,5853.4,340.12,3.909,8.626,25.43,10.0,85.39
31777.94,19596.4,1655.88,896.77,8.454,8.353,5.02,10.0,88.28
96456.43,18755.72,3494.49,1812.42,3.045,9.409,5.63,10.0,90.0
27723.31,13915.44,6785.46,1991.16,3.983,7.258,10.31,10.0,90.0
95628.68,3095.86,1995.43,755.42,0.829,2.21,6.29,23.32,90.0
99533.74,23225.95,3434.0,350.28,1.277,3.051,20.44,10.0,90.0
74055.05,11934.46,7178.56,663.18,1.454,7.868,21.21,10.0,90.0
98302.94,9720.01,6682.65,688.12,3.535,5.256,18.35,10.0,88.5
61258.58,16109.62,1364.88,1306.79,5.288,2.588,5.0,10.0,75.86
33358.76,17172.11,5984.05,1017.51,0.107,6.601,16.8,10.0,90.0
49329.63,6056.51,1898.92,1548.5,1.98,9.075,5.0,10.0,90.0
63420.48,21086.53,2896.58,1417.54,1.839,3.641,6.32,10.0,90.0
16577.34,7958.49,4862.51,540.05,2.608,6.003,19.59,10.0,90.0
66010.89,5480.41,1538.79,1579.3,1.744,5.857,5.0,10.0,90.0
98306.01,10753.6,9939.65,1702.55,2.032,1.357,13.46,10.0,79.52
27109.69,18533.44,2071.01,1216.86,9.84,0.993,5.0,10.0,67.82
81333.56,24171.0,7922.47,1858.95,5.988,8.905,13.36,10.0,90.0
91710.89,20422.75,8383.47,1576.75,7.651,9.342,14.38,10.0,89.74
94933.14,23568.36,9947.41,1211.02,8.211,9.052,17.64,10.0,88.04
96412.2,4374.54,4572.21,1817.02,6.71,4.027,5.5,10.0,82.04
56931.37,2708.24,8803.9,1220.7,7.07,2.947,15.05,10.0,74.89
97957.71,14384.91,9596.62,1066.32,6.36,9.428,19.16,10.0,88.46
78157.92,7967.14,2142.49,744.7,6.529,8.84,10.09,10.0,90.0
24550.43,20873.32,5054.64,1771.58,9.292,8.216,8.91,10.0,86.77
52921.01,17127.71,1070.1,289.32,1.939,3.408,11.54,10.0,90.0
74649.81,24297.48,6396.88,973.33,2.82,6.424,15.48,10.0,90.0
32260.63,7115.02,6023.36,1097.96,1.023,7.529,13.79,10.0,90.0
67655.37,12658.82,2439.2,1131.76,8.39,5.804,6.23,10.0,81.7
69994.04,13029.77,8080.08,1321.19,4.543,6.06,15.76,10.0,89.34
24642.98,6740.24,854.05,1036.3,9.08,7.591,5.0,10.0,87.38
60857.68,15162.24,8159.16,550.8,4.176,7.692,23.31,10.0,87.28
79446.42,11638.86,753.13,1721.04,4.482,2.475,5.0,10.0,79.87
54900.61,11721.32,6739.87,1332.17,4.539,3.968,13.91,10.0,85.48
11089.28,9705.68,1248.31,1723.47,6.164,7.834,5.0,10.0,90.0
10813.46,1406.3,2886.64,588.28,7.685,2.688,12.82,10.0,72.75
42132.64,13530.29,7358.18,1292.26,3.578,9.164,14.26,10.0,90.0
93357.47,9045.95,3163.85,1442.64,6.339,8.405,6.9,10.0,90.0
30580.91,1031.68,5356.15,797.64,2.119,8.965,14.12,10.0,90.0
67092.73,8390.65,9194.86,1633.88,5.585,3.043,14.54,10.0,78.07
29986.83,7687.08,971.53,54.89,5.511,1.141,25.43,10.0,68.92
38950.3,10442.76,8205.26,1210.09,8.898,1.096,16.37,10.0,65.97
86323.79,4164.45,1120.08,1246.46,8.969,5.603,5.0,10.0,81.98
75597.53,13184.41,1704.55,1090.99,4.923,3.125,5.0,10.0,81.9
18585.93,17618.57,1633.53,1278.59,0.344,2.709,5.0,20.87,90.0
48583.18,16124.45,9943.97,376.09,8.462,2.302,28.46,10.0,70.12
12625.28,20290.12,2211.77,1385.32,0.106,5.665,5.0,11.53,90.0
53280.11,11848.2,9019.24,704.79,4.835,5.526,21.91,10.0,83.19
69619.06,13458.2,9913.86,931.5,0.296,4.281,20.74,10.0,90.0
20665.24,20449.65,4145.96,699.56,3.591,1.471,15.53,10.0,74.93
35999.64,11264.83,6494.96,974.18,6.404,9.295,14.78,10.0,88.05
45805.3,17838.38,7901.37,1262.06,3.775,4.337,15.62,10.0,87.06
92757.79,11430.46,4230.13,1684.77,9.276,1.324,7.8,10.0,68.09
99392.95,11025.67,2037.23,992.7,6.444,0.467,5.32,10.0,69.51
14042.02,19244.93,4620.75,680.29,6.5,1.611,16.35,10.0,70.5
78490.71,5196.09,7832.93,1001.49,3.807,3.042,15.66,10.0,83.23
43455.17,9126.06,7917.25,1393.17,0.482,6.338,15.73,10.0,90.0
45321.24,6380.13,2690.12,726.07,7.408,9.712,11.39,10.0,90.0
77883.85,9618.64,2162.17,857.85,7.191,2.793,7.84,10.0,73.26
92658.38,6529.0,9245.33,1147.54,5.348,7.919,15.53,10.0,88.41
95583.57,14905.74,917.99,623.32,4.221,9.123,5.0,10.0,90.0
61941.03,20156.1,7480.02,457.72,5.429,3.977,24.59,10.0,75.63
42140.9,19878.71,941.0,323.76,7.493,2.607,9.53,10.0,74.1
80879.42,9748.02,8460.05,737.59,7.157,4.962,20.11,10.0,77.08
32590.12,24730.25,9101.44,144.27,6.615,8.977,36.65,10.0,69.68
60766.66,15252.5,3325.48,1187.79,9.047,0.209,8.38,10.0,65.21
42272.06,10585.61,1202.39,393.02,6.138,4.918,9.76,10.0,83.7
69096.8,21052.94,5066.5,785.92,0.244,7.6,17.45,10.0,90.0
31635.9,18516.98,3335.4,574.98,6.219,6.051,15.0,10.0,87.35
27243.37,18982.61,4462.79,1279.26,6.164,5.024,10.88,10.0,83.99
92641.52,5707.34,6817.36,1708.17,0.789,5.581,9.73,10.0,90.0
19162.33,12239.78,2493.35,1284.94,4.335,6.23,5.79,10.0,90.0
55536.21,21683.88,3891.04,1107.88,6.546,6.853,11.54,10.0,85.49
29876.75,13096.91,7934.34,1354.71,7.075,3.626,15.18,10.0,77.05
13503.7,17402.87,6615.74,108.48,8.941,5.222,35.52,10.0,70.31
13241.69,15110.41,3599.62,289.55,8.43,2.808,22.4,10.0,70.01
25769.96,21216.56,6810.87,235.11,1.254,9.842,28.56,10.0,84.19
88009.33,7829.46,7770.47,241.48,6.127,1.954,29.42,10.0,71.07
35423.09,14811.41,6128.61,557.94,6.005,1.592,20.37,10.0,68.82
95541.33,3957.63,2775.22,1087.5,3.107,2.761,6.01,10.0,86.91
62346.01,17565.06,502.33,273.63,1.923,9.209,5.0,10.0,90.0
49295.28,18567.23,8127.07,1873.48,2.075,6.623,11.94,10.0,90.0
62208.0,2028.1,8315.02,1715.8,1.858,4.614,10.6,10.0,90.0
56502.85,17218.98,7127.24,1944.71,8.082,9.261,10.95,10.0,88.48
78289.86,10952.56,1227.52,132.88,1.569,9.011,19.14,10.0,90.0
35424.65,3978.33,6059.61,1710.23,2.717,4.076,10.96,10.0,90.0
41774.54,11077.78,8299.7,1617.28,2.256,5.68,13.41,10.0,90.0
90468.49,5661.59,4201.85,1809.11,7.157,9.063,5.39,10.0,90.0
95181.09,10973.43,2381.01,1079.49,1.668,3.262,6.74,10.0,90.0
90330.24,10224.14,6082.46,1586.38,0.338,4.135,11.43,10.0,90.0
47750.32,18721.4,8349.91,150.01,3.805,7.951,34.96,10.0,72.59
80232.9,19581.17,964.26,197.96,3.12,7.017,12.54,10.0,90.0
52870.22,15568.69,6171.04,281.14,4.037,0.582,26.66,10.0,68.42
54778.59,1544.48,6610.15,1833.84,7.563,1.262,9.09,10.0,71.44
28421.21,23344.53,6222.49,169.28,0.222,8.478,31.53,10.0,79.03
63201.73,17469.6,6675.32,245.29,0.473,0.394,29.27,17.17,75.5
26752.23,1820.69,6498.07,1864.3,2.631,9.207,8.71,10.0,90.0
39840.82,20651.99,1738.84,259.42,8.903,2.79,16.29,10.0,73.52
86952.72,5806.39,2731.9,1746.02,1.774,6.024,5.0,10.0,90.0
28636.82,14901.31,6380.44,1589.08,9.971,5.689,12.02,10.0,77.8
16404.25,12199.22,668.09,128.55,8.076,4.023,14.48,10.0,74.97
16210.68,11076.13,6530.07,92.6,4.616,0.411,37.18,10.0,65.82
94670.61,22353.13,6821.17,1092.06,7.504,2.005,15.68,10.0,72.35
55622.84,11496.67,2772.16,1994.49,5.236,6.188,5.0,10.0,90.0
46847.09,2808.26,6182.26,1763.72,5.703,4.519,8.78,10.0,82.07
82979.07,23719.33,5573.86,654.55,5.85,4.197,17.77,10.0,77.88
85224.33,23092.85,2976.57,803.3,6.522,1.067,10.68,10.0,70.57
39897.19,17426.38,4898.25,806.42,0.702,3.537,14.43,10.0,90.0
72425.63,12229.42,9141.43,1481.65,6.203,5.312,16.42,10.0,83.27
79401.05,3228.63,4552.73,715.21,7.198,0.869,14.71,10.0,69.51
68918.56,19977.95,6483.52,338.2,3.176,0.76,26.06,10.0,70.71
23643.56,2811.47,835.83,1506.86,9.788,4.966,5.0,10.0,78.46
88829.48,2646.42,1239.1,943.13,1.53,5.656,5.0,14.32,90.0
58518.51,13897.21,1272.43,199.72,9.113,2.651,16.39,10.0,70.11
35422.52,4843.08,7893.29,1590.6,6.797,3.325,12.89,10.0,75.95
48270.54,1185.53,3827.44,1191.36,6.677,7.989,7.74,10.0,90.0
13381.4,11154.72,2662.31,1004.27,8.773,8.705,8.69,10.0,90.0
21508.01,4293.21,7599.58,1363.02,8.334,3.32,14.51,10.0,76.43
78899.21,4852.37,2114.62,1035.47,3.52,3.622,5.0,10.0,87.46
10001.05,2845.86,2841.68,1314.42,7.083,8.32,6.99,10.0,90.0
47490.92,5922.25,4593.85,1741.6,0.601,9.741,7.66,10.0,90.0
57025.92,18171.62,3648.66,1246.35,4.694,3.274,10.47,10.0,81.92
14917.1,20414.26,6061.23,1336.22,9.384,7.908,13.89,10.0,84.95
97577.03,11860.81,3709.49,1247.02,2.813,4.849,8.99,10.0,90.0
30351.28,13157.29,4233.04,1085.8,0.595,2.711,12.37,10.0,90.0
37377.88,1783.72,8697.42,385.35,5.871,6.85,25.16,10.0,76.82
37354.83,2663.59,8903.05,704.57,3.615,4.679,19.82,10.0,85.0
30737.5,7181.63,8363.26,1401.56,3.859,2.755,16.36,10.0,80.29
10132.64,14053.56,8715.89,879.68,5.866,1.162,20.08,10.0,70.5
75641.03,18749.23,5912.42,841.95,6.254,8.683,16.35,10.0,89.16
97016.09,15520.07,6639.22,1530.58,4.429,8.799,12.74,10.0,90.0
30186.41,10411.07,5793.15,60.86,5.125,0.842,40.32,10.0,67.13
69674.25,3839.78,7963.09,1374.04,9.933,6.668,13.26,10.0,80.18
76770.67,19738.56,5734.5,1003.99,9.576,1.71,15.11,10.0,69.0
86358.28,9730.87,1555.23,784.69,7.102,6.499,5.36,10.0,88.49
48036.63,18665.3,8191.01,714.05,1.699,9.085,21.28,10.0,90.0
37263.78,13311.49,7725.56,387.11,3.664,2.676,25.42,10.0,74.38
39276.56,18727.89,8292.86,701.79,8.843,3.544,20.98,10.0,74.82
74135.92,22774.95,2309.08,813.27,4.293,7.972,8.79,10.0,90.0
83510.15,23104.71,3080.36,903.03,9.558,7.38,10.62,10.0,85.97
26345.26,13842.56,3309.64,1360.99,4.934,4.146,8.21,10.0,85.14
43384.69,13276.2,5326.77,934.46,8.632,8.501,14.94,10.0,84.66
91174.62,7376.28,1771.83,1602.75,0.45,9.214,5.0,10.0,90.0
82602.42,23459.2,4161.13,1297.49,4.398,4.581,9.79,10.0,88.08
98637.26,11990.06,2230.5,419.71,7.033,0.491,14.44,10.0,67.23
77882.34,4062.19,3015.25,590.49,8.649,5.143,12.75,10.0,77.95
45387.57,11384.92,7210.68,204.54,6.135,7.423,30.76,10.0,74.32
63157.41,4049.28,8620.71,1894.16,1.815,2.278,11.33,10.0,90.0
69491.28,13060.76,717.61,1778.77,8.869,1.084,5.0,10.0,68.21
17061.02,14470.61,5876.02,215.35,5.791,2.924,28.97,10.0,75.06
59004.73,9106.14,842.57,1169.45,1.169,0.215,5.0,16.67,70.98
73838.87,2719.61,1309.87,1922.78,4.692,7.183,5.0,10.0,90.0
25058.92,23644.08,7198.3,1506.93,7.02,1.546,13.83,10.0,71.11
80256.85,19560.47,7488.28,1009.03,4.565,7.264,16.46,10.0,89.37
62539.55,21133.15,8232.82,520.15,8.721,2.422,23.65,10.0,72.02
95699.96,9804.84,5005.29,594.12,4.295,9.921,18.69,10.0,90.0
13818.01,19259.94,8668.17,1485.66,5.876,5.365,15.72,10.0,85.18
33879.35,12648.95,2084.96,1572.12,2.191,0.509,5.0,10.0,70.16
64139.85,5826.0,2872.31,1080.95,5.176,7.75,7.8,10.0,90.0
36690.39,3986.16,1777.77,285.85,2.306,4.16,15.37,10.0,90.0
74298.17,9281.22,8076.6,1871.04,2.329,6.112,12.36,10.0,90.0
78310.48,4301.25,2672.41,1697.29,2.871,9.517,5.0,10.0,90.0
19226.44,24958.46,1977.36,324.05,0.538,5.221,15.57,10.0,90.0
56246.9,2180.54,6419.55,160.62,1.717,8.063,29.4,10.0,76.29
55800.15,11587.45,1232.28,1094.94,4.301,3.098,5.0,10.0,84.16
43235.27,11850.24,926.55,604.08,1.397,7.174,5.0,10.0,90.0
93963.24,8215.17,1513.82,602.34,1.421,1.083,6.61,12.66,83.05
84475.57,14712.44,502.29,220.08,9.683,8.944,6.63,10.0,85.87
72748.84,4599.45,7121.41,1909.1,4.328,2.077,9.62,10.0,77.39
74289.4,19813.9,5841.24,1668.82,4.097,3.089,10.89,10.0,83.29
51554.45,8978.75,2493.81,271.98,2.751,9.586,18.52,10.0,90.0
92889.51,15192.22,2713.55,1759.37,5.173,1.637,5.0,10.0,70.96
72513.59,18175.34,8204.2,1381.76,6.001,2.619,15.63,10.0,76.17
75608.3,22337.01,5267.29,684.61,4.24,5.844,17.91,10.0,85.82
87552.18,21058.9,7136.02,1748.94,3.999,9.809,12.92,10.0,90.0
34666.44,15599.42,4801.18,1216.14,7.034,6.945,11.98,10.0,88.36
82636.38,10321.44,2758.32,1704.91,9.503,1.23,5.0,10.0,68.76
27571.65,13076.91,9718.83,965.07,8.79,7.506,19.46,10.0,80.8
41080.78,19449.64,5873.65,1026.27,1.274,4.32,15.71,10.0,90.0
40204.94,22061.09,1744.33,617.47,6.558,9.924,9.76,10.0,90.0
98067.29,3490.77,4357.86,806.0,0.17,6.324,12.63,10.0,90.0
87088.35,10236.55,3628.71,1157.12,6.368,5.366,9.73,10.0,84.38
73105.29,19626.8,2533.83,1896.77,4.697,5.617,5.0,10.0,90.0
75435.11,11359.64,9367.68,1220.23,4.962,6.451,17.3,10.0,86.72
60586.55,8973.47,8868.74,337.39,5.921,7.345,27.39,10.0,77.0
95238.16,10871.74,2391.9,63.64,7.452,0.875,31.32,10.0,66.07
54663.29,15468.27,3845.4,1709.43,7.322,1.394,7.82,10.0,69.76
44246.59,24995.32,7742.0,760.43,0.54,3.075,20.18,10.0,90.0
24673.18,12831.82,2480.81,664.18,7.391,4.832,11.23,10.0,82.29
80758.51,6003.87,6119.87,1611.43,8.315,3.18,9.8,10.0,73.01
76099.95,4908.32,7148.04,1893.46,0.775,2.217,9.78,10.0,90.0
44591.95,2016.39,6712.74,1508.69,3.297,9.258,11.53,10.0,90.0
12267.41,14411.61,7210.88,389.0,7.941,0.423,25.59,10.0,67.2
85509.76,14069.73,7213.65,813.19,4.982,9.393,17.8,10.0,90.0
11027.62,5925.61,9665.66,1530.83,6.979,9.082,16.81,10.0,88.53
73332.98,17687.91,3791.74,1818.51,5.073,6.869,6.66,10.0,90.0
97323.14,18786.57,8846.61,1997.27,9.784,0.422,12.66,10.0,66.59
49389.52,7218.36,707.17,1047.54,9.368,2.331,5.0,10.0,71.28
31147.61,9258.39,3237.93,1653.92,2.883,9.793,5.5,10.0,90.0
73438.39,24771.32,962.23,140.93,3.92,9.069,17.02,10.0,90.0
83541.53,9982.35,6686.44,607.36,4.37,9.649,19.47,10.0,90.0
59178.73,19259.24,1457.51,774.45,1.132,9.962,5.65,10.0,90.0
97033.17,11865.41,8534.22,1952.27,4.1,0.732,12.59,10.0,69.87
14650.18,20040.28,6642.62,56.62,7.771,5.752,41.48,10.0,68.18
55431.6,19456.56,773.75,650.64,8.484,8.358,5.0,10.0,89.15
74660.86,17026.14,7290.38,1864.3,8.873,3.265,10.85,10.0,70.78
87637.64,21514.68,8689.33,648.02,0.244,4.412,23.54,10.0,90.0
26133.01,23541.24,6780.65,488.88,7.909,2.909,22.86,10.0,73.08
82000.31,14919.6,789.98,1473.67,5.076,0.477,5.0,10.0,67.17
59743.64,6699.25,8650.24,1503.41,2.141,0.82,15.22,10.0,73.46
45689.83,10567.1,7458.41,970.75,5.038,0.312,17.62,10.0,67.83
21854.35,19199.34,4095.29,1896.49,8.458,5.32,6.76,10.0,79.96
87876.62,16621.2,3621.99,445.28,4.399,6.222,18.56,10.0,87.56
24154.59,5267.16,5058.29,1831.16,9.906,3.146,9.27,10.0,72.19
37880.91,2229.75,8737.47,1523.24,6.205,8.279,13.4,10.0,89.64
36104.1,17391.08,2894.56,768.01,4.949,8.891,12.0,10.0,90.0
88427.26,7025.9,1459.16,1623.47,3.019,1.484,5.0,10.0,78.0
70543.27,12992.09,8714.05,309.74,0.209,0.614,28.96,20.33,80.34
81701.33,18921.92,749.75,305.42,6.144,3.262,7.35,10.0,78.3
32542.11,14504.0,9154.47,1863.38,5.817,7.159,14.0,10.0,88.24
66238.67,2999.26,3404.58,234.82,5.216,5.123,20.84,10.0,80.35
61457.14,5453.93,5328.12,57.96,5.423,4.932,38.3,10.0,70.73
84954.73,6263.88,1756.81,808.61,8.451,1.609,5.29,10.0,70.64
91547.84,7188.74,9071.42,252.51,3.237,3.579,29.86,10.0,75.88
11094.11,14569.68,7623.44,1732.92,5.548,9.593,13.49,10.0,90.0
70661.79,13095.18,9279.48,1849.25,6.831,3.472,13.49,10.0,77.56
14665.22,5875.84,6990.68,990.73,2.177,5.955,15.82,10.0,90.0
59397.28,2621.32,2254.59,879.67,9.256,0.678,6.82,10.0,64.89
35886.95,5114.37,3428.54,1101.13,7.398,0.732,9.61,10.0,69.17
37609.89,24625.15,5125.06,491.08,0.628,4.3,20.36,10.0,90.0
41766.27,12245.13,6268.95,631.03,8.665,6.081,19.44,10.0,80.61
65916.32,21816.29,9301.36,246.91,9.306,3.786,30.48,10.0,69.04
40064.5,21370.06,4147.54,920.58,7.957,1.872,12.6,10.0,70.84
75942.91,13276.47,7179.18,1242.8,4.32,7.386,15.31,10.0,90.0
46407.46,17960.51,9629.58,1863.94,9.944,1.486,14.08,10.0,70.31
16151.79,5626.05,1947.55,1491.19,1.332,6.713,5.0,10.0,90.0
80538.39,17521.52,8695.74,1459.97,5.412,9.572,14.49,10.0,90.0
35718.25,7537.23,4496.71,650.6,1.787,4.758,17.54,10.0,90.0
48949.02,20969.49,7458.01,1782.17,4.45,2.084,12.33,10.0,76.92
71689.95,3009.38,3288.61,1896.56,9.282,8.436,5.0,10.0,87.72
39921.05,19555.33,3672.85,1867.91,7.963,5.104,5.99,10.0,81.23
15092.71,3398.49,757.77,125.67,7.843,9.24,16.23,10.0,87.39
43652.89,22148.54,9728.34,1228.48,3.603,7.234,17.55,10.0,90.0
95000.37,8300.91,8227.8,1304.29,9.349,4.363,14.43,10.0,76.36
67756.1,16705.44,1392.22,625.38,3.746,6.212,6.72,10.0,90.0
70433.12,12700.05,9995.33,1985.2,0.496,1.783,14.12,10.0,90.0
66905.39,9791.28,6247.73,617.82,6.414,3.934,20.16,10.0,76.98
27909.29,16490.6,8610.42,472.39,3.69,5.979,25.35,10.0,80.2
47650.05,23740.55,1133.28,994.08,1.622,5.941,5.0,10.0,90.0
77584.58,1990.47,4199.79,680.14,9.353,5.913,14.0,10.0,77.3
19123.56,23052.47,6861.69,1851.86,6.409,7.461,11.18,10.0,89.08
35006.75,15617.96,1511.12,908.15,9.411,1.146,5.0,10.0,69.08
34868.72,20375.54,5144.58,849.79,5.871,0.829,15.18,10.0,68.03
48881.7,10213.0,4705.44,1270.43,0.732,1.565,11.36,10.86,90.0
98233.19,12324.23,2552.38,208.17,0.396,7.945,21.96,10.0,90.0
16075.23,21852.42,3352.56,1525.63,9.016,0.742,7.51,10.0,68.1
56683.09,10956.35,9687.62,1548.38,0.483,2.33,15.6,10.0,90.0
26142.82,13831.83,3242.16,974.35,6.19,2.622,10.35,10.0,75.43
97360.89,1484.68,2527.55,1913.61,3.05,6.508,5.0,10.0,90.0
20197.32,4806.35,5593.99,1179.71,6.908,4.076,13.86,10.0,79.99
46324.09,16400.48,6874.1,1405.71,2.919,2.07,13.08,10.0,81.69
76409.65,18207.45,7388.38,1852.47,0.468,4.55,11.52,10.0,90.0
73409.9,14982.42,7665.35,1349.37,7.335,6.886,12.84,10.0,84.55
48045.58,4439.44,849.91,892.06,3.178,7.882,5.0,10.0,90.0
41187.18,11689.73,4240.72,98.3,5.553,1.326,32.29,10.0,69.79
45785.11,9522.27,7852.6,1470.18,7.761,7.176,14.13,10.0,82.88
33784.86,12895.87,9096.09,1931.49,7.058,0.145,12.73,10.0,65.81
28479.96,21887.9,6220.9,966.96,3.551,7.271,15.55,10.0,90.0
53473.57,19620.67,996.92,712.55,7.503,6.644,5.0,10.0,86.6
34168.04,3015.75,4268.14,1062.56,9.264,4.74,10.9,10.0,76.29
35871.55,22367.42,1205.16,1470.45,6.139,1.455,5.0,10.0,71.84
69108.05,12322.41,7611.11,51.35,7.065,7.669,42.7,10.0,67.64
97168.36,18852.69,1103.3,1780.06,8.672,0.81,5.0,10.0,66.69
64327.35,4360.94,2264.45,1778.41,8.452,8.966,5.0,10.0,89.34
16928.15,17097.27,4461.11,1105.53,3.581,7.757,12.25,10.0,90.0
16802.53,6671.82,4895.16,288.64,9.918,7.436,23.83,10.0,76.99
95628.09,11521.14,4361.58,1360.02,0.383,7.569,9.9,10.0,90.0
36756.17,1404.71,4902.27,318.8,9.868,0.769,22.43,10.0,67.23
18286.03,4638.66,7275.77,1039.72,2.535,9.9,17.28,10.0,90.0
63914.01,3209.93,4008.05,232.58,4.46,8.6,23.01,10.0,84.32
66128.39,6753.86,5703.63,1198.68,8.849,5.129,13.22,10.0,78.78
68365.43,3400.43,3382.01,670.24,2.519,7.222,11.89,10.0,90.0
34066.18,17605.84,3859.46,1670.43,2.325,7.419,7.92,10.0,90.0
11359.96,1696.96,6331.09,1609.89,6.467,8.315,11.85,10.0,89.49
96851.38,15825.77,5159.7,1997.02,7.084,2.628,7.62,10.0,75.04
32580.37,4376.99,7368.84,552.13,0.174,3.783,22.12,10.0,90.0
70842.37,23683.87,5825.12,170.51,4.559,8.017,30.24,10.0,75.23
73596.69,23394.26,8133.95,913.86,4.942,7.713,18.82,10.0,87.79
64900.67,6412.07,4712.38,212.64,2.791,5.274,26.94,10.0,81.08
38161.67,15746.11,5164.82,398.07,5.506,4.022,22.09,10.0,77.73
34398.66,1672.13,6864.73,1214.74,1.63,9.688,12.64,10.0,90.0
63790.15,23362.93,2601.82,1204.66,3.304,4.209,7.12,10.0,90.0
87948.61,13551.7,4166.33,134.49,7.161,7.663,30.21,10.0,75.23
95206.04,2037.36,6435.99,913.66,8.75,4.185,14.56,10.0,76.59
19531.52,9220.0,774.32,1083.93,5.935,3.167,5.0,10.0,79.02
23934.58,2844.39,4651.23,572.65,0.841,6.446,18.29,10.0,90.0
95026.26,10430.67,6189.07,1750.48,6.82,8.095,10.24,10.0,89.1
76288.17,17078.23,9690.07,364.14,8.986,9.816,28.96,10.0,76.1
89469.44,12277.36,8831.66,545.11,5.093,1.574,23.28,10.0,69.91
28236.94,10209.33,3167.05,356.14,4.988,8.774,18.65,10.0,89.52
62882.73,3859.77,5318.5,277.27,9.915,5.289,23.1,10.0,74.5
73102.56,6878.54,1035.94,1764.01,6.399,1.167,5.0,10.0,70.64
71210.07,3403.44,2787.17,591.83,8.08,7.964,11.88,10.0,86.54
46733.65,20379.97,7861.13,1458.92,6.5,3.382,14.55,10.0,80.97
11385.54,4245.76,1671.48,884.57,2.287,8.696,5.0,10.0,90.0
62463.35,15288.96,2948.06,1289.95,2.912,1.662,6.75,10.0,77.21
32779.14,9225.77,9468.4,1859.94,6.69,7.14,13.69,10.0,87.66
50522.88,6423.48,8326.63,1696.99,4.615,3.078,13.6,10.0,81.75
96182.29,16347.24,7927.36,184.52,4.103,2.648,33.58,10.0,71.44
45913.18,11968.06,8713.3,1698.14,0.322,0.598,14.18,19.2,90.0
85582.14,10603.49,7621.25,931.06,8.855,4.871,18.04,10.0,74.52
26968.65,15228.45,1645.57,732.78,8.857,3.976,7.74,10.0,75.94
70521.44,12790.42,5407.33,1361.16,4.664,0.711,11.51,10.0,67.8
97930.63,8283.62,4720.32,1902.91,7.037,2.344,7.65,10.0,72.78
19170.38,14417.47,3455.94,233.56,1.86,4.924,23.14,10.0,87.79
10748.79,17067.97,8423.38,1547.75,5.088,8.102,14.5,10.0,90.0
49022.45,1640.64,4909.32,446.84,4.445,9.302,18.65,10.0,90.0
18336.29,12180.92,1072.83,791.27,6.6,5.202,5.0,10.0,84.45
77354.59,2384.4,3112.17,1753.95,4.749,4.093,5.0,10.0,85.84
92309.38,5473.73,2671.9,1114.31,5.034,9.552,5.77,10.0,90.0
49061.89,14452.21,8931.05,181.54,3.028,9.632,33.52,10.0,74.28
33284.05,21788.53,6650.66,1040.69,0.579,1.985,16.11,10.0,90.0
49096.3,22187.34,5823.57,1589.8,9.179,5.361,10.4,10.0,80.47
75110.3,2678.66,5313.17,1081.32,0.221,8.227,12.21,10.0,90.0
10814.87,11058.52,6676.07,375.43,2.885,8.24,25.52,10.0,87.62
63050.86,14992.16,7671.32,917.83,4.531,6.881,18.41,10.0,88.38
65196.25,4529.68,5766.65,1852.47,3.259,4.768,8.23,10.0,89.7
67391.94,19370.37,9413.71,1333.5,5.564,4.096,16.44,10.0,79.32
31781.99,18861.65,9779.92,1473.28,4.67,8.083,17.14,10.0,90.0
74264.75,22680.18,9955.75,1582.58,2.629,2.335,15.96,10.0,85.38
18225.23,1203.66,6859.22,226.85,0.971,4.341,26.8,10.0,80.34
27934.33,6200.42,9359.89,1184.0,1.462,5.712,18.41,10.0,90.0
88972.3,20852.48,4342.56,783.03,4.915,8.335,15.1,10.0,90.0
76485.08,17093.92,8666.13,321.36,8.475,3.801,29.4,10.0,71.05
11237.1,22465.36,9137.16,445.28,1.096,5.532,27.04,10.0,86.22
32353.86,2372.31,9089.33,1573.26,6.804,2.864,14.2,10.0,74.59
29296.58,15327.14,8393.04,364.9,7.942,8.385,27.41,10.0,77.46
34372.57,14657.12,4362.69,659.22,2.84,7.877,16.69,10.0,90.0
32280.38,1856.19,2009.62,605.5,6.716,8.219,7.87,10.0,90.0
15627.37,13324.53,3672.59,144.83,6.898,0.669,27.9,10.0,66.86
51304.65,15628.49,7789.24,951.21,7.107,4.92,19.65,10.0,77.15
75946.01,5591.04,2712.41,1543.56,8.919,1.445,5.0,10.0,69.73
64605.86,7559.91,5043.58,93.2,4.045,6.77,34.43,10.0,70.36
70558.45,16368.34,5871.3,269.48,2.513,3.183,26.6,10.0,79.57
17303.43,12239.22,6236.66,1454.36,5.484,7.768,13.02,10.0,90.0
95634.16,21592.33,9389.39,1207.48,0.719,0.745,17.77,10.0,86.25
85464.27,9217.16,6784.18,1444.73,3.406,5.181,13.57,10.0,90.0
82458.13,7399.83,7969.84,498.7,8.844,1.324,23.33,10.0,71.14
84068.54,24636.78,6027.84,1617.35,5.367,5.623,11.7,10.0,86.23
93943.95,22867.26,8419.01,985.75,4.423,6.113,18.68,10.0,89.5
58982.86,1695.83,3004.8,1240.09,2.73,4.675,5.53,10.0,90.0
28025.38,19497.49,2493.84,229.7,2.579,2.869,20.44,10.0,83.8
65510.52,3648.03,9300.04,449.81,2.442,0.42,24.94,12.38,69.17
76859.33,1659.64,7088.07,1558.05,8.309,6.655,11.46,10.0,84.95
76412.57,7568.69,6879.49,486.62,9.852,8.717,22.93,10.0,78.23
56930.41,7464.3,4939.3,230.43,5.395,7.363,26.93,10.0,82.4
16161.28,20663.65,4078.62,1214.55,0.89,8.941,10.23,10.0,90.0
43400.16,18056.01,5779.07,1118.48,7.535,9.302,14.05,10.0,88.88
92868.99,24558.63,1645.38,1235.39,8.783,4.551,5.0,10.0,78.93
62600.4,18076.31,4819.77,1255.7,9.319,7.01,12.09,10.0,84.03
58449.87,11038.13,4825.99,1025.38,6.325,4.034,13.31,10.0,78.14
34196.82,17774.26,5614.2,1012.86,5.118,9.203,14.9,10.0,90.0
43160.4,24987.02,6529.51,1852.12,6.243,5.673,10.36,10.0,87.52
90581.15,18043.41,9594.52,1091.07,0.228,7.549,19.12,10.0,90.0
69981.67,19280.35,6695.61,1253.74,6.589,0.244,14.86,10.0,64.72
80864.83,23520.76,8895.39,570.59,7.125,5.798,24.03,10.0,77.54
50891.09,3727.63,5784.89,1748.63,7.248,7.446,8.76,10.0,87.04
66722.25,17914.82,6455.81,97.52,5.674,2.644,36.82,10.0,71.11
32354.52,21419.34,1163.45,1136.59,7.03,0.242,5.0,10.0,66.54
73491.47,23905.09,1766.01,798.51,6.424,7.462,7.5,10.0,90.0
48484.12,6063.26,6006.87,1227.61,1.244,3.447,13.8,10.0,90.0
49829.1,13094.3,4259.27,752.34,8.994,4.345,14.3,10.0,77.99
68439.01,17333.32,8088.7,1449.49,6.265,5.664,14.74,10.0,85.58
94265.26,6939.23,5660.19,89.65,7.305,1.191,34.5,10.0,69.07
15760.57,15411.35,8881.76,841.48,3.495,1.125,20.08,10.0,72.12
84226.89,7181.89,9737.15,1670.96,9.2,9.613,14.97,10.0,86.58
36314.48,9002.97,1902.53,537.89,5.076,3.455,9.85,10.0,80.31
49952.75,11596.45,4250.86,152.86,6.822,2.63,29.14,10.0,72.33
11972.2,13700.56,6817.32,1018.22,9.527,0.573,16.82,10.0,66.92
37094.15,11784.78,3402.14,1954.24,9.169,1.822,5.0,10.0,68.47
55236.81,12836.69,3036.81,175.11,6.484,4.366,24.69,10.0,75.81
15055.85,8166.13,8230.52,186.61,1.741,3.487,32.61,10.0,74.41
54198.62,4815.16,9813.6,1210.48,9.511,4.303,18.11,10.0,76.37
93439.96,2136.4,7851.13,537.63,9.843,7.069,20.86,10.0,78.38
19485.39,5703.49,5474.93,849.95,1.124,6.454,16.47,10.0,90.0
78799.67,14966.65,4703.86,1669.49,4.558,4.982,9.31,10.0,90.0
46870.39,19866.77,5626.65,437.75,5.528,8.167,21.91,10.0,82.25
68965.63,5061.94,4896.98,1452.63,1.012,8.588,9.51,10.0,90.0
33421.29,3605.33,5277.44,1033.75,1.978,5.949,13.48,10.0,90.0
24354.3,18982.97,2432.8,1814.67,5.423,1.264,5.0,10.0,69.09
24441.64,8323.8,9085.55,1947.28,9.635,4.121,14.59,10.0,73.52
16344.28,23835.99,7668.08,995.67,0.375,6.381,18.16,10.0,90.0
26708.2,18143.63,6969.29,1190.06,9.133,0.722,15.6,10.0,68.23
69779.74,8842.15,9524.29,1504.39,8.996,0.297,15.45,10.0,67.4
89352.16,7949.03,3201.75,671.41,8.586,9.489,13.73,10.0,89.03
83271.31,13568.76,1271.01,492.14,3.838,7.328,8.46,10.0,90.0
71662.09,2899.47,8348.32,1931.14,4.959,1.616,10.48,10.0,74.28
19938.87,3824.24,9984.96,893.6,4.096,4.507,21.53,10.0,83.17
36026.87,5220.59,5995.11,53.1,9.481,2.016,40.84,10.0,64.26
37882.62,19593.37,1058.69,1683.55,5.261,0.202,5.0,10.0,68.96
32496.13,13332.58,7914.45,1219.35,0.898,3.978,15.96,10.0,90.0
56350.51,1253.61,1200.62,378.69,2.813,6.519,7.55,14.53,90.0
58199.84,17164.4,5630.13,108.77,4.674,9.546,33.73,10.0,74.07
42119.74,11168.56,3136.56,618.39,9.54,7.721,13.79,10.0,80.36
41841.02,13260.46,9192.75,1859.38,5.733,2.378,14.04,10.0,74.41
84570.0,6138.79,4787.65,1870.31,6.991,3.428,6.2,10.0,76.87
81036.36,14242.77,9035.4,656.46,0.976,5.254,22.18,10.0,90.0
37701.62,24499.68,3341.27,1680.07,8.786,1.994,5.44,10.0,71.18
92240.96,2762.67,4179.94,911.6,5.436,8.346,11.85,10.0,90.0
95753.35,7814.02,9497.63,1325.97,9.22,1.763,16.01,10.0,68.88
39406.83,6831.94,2412.49,702.17,4.51,2.971,9.53,10.0,79.65
41898.25,6965.18,5995.76,1056.15,6.863,5.818,14.86,10.0,81.26
55507.07,10088.95,4190.85,622.87,4.761,1.32,16.16,10.0,70.57
94700.87,20634.63,7854.59,169.17,1.511,6.284,33.28,10.0,76.76
88868.75,22908.61,1728.32,321.79,2.793,9.448,14.19,10.0,90.0
19231.12,5853.16,4653.54,616.82,0.766,6.946,18.09,10.0,90.0
45345.77,14030.8,7139.86,1953.69,4.459,8.147,11.07,10.0,90.0
59803.41,16285.58,4366.65,1933.06,6.528,4.441,6.85,10.0,79.74
55281.92,13523.86,1056.05,1663.94,2.513,3.717,5.0,10.0,90.0
27447.68,11417.83,7198.57,503.39,4.955,3.353,23.26,10.0,78.12
87293.51,5607.41,5280.38,911.12,4.644,6.639,13.45,10.0,90.0
70924.67,12717.26,607.43,907.58,5.381,5.234,5.0,10.0,89.99
85411.75,10629.16,6320.23,804.6,1.927,4.776,17.56,10.0,90.0
87288.79,20093.52,9238.87,137.52,5.386,1.097,36.27,10.0,68.56
77352.03,19326.5,1554.75,1092.33,3.706,6.766,5.0,10.0,90.0
49528.95,4215.97,6111.38,191.98,2.932,7.281,28.52,10.0,78.73
64949.21,3124.46,7422.35,1613.74,5.901,2.042,11.08,10.0,72.83
24432.89,22795.69,1172.35,1398.05,1.566,7.621,5.0,10.0,90.0
70628.09,13852.2,714.85,737.84,9.017,8.806,5.0,10.0,89.86
26132.79,21587.22,4909.86,1311.92,9.355,1.829,12.0,10.0,69.44
72455.46,2395.63,8016.27,504.42,6.64,4.575,22.21,10.0,77.2
30663.83,13636.37,2026.83,567.24,3.101,8.774,10.49,10.0,90.0
20579.62,13946.24,8448.05,662.56,6.297,4.924,22.08,10.0,81.03
24875.6,21656.85,6737.48,1604.17,6.055,8.171,13.36,10.0,90.0
10179.29,3342.64,3655.65,460.85,3.973,2.236,17.81,10.0,77.38
74686.57,6770.69,5400.35,1147.42,2.944,0.733,12.79,10.0,70.0
75916.09,10756.92,9672.96,440.91,1.768,0.689,26.64,10.0,72.12
56344.0,21780.2,2556.15,605.82,2.252,9.726,11.99,10.0,90.0
24522.65,23533.2,5245.59,509.19,6.565,1.731,19.81,10.0,71.33
17519.89,24825.39,6432.62,1307.76,8.87,8.662,13.4,10.0,83.49
11721.61,24020.64,1811.14,1077.12,3.911,3.226,5.0,10.0,84.38
24917.34,1142.6,913.46,1456.53,1.307,0.497,5.0,86.17,75.01
90177.0,2145.0,627.87,478.89,0.227,2.486,5.0,76.14,90.0
31738.32,4542.56,3584.58,67.84,4.118,5.104,34.44,10.0,72.69
41884.42,9372.69,1202.5,1376.99,2.402,1.157,5.0,10.0,76.99
19481.09,20918.03,8135.81,273.97,3.293,9.229,30.71,10.0,78.35
30012.52,22423.75,9974.54,530.3,2.493,9.009,25.48,10.0,86.18
56730.21,5484.03,1082.39,646.09,6.675,1.577,5.0,10.0,68.71
64697.74,15871.94,4610.9,1506.26,6.421,7.397,9.91,10.0,89.21
32081.71,23016.69,744.46,1270.49,9.132,4.661,5.0,10.0,80.95
15195.89,12129.56,1772.91,409.32,7.027,9.823,13.2,10.0,90.0
45192.96,3485.05,3567.76,1215.88,1.733,0.649,7.77,19.8,74.48
31078.3,11987.53,4240.13,1430.89,7.541,4.763,10.34,10.0,78.3
29759.85,10019.08,9427.94,808.35,1.895,2.926,22.01,10.0,88.29
96387.65,14863.79,4260.45,529.61,5.63,7.291,18.35,10.0,89.24
65467.04,11527.81,5214.64,1374.02,0.863,1.2,11.72,10.08,90.0
60119.06,1416.3,2833.04,1241.24,0.569,6.318,5.36,10.0,90.0
47419.76,24855.95,501.19,201.93,4.696,9.486,7.93,10.0,90.0
48604.99,14044.97,9043.68,1350.03,1.139,4.593,16.8,10.0,90.0
58681.45,12367.14,1276.29,1002.61,3.136,4.597,5.0,10.0,90.0
72678.68,23910.82,9660.36,1519.07,3.454,5.007,16.16,10.0,89.32
73193.15,4740.65,1743.02,421.9,7.717,4.216,10.33,10.0,80.14
25452.45,5541.7,6246.35,553.52,3.394,4.53,20.83,10.0,87.91
55010.15,20392.35,9994.4,1109.46,4.994,4.686,19.96,10.0,83.38
47076.23,7259.95,1815.41,989.38,7.749,9.981,5.13,10.0,90.0
88347.43,20181.45,4527.46,803.41,2.128,1.253,14.73,10.0,76.77
66827.7,7516.8,7914.02,1504.76,8.068,2.925,14.13,10.0,73.97
57925.37,1796.5,805.81,1151.27,8.335,2.187,5.0,10.0,71.52
20385.52,13408.35,7052.94,1435.03,9.89,5.487,14.31,10.0,77.74
64507.41,5720.47,1263.55,348.85,4.496,0.128,10.47,10.0,66.3
20548.35,19188.31,2746.94,1471.53,3.769,9.219,5.28,10.0,90.0
40348.59,16388.79,2020.72,949.98,7.05,5.358,6.32,10.0,84.57
22855.78,23166.46,9119.7,115.85,0.676,8.971,37.15,10.0,71.21
72286.63,19791.72,2214.34,507.26,0.494,3.515,13.66,10.33,90.0
28562.69,5338.62,884.12,100.22,3.416,1.584,18.89,10.0,74.8
45267.34,20203.8,6082.44,940.91,7.322,2.004,17.1,10.0,71.12
90610.73,16401.69,3788.72,685.47,1.253,4.76,14.59,10.0,90.0
28388.47,17054.84,4354.21,1975.53,6.392,0.499,7.1,10.0,67.44
55702.46,20974.31,1631.1,1743.58,2.768,7.84,5.0,10.0,90.0
47734.45,14771.78,7608.23,1660.06,6.552,7.927,13.43,10.0,86.22
11631.16,12184.08,6214.76,1027.18,4.624,7.049,15.44,10.0,90.0
81348.23,16279.38,3960.06,1623.82,1.24,8.974,6.75,10.0,90.0
16214.13,8150.98,2129.96,570.4,2.548,5.54,12.57,10.0,90.0
52682.95,5382.33,6137.79,1143.27,2.275,4.845,13.77,10.0,90.0
60461.05,15798.11,7896.67,816.19,1.729,5.339,20.92,10.0,90.0
66558.38,6612.36,3467.77,384.12,4.737,1.901,18.31,10.0,74.11
71976.85,2917.96,745.67,191.6,9.551,5.172,10.55,10.0,77.85
32794.51,1013.3,2536.27,1138.53,6.615,5.463,5.31,10.0,84.43
10898.09,15599.67,6982.78,240.4,8.376,7.669,29.61,10.0,73.29
75109.93,9691.57,9896.42,1450.11,9.813,3.544,16.1,10.0,73.16
58209.09,19055.46,627.07,1846.86,5.452,1.013,5.0,10.0,71.27
85250.59,10004.23,3408.46,366.11,2.457,6.015,18.86,10.0,90.0
83924.95,12664.08,1089.2,968.33,9.285,7.901,5.0,10.0,86.51
85899.36,10770.04,3505.32,1490.61,7.02,9.699,7.04,10.0,90.0
53658.52,16613.79,4356.19,609.34,9.594,0.994,16.78,10.0,69.0
40026.56,9547.34,9248.19,1845.49,6.545,7.489,13.45,10.0,88.54
81240.24,24130.42,1265.33,1782.51,7.774,5.999,5.0,10.0,83.72
50616.47,23467.53,7882.77,252.32,8.917,0.252,30.09,10.0,67.41
26509.8,21352.67,4257.58,103.43,7.617,7.211,31.89,10.0,72.31
86947.66,23087.21,8207.0,1954.09,5.67,0.359,11.79,10.0,66.57
89430.39,11779.35,5377.32,1915.13,4.772,7.874,8.72,10.0,90.0
51967.88,13874.33,873.18,873.46,8.251,7.241,5.0,10.0,87.09
16812.98,18810.22,9488.96,148.6,7.743,6.91,36.06,10.0,70.19
44904.35,17707.5,1285.97,1256.81,3.728,1.288,5.0,10.0,73.21
82318.39,22376.29,6177.99,622.15,5.033,9.198,20.1,10.0,88.15
91159.66,18191.94,8837.84,1876.61,6.386,8.999,13.46,10.0,90.0
28312.55,24949.23,1257.81,1599.59,0.381,9.013,5.0,10.0,90.0
16027.63,9364.14,5761.99,1316.71,2.551,3.668,12.67,10.0,90.0
88961.54,20991.95,8330.75,604.78,2.577,4.973,22.97,10.0,84.91
45046.44,17743.24,9870.08,1417.47,8.844,1.237,16.98,10.0,70.75
58758.49,17593.27,7381.11,613.88,3.382,0.606,21.1,10.0,67.43
97125.92,8820.05,3144.18,123.38,5.497,0.682,27.61,10.0,68.57
15990.83,19854.44,7145.92,1041.45,8.333,5.731,17.15,10.0,80.7
68348.62,22609.02,7204.78,1002.93,2.671,3.282,16.54,10.0,86.96
16669.49,6245.16,7149.68,1537.86,1.325,5.838,12.28,10.0,90.0
43792.2,16011.92,8615.47,1738.06,9.489,5.967,14.7,10.0,80.13
82343.31,10411.24,1330.11,741.21,7.076,9.08,5.0,10.0,90.0
49012.5,24749.15,1529.99,926.47,1.853,8.835,5.0,10.0,90.0
99746.41,12491.99,6585.86,967.28,8.215,7.214,16.07,10.0,82.92
60315.34,6479.68,9561.87,682.24,7.893,8.203,22.53,10.0,80.74
38904.59,10164.58,4925.47,1499.6,8.392,0.131,10.72,10.0,69.13
29810.02,16692.12,9625.35,1068.1,2.835,0.254,18.28,10.0,69.16
41546.85,2826.14,9411.81,1832.21,4.541,4.64,12.01,10.0,85.69
43527.99,15486.45,9077.64,1318.11,6.967,6.572,17.5,10.0,84.63
16184.23,23349.39,9143.58,463.2,3.968,7.961,26.28,10.0,83.7
43261.68,21408.71,9034.03,371.38,0.793,4.528,28.02,10.0,84.38
51781.47,2624.16,8288.95,776.15,1.451,9.408,18.77,10.0,90.0
75046.4,24841.36,7102.3,726.51,6.011,8.168,19.86,10.0,86.56
69105.65,17769.45,731.88,843.91,3.814,1.117,5.0,10.0,72.14
73788.91,4894.74,1756.41,408.0,0.153,4.458,10.39,18.73,90.0
10752.73,1297.99,1775.2,1957.53,7.692,9.949,5.0,10.0,90.0
29590.07,5110.78,723.63,334.13,4.225,4.158,6.23,10.0,87.51
69551.59,21116.22,1608.67,1322.67,3.206,3.924,5.0,10.0,90.0
53559.04,1519.34,9237.59,75.49,7.164,3.011,39.82,10.0,68.39
10478.21,6595.54,6806.14,843.57,4.606,4.916,19.17,10.0,84.12
82404.52,19175.33,3464.69,652.91,6.979,7.326,14.27,10.0,86.99
79552.86,15066.65,8036.92,794.95,0.231,0.57,20.49,20.49,90.0
59357.72,19785.66,5139.51,1021.25,0.193,8.374,14.29,10.0,90.0
15981.7,18907.61,1850.21,1220.73,5.643,9.184,5.0,10.0,90.0
78986.35,2214.43,8902.77,1187.85,9.824,7.833,14.87,10.0,81.82
62534.22,22420.27,3717.29,1279.89,2.796,9.165,9.14,10.0,90.0
80376.4,6448.76,7139.16,1696.87,6.861,1.04,11.82,10.0,70.53
77657.23,14281.42,3260.64,1779.1,1.805,4.556,5.0,10.0,90.0
82270.19,16462.92,5250.68,1487.64,3.184,0.803,11.2,10.0,70.05
56620.73,5047.08,8254.4,203.94,0.873,8.385,32.05,10.0,79.47
22629.21,24429.55,1989.38,1924.52,8.82,9.53,5.0,10.0,90.0
70404.17,12715.74,9783.89,1897.43,3.173,3.048,14.51,10.0,84.19
65842.64,2383.42,1167.05,1437.82,2.382,5.4,5.0,13.53,90.0
76802.79,23494.29,5573.08,1059.01,7.333,3.047,14.6,10.0,72.93
25289.29,15070.43,9202.24,538.71,2.074,3.851,25.34,10.0,83.1
27547.77,17780.64,9484.09,1524.88,2.479,4.818,15.04,10.0,90.0
90136.86,13604.22,2705.04,1761.83,1.126,7.929,5.0,10.0,90.0
77498.0,21033.71,1867.86,1347.12,9.632,1.555,5.0,10.0,68.46
91740.56,1795.2,7381.83,1276.69,2.552,1.655,13.95,10.01,80.51
78284.38,7441.08,898.75,426.36,9.957,2.098,5.14,10.0,71.26
63743.98,12271.56,5109.77,747.7,1.844,0.626,17.29,10.0,74.23
68871.95,2838.49,8065.37,1460.12,0.304,6.47,11.55,10.0,90.0
90021.51,17941.76,5822.42,82.95,8.967,1.98,37.07,10.0,69.32
62092.61,10447.92,2286.13,1300.47,5.842,4.432,5.0,10.0,83.22
66915.22,7544.03,5126.92,1545.01,3.579,6.887,9.62,10.0,90.0
24082.9,1081.09,9252.11,702.67,5.182,4.545,20.05,10.0,79.85
52652.91,18275.93,6363.52,198.53,2.681,9.07,29.71,10.0,76.21
74475.74,21011.42,7354.16,1647.28,6.384,7.715,12.78,10.0,89.67
34384.84,10480.97,3694.51,326.58,6.203,2.803,21.96,10.0,72.07
28202.88,14541.23,2290.6,773.06,0.894,1.391,9.78,14.6,90.0
38244.41,6464.48,2928.6,1429.15,9.116,8.955,6.73,10.0,87.74
31735.06,15932.74,5565.19,1643.12,4.659,4.029,10.37,10.0,84.84
29342.14,1291.3,3162.09,1731.64,2.032,3.887,5.0,11.21,90.0
48236.58,12727.45,5648.67,1084.31,3.143,8.119,13.68,10.0,90.0
91705.47,16460.93,7224.02,977.95,8.676,0.193,17.03,10.0,66.5
55635.37,23036.6,7476.76,1704.22,3.894,4.566,12.49,10.0,90.0
26912.83,10152.06,2064.51,1148.0,5.663,7.172,5.25,10.0,90.0
16927.45,19364.56,7629.09,1178.37,9.482,8.502,15.83,10.0,83.81
72654.05,15344.49,6890.54,896.25,6.552,8.864,17.14,10.0,90.0
44451.89,23248.29,614.05,776.99,6.79,4.71,5.0,10.0,82.47
83964.79,10561.06,1059.29,987.05,2.561,8.492,5.0,10.0,90.0
69355.97,8658.29,6639.37,761.45,6.716,0.454,18.11,10.0,68.5
81661.73,22291.41,4145.19,719.92,3.999,3.124,14.66,10.0,84.87
34475.14,2181.87,1887.99,1987.65,9.119,0.204,5.0,10.0,68.64
72312.3,4273.25,921.77,705.62,1.382,1.739,5.0,22.75,90.0
33765.58,2977.71,2014.28,549.95,2.928,7.275,10.69,10.0,90.0
94516.16,21234.64,9596.38,740.15,0.753,0.144,21.73,10.46,69.22
67273.69,1254.58,7411.87,1202.02,3.871,5.278,13.44,10.0,90.0
39206.06,21679.77,5513.2,1826.43,1.569,4.198,8.96,10.0,90.0
34256.07,11830.43,9444.63,1586.34,8.467,1.316,15.2,10.0,71.07
27183.39,1096.61,6381.55,1692.37,9.258,6.888,9.58,10.0,80.34
72517.69,10639.48,7393.63,1725.07,6.727,6.962,11.94,10.0,88.06
29684.41,5483.22,3185.19,1845.03,1.123,7.291,5.65,10.0,90.0
63577.29,15985.61,6095.33,508.39,3.482,7.677,21.76,10.0,86.18
33817.15,17304.61,1863.03,943.81,9.648,3.218,5.82,10.0,71.15
69577.21,12700.66,4342.59,801.14,1.449,9.942,14.53,10.0,90.0
83344.58,1972.47,815.78,794.66,5.609,0.822,5.0,14.09,69.59
80022.27,16747.09,2557.97,1321.95,3.594,6.512,5.0,10.0,90.0
78476.62,21208.93,1211.25,833.52,9.992,9.711,5.0,10.0,90.0
26895.02,18287.78,4183.9,1251.84,2.925,2.321,11.24,10.0,83.52
17954.65,20918.99,8508.83,795.44,0.573,2.853,19.44,10.0,90.0
72905.39,5812.23,4090.37,656.7,7.052,5.802,14.99,10.0,86.24
43151.25,22333.31,8400.58,738.5,3.335,7.834,21.74,10.0,90.0
48911.16,8732.64,6736.73,1617.33,6.61,3.357,12.02,10.0,77.52
12803.42,1321.72,5340.53,1222.05,1.136,8.384,13.05,10.0,90.0
33361.88,21241.4,2750.47,1949.3,5.278,2.486,5.0,10.0,77.15
13030.88,23603.71,9260.48,1673.68,3.815,8.756,15.05,10.0,90.0
89126.72,16733.4,1014.91,997.27,5.414,2.604,5.0,10.0,77.34
31905.7,6554.48,7044.67,522.63,8.549,6.213,22.47,10.0,76.53
60160.35,7041.87,6401.78,1364.12,9.73,3.642,12.81,10.0,74.2
13508.14,12198.23,4689.89,1466.96,7.556,3.286,10.2,10.0,75.73
70016.27,22547.95,2783.05,955.14,7.692,3.605,9.31,10.0,78.03
39072.46,4590.34,4591.61,498.35,5.336,5.042,18.68,10.0,83.5
90812.73,20823.37,8791.34,1136.61,1.064,8.466,16.65,10.0,90.0
89930.64,7991.27,8449.28,544.97,6.704,7.617,22.94,10.0,79.98
39276.16,20406.07,9443.12,1883.0,1.563,4.548,13.43,10.0,90.0
91086.48,23086.51,3424.04,1276.32,2.532,2.893,7.88,10.0,88.82
99654.19,11259.85,4177.49,619.27,7.105,8.558,15.81,10.0,87.68
84287.41,9761.22,677.9,470.67,6.604,8.715,5.0,10.0,90.0
86038.42,20253.31,9458.02,1447.61,3.212,4.591,15.61,10.0,90.0
32410.79,13707.59,3629.21,1430.2,7.743,6.989,7.57,10.0,87.24
61903.22,17426.78,4339.56,1214.41,9.399,3.756,11.3,10.0,75.68
16053.03,15947.9,9124.14,1247.89,5.498,1.576,16.85,10.0,71.3
18542.61,4669.33,5502.69,1227.54,6.809,3.283,12.34,10.0,76.52
99900.34,21274.97,5878.66,752.2,2.791,6.853,18.1,10.0,90.0
39397.53,5698.6,2174.21,1877.96,9.711,7.717,5.0,10.0,85.84
77336.55,23374.77,5237.27,984.59,2.81,8.531,14.44,10.0,90.0
82599.85,7013.71,9222.98,89.64,8.885,0.275,39.24,10.0,66.03
87222.09,18613.14,5807.82,729.3,9.286,4.915,18.08,10.0,77.37
99786.55,7831.73,2923.61,304.05,7.224,2.812,18.79,10.0,72.54
31734.68,8626.85,796.22,758.6,8.135,6.871,5.0,10.0,89.02
13631.57,8440.04,3694.87,1236.11,4.633,2.529,8.7,10.0,78.59
47007.24,18949.41,5939.61,94.2,9.204,5.706,36.06,10.0,71.66
21707.26,14363.56,904.83,1746.89,7.452,7.148,5.0,10.0,88.45
12018.33,22190.86,6293.03,1240.1,3.335,7.724,14.5,10.0,90.0
42438.41,8376.95,5472.43,625.98,0.446,2.768,18.21,10.0,90.0
80536.44,17607.82,7942.64,656.85,5.454,0.97,21.34,10.0,67.16
60956.26,19070.77,774.44,958.05,8.422,2.265,5.0,10.0,68.49
38150.02,4635.57,7918.05,533.78,8.621,6.031,23.45,10.0,76.69
68890.78,10614.14,5448.33,58.47,8.368,0.5,39.75,10.0,64.91
30881.64,12587.62,4020.03,101.79,2.226,1.673,31.61,10.0,72.92
11294.33,9536.5,9671.14,747.59,4.319,9.955,22.09,10.0,88.6
78791.8,8730.7,2021.14,292.23,6.177,3.885,15.95,10.0,75.33
66136.88,17474.08,5642.59,93.61,6.709,5.016,35.12,10.0,70.15
78607.24,6180.79,3549.32,1725.58,3.412,0.209,5.41,10.0,67.38
13504.42,18025.38,5511.12,584.57,6.957,5.96,19.2,10.0,83.17
85340.77,23441.06,5746.62,1031.09,5.95,3.32,15.04,10.0,77.16
65757.36,14564.74,1349.76,399.85,5.711,5.349,10.41,10.0,84.55
60705.58,15674.42,6780.78,141.11,6.664,5.309,33.88,10.0,69.71
66215.26,2654.38,6527.57,1502.49,6.073,9.678,10.56,10.0,90.0
87798.99,21747.45,7809.94,293.67,1.752,2.756,28.91,10.0,77.3
62824.29,7850.75,1361.26,100.15,8.757,5.747,23.25,10.0,76.59
62285.53,15761.23,3323.96,1195.1,2.482,3.877,7.9,10.0,90.0
99161.12,24498.69,6676.05,76.26,7.47,4.278,38.66,10.0,69.97
78105.72,15292.06,1798.94,900.76,1.847,0.65,5.79,10.0,74.25
49806.44,18393.03,6937.18,613.23,6.644,6.916,20.62,10.0,82.01
73665.73,11687.67,1060.75,672.87,8.967,2.033,5.0,10.0,71.38
45030.74,2448.78,3681.85,57.6,0.196,4.738,34.67,10.0,70.91
30598.79,20142.38,8543.76,1930.47,9.799,4.399,11.88,10.0,75.66
63716.67,1839.97,7855.77,1058.08,0.394,4.735,14.38,10.0,90.0
93536.39,17815.79,6625.23,1166.4,0.213,3.818,15.73,10.0,90.0
93622.56,1550.12,8769.35,1348.94,8.59,2.5,14.13,10.0,70.41
40771.48,21695.33,7238.06,1605.17,7.116,4.542,13.06,10.0,78.84
57490.97,4783.26,5434.06,1235.42,1.148,0.558,11.37,19.57,77.17
29047.23,13342.52,9807.32,1536.29,9.38,2.499,16.05,10.0,70.66
99606.8,15331.62,7101.13,925.03,6.752,7.87,18.14,10.0,87.15
98300.61,11981.09,6212.99,773.99,1.199,8.444,17.97,10.0,90.0
68455.8,9178.32,4384.27,1655.11,8.619,7.182,8.25,10.0,88.61
82397.27,12227.54,9072.92,1737.36,4.861,6.362,13.21,10.0,89.29
74359.01,8473.98,3309.24,318.72,2.854,8.132,20.28,10.0,90.0
63384.24,11514.94,587.59,1108.19,8.268,1.366,5.0,10.0,72.2
14801.32,9613.91,2369.03,1383.1,7.411,5.3,5.0,10.0,84.57
50928.79,14588.92,1540.42,213.02,6.268,1.252,17.39,10.0,69.39
70730.77,6710.18,3530.44,1862.71,8.995,7.801,5.0,10.0,86.24
70977.85,24727.76,8345.85,1064.21,8.627,5.254,18.08,10.0,74.0
43581.04,13020.88,6689.53,1308.64,2.345,8.119,14.67,10.0,90.0
94752.28,5659.89,2105.32,397.57,8.799,8.011,12.55,10.0,84.75
25062.13,12449.6,7993.81,565.65,3.803,4.716,22.72,10.0,82.19
55032.35,21793.96,5290.09,285.95,4.375,5.019,24.97,10.0,78.57
72179.56,1523.36,5370.79,564.8,9.726,0.38,17.75,10.0,67.08
72742.22,17309.3,3940.07,1010.17,7.623,5.283,11.47,10.0,80.77
68377.51,14151.23,8713.86,1675.58,3.283,6.807,15.34,10.0,90.0
34775.94,5069.39,3524.11,1090.76,6.514,2.413,9.21,10.0,75.04
24058.59,20619.43,1394.33,526.7,5.439,9.867,8.34,10.0,90.0
67234.63,9853.23,3375.93,137.01,1.254,9.751,27.7,10.0,85.65
63937.19,8051.25,7295.86,1262.84,8.889,2.9,14.97,10.0,72.75
26142.04,20875.0,6747.03,869.31,8.237,7.158,17.47,10.0,84.23
73462.52,16324.6,2286.16,1969.49,7.799,0.397,5.0,10.0,66.67
50965.48,22558.22,1561.95,1570.53,5.636,6.691,5.0,10.0,90.0
70098.45,16117.21,6778.22,1626.31,2.286,6.278,12.62,10.0,90.0
85363.04,18779.62,6925.58,73.86,8.851,8.239,38.95,10.0,69.49
25275.56,21074.7,3978.42,1566.7,3.594,3.113,7.85,10.0,87.07
11723.04,2313.75,8506.61,429.5,0.299,8.792,26.01,10.0,90.0
80119.23,19625.18,9792.95,1192.3,9.82,8.594,17.61,10.0,82.16
64872.77,15728.96,2453.63,922.47,8.625,6.729,8.69,10.0,84.01
72967.56,2668.19,5982.15,1164.63,6.265,4.776,12.16,10.0,83.08
85433.95,13205.87,550.79,310.21,0.223,6.222,5.27,26.4,90.0
82252.98,2978.99,7274.02,940.94,2.354,7.327,15.54,10.0,90.0
96482.81,18662.73,4435.68,122.04,4.575,9.755,31.94,10.0,76.7
58234.16,14116.04,2336.06,129.95,6.318,1.305,25.16,10.0,69.84
53964.61,23885.76,7646.11,1332.59,7.111,3.199,15.36,10.0,75.54
46169.85,5395.25,8201.16,1905.81,7.904,7.829,11.93,10.0,87.01
23832.19,15544.8,1556.08,1565.92,5.601,4.151,5.0,10.0,83.11
61534.65,6077.97,889.46,964.85,6.596,6.758,5.0,10.0,87.72
34931.13,15737.56,3673.75,158.95,8.131,1.418,26.43,10.0,67.91
92917.68,18343.59,6446.91,137.79,7.226,7.121,33.13,10.0,71.91
62487.17,18335.3,8037.49,357.89,9.553,6.773,27.5,10.0,75.9
63355.62,20561.78,5687.59,1952.83,8.759,5.9,9.15,10.0,81.24
41943.22,21485.21,6017.11,827.39,1.777,7.676,17.02,10.0,90.0
14679.04,2854.52,8098.65,1694.64,9.479,8.813,13.25,10.0,85.51
12856.94,9238.41,5524.01,1425.03,2.121,8.31,12.84,10.0,90.0
48100.16,17490.94,6305.97,1230.59,9.914,1.363,14.41,10.0,68.2
17610.88,12966.07,5404.06,1898.26,7.043,7.469,8.24,10.0,87.85
64616.23,5576.22,8864.35,499.3,6.313,4.553,23.87,10.0,74.44
89287.57,14265.03,2737.41,937.03,3.311,3.405,8.88,10.0,88.63
89462.33,10778.46,3007.94,1736.21,1.418,8.809,5.0,10.0,90.0
69314.09,10360.92,1715.63,1125.93,1.349,5.64,5.0,10.0,90.0
29010.86,20434.09,8284.93,530.57,8.679,5.062,23.53,10.0,76.35
87669.71,10782.36,4411.88,457.39,4.381,7.868,19.07,10.0,89.23
89748.41,1634.91,3804.99,1518.12,5.643,5.578,6.05,10.0,88.4
27698.82,2393.52,9822.81,74.94,9.325,8.594,40.74,10.0,68.16
76368.35,21549.86,9304.63,1832.67,2.628,1.119,12.92,10.0,74.8
35786.76,24054.42,9733.88,85.92,7.663,7.784,41.65,10.0,68.87
82237.63,17521.82,1851.84,1280.43,4.758,1.722,5.0,10.0,74.76
99751.41,9744.84,8966.89,1229.26,2.206,2.33,16.85,10.0,85.13
12702.34,23526.41,3622.74,1177.9,8.544,1.877,9.88,10.0,68.96
90762.93,16907.27,620.24,974.97,6.831,2.46,5.0,10.0,74.41
66036.75,21264.01,4217.33,1712.24,1.04,7.345,9.24,10.0,90.0
97604.44,19380.46,5337.37,1335.7,5.463,6.588,11.96,10.0,88.73
51850.86,10099.34,1528.09,1574.63,8.532,2.375,5.0,10.0,72.64
86264.91,12488.85,5607.94,275.27,0.763,2.775,26.94,10.0,88.11
15615.47,5467.17,8284.9,147.3,4.221,1.083,35.14,10.0,69.6
40175.11,8008.34,4087.68,105.63,8.072,4.203,31.48,10.0,72.45
16031.49,19675.02,3850.13,337.05,8.598,3.848,21.13,10.0,74.21
97780.88,22455.48,3718.7,1350.67,7.776,1.544,8.45,10.0,71.68
83527.65,18387.05,9269.4,1013.34,3.127,8.363,19.3,10.0,90.0
86729.27,12164.17,963.2,1516.89,5.119,8.541,5.0,10.0,90.0
94416.87,3076.22,4728.22,423.87,7.439,1.18,18.33,10.0,69.69
17659.31,2366.75,3013.69,765.58,1.611,2.737,12.9,13.99,90.0
44703.78,9983.81,8991.17,1782.57,5.99,7.387,13.51,10.0,88.58
16393.14,12131.72,1412.5,1874.64,7.232,8.713,5.0,10.0,90.0
28971.38,15618.89,4408.71,1847.37,8.515,0.81,7.45,10.0,66.47
30642.92,1155.75,4364.75,1645.69,1.206,9.033,5.89,10.0,90.0
52219.65,24753.35,8939.75,1392.06,3.364,0.71,16.06,10.0,69.54
34170.6,9734.53,2547.19,1831.67,5.462,6.374,5.0,10.0,89.17
19088.03,21354.27,6626.51,1442.65,7.04,0.319,13.43,10.0,67.28
25074.2,13839.2,1776.86,1910.18,7.327,9.29,5.0,10.0,90.0
23254.8,4130.55,9562.77,98.34,2.607,3.602,39.05,10.0,68.96
97576.91,20141.57,6133.64,1847.2,0.237,6.523,10.08,10.0,90.0
78336.33,18035.85,6449.44,1133.69,6.969,1.928,15.29,10.0,73.83
97098.53,13658.47,4620.85,268.01,9.1,3.28,24.12,10.0,68.92
49576.64,13349.27,3751.69,469.08,7.995,7.498,17.0,10.0,80.86
35053.16,3099.51,2520.43,1711.71,6.262,9.733,5.0,10.0,90.0
81846.39,16740.37,6237.88,1036.93,9.778,9.921,15.14,10.0,86.37
39362.85,22869.88,9568.34,1966.49,4.388,8.116,13.37,10.0,90.0
36944.5,3237.88,3918.01,279.19,5.298,8.487,22.2,10.0,84.56
30925.54,7324.27,8889.99,854.38,0.222,9.697,20.21,10.0,90.0
21671.11,22655.39,1913.37,697.16,9.465,0.499,9.23,10.0,66.94
33081.68,7824.25,9393.2,1056.46,5.875,1.784,18.21,10.0,72.65
41978.78,16694.65,3829.62,1285.2,3.969,0.622,10.53,10.0,69.06
70659.48,13835.64,4107.41,1340.18,0.541,5.061,8.84,10.0,90.0
15630.84,15311.86,4897.0,52.53,3.688,9.589,39.15,10.0,68.32
28945.62,10978.93,7323.32,223.47,0.136,5.866,29.79,10.0,81.15
82812.13,8199.8,7336.71,118.37,3.311,5.599,35.3,10.0,71.01
23222.97,2164.8,5056.09,1735.97,9.519,8.284,8.62,10.0,86.9
40838.06,18862.74,5469.95,660.92,1.627,9.297,18.37,10.0,90.0
87819.3,18906.24,785.1,765.77,5.5,7.016,5.0,10.0,90.0
23943.28,17097.42,3390.82,928.22,1.948,8.964,11.85,10.0,90.0
17446.32,16447.21,3787.16,1706.14,7.855,1.835,6.96,10.0,70.29
53608.42,6849.21,5807.91,77.62,5.668,5.084,37.84,10.0,69.61
37217.76,1536.28,5803.85,281.31,2.102,3.71,23.41,10.0,80.63
60706.75,20409.17,7244.05,1386.07,8.676,3.392,13.17,10.0,74.06
82342.44,12787.32,7311.76,1929.59,7.862,2.221,11.39,10.0,71.36
22343.36,8364.12,2734.5,1303.43,9.518,8.951,6.51,10.0,89.29
62262.92,3446.37,7816.78,559.19,0.106,4.559,20.64,10.0,90.0
55495.79,2505.32,686.23,1063.74,4.625,5.35,5.0,10.64,90.0
22967.09,9372.8,7303.54,1951.21,9.998,2.835,11.92,10.0,73.9
66159.86,20313.69,1469.58,1079.75,8.131,9.632,5.0,10.0,90.0
34627.64,23049.37,7431.66,778.34,8.33,6.151,19.38,10.0,79.5
53905.09,22522.03,5507.62,797.68,6.249,0.107,16.8,10.0,64.83
17404.51,23080.02,4653.92,1935.72,7.158,2.752,7.96,10.0,73.83
51362.57,22785.41,7061.33,1451.89,8.073,9.994,13.05,10.0,89.69
37581.71,13653.39,845.52,1389.99,1.014,9.75,5.0,10.0,90.0
84014.31,6265.98,2622.97,502.51,6.957,5.492,13.26,10.0,81.75
15128.09,20153.12,6356.18,1141.0,8.173,5.685,14.02,10.0,80.59
47674.65,6129.11,8548.55,745.65,0.505,9.026,20.31,10.0,90.0
51258.83,7412.97,4120.52,518.39,3.041,7.115,17.13,10.0,90.0
75250.55,6598.1,2958.23,1796.33,3.308,9.329,5.0,10.0,90.0
61685.88,13359.58,5428.0,797.15,8.56,4.843,15.96,10.0,77.34
70049.11,8723.86,6411.99,601.43,7.825,9.761,20.6,10.0,83.25
79934.44,4699.75,4490.98,1866.85,6.599,5.442,5.44,10.0,83.26
87598.27,11876.16,8828.75,434.83,8.067,6.484,26.74,10.0,76.05
38248.79,21973.77,5472.67,1503.73,4.589,0.917,11.22,10.0,68.53
58422.04,14693.27,840.32,1322.86,8.761,6.155,5.0,10.0,81.65
85609.73,22080.05,2619.01,1844.94,2.419,7.701,5.0,10.0,90.0
99050.6,5700.93,4781.15,1672.49,7.075,4.449,6.89,10.0,81.47
90056.74,5007.37,7128.39,1425.33,2.493,5.074,11.97,10.0,90.0
43432.05,14813.85,2587.65,663.41,0.495,3.994,11.73,10.0,90.0
27564.99,12119.89,9774.45,1016.36,2.913,9.694,19.35,10.0,90.0
54045.33,16844.14,3526.3,1891.77,4.98,4.819,5.75,10.0,88.57
76747.73,20071.04,5558.56,95.25,8.45,1.349,36.45,10.0,67.14
54331.22,19031.38,680.18,1598.95,5.138,0.386,5.0,10.0,67.62
53486.28,23614.27,8906.46,541.03,1.874,7.747,24.61,10.0,88.5
85440.74,10558.15,7993.93,410.78,9.928,5.522,25.69,10.0,74.75
42526.34,5953.28,2356.85,502.84,2.774,0.127,11.83,10.48,67.38
87381.52,14221.9,9365.75,166.51,9.854,3.887,35.02,10.0,69.49
46612.43,3657.83,3500.48,1984.36,9.37,9.149,5.0,10.0,88.42
39540.98,7932.43,7075.77,1746.24,5.47,9.483,11.36,10.0,90.0
50859.09,5989.31,8280.28,1066.06,1.01,0.63,16.52,13.93,76.36
78620.23,10517.53,7538.69,1444.45,6.985,1.322,14.26,10.0,67.36
21340.18,3669.2,9217.04,1135.36,8.473,0.148,18.8,10.0,67.75
27677.73,1764.2,8710.61,1632.58,4.508,8.7,12.35,10.0,90.0
95630.03,16763.06,9948.81,1697.29,2.467,0.802,14.99,10.0,72.65
25794.25,15645.98,2234.81,503.94,8.048,1.168,14.03,10.0,70.0
61095.46,18000.61,3395.24,946.51,5.496,2.353,11.43,10.0,77.25
62138.3,16849.27,6544.15,1287.95,2.057,9.181,13.39,10.0,90.0
54066.2,3743.07,7463.95,1957.96,9.5,6.914,9.26,10.0,81.41
68027.07,7985.89,5578.75,1381.24,9.486,6.207,12.82,10.0,81.42
30684.41,4108.64,1202.32,1800.39,3.734,7.868,5.0,10.0,90.0
59739.6,21231.34,8495.15,1699.92,0.734,6.964,13.62,10.0,90.0
43495.59,18925.69,9628.31,1185.02,6.345,7.485,18.46,10.0,88.04
69550.05,5836.65,4352.41,1792.63,3.241,0.829,6.64,10.0,70.77
22710.12,9191.42,2635.72,785.97,0.757,5.939,10.65,10.0,90.0
61378.97,24198.76,683.48,789.6,8.929,7.557,5.0,10.0,86.25
26674.33,15259.82,2754.34,1572.88,9.981,5.7,5.0,10.0,79.83
35077.88,20227.73,7149.23,312.36,3.569,0.217,27.74,10.0,66.08
29683.88,7350.18,9160.1,646.36,7.473,2.19,22.26,10.0,72.32
26455.4,6041.27,1388.37,1236.72,0.751,9.633,5.0,10.0,90.0
84313.99,19814.01,5755.96,869.13,3.76,7.076,15.99,10.0,90.0
35713.68,17460.94,7107.55,1884.41,1.177,6.916,12.28,10.0,90.0
93441.14,17343.47,3125.62,1919.09,0.648,6.636,5.0,10.0,90.0
97293.39,14263.23,5914.02,1030.03,5.929,1.365,15.88,10.0,69.84
61413.44,14525.88,7294.86,1101.17,8.04,0.14,16.07,10.0,68.54
22870.1,18656.74,8458.33,1463.02,4.584,4.462,15.25,10.0,86.96
43709.34,7480.06,4798.75,941.67,5.289,4.499,14.48,10.0,84.39
81795.9,9466.44,7604.64,420.69,2.78,8.137,24.26,10.0,85.81
43065.17,21919.28,3366.94,1506.59,7.39,1.898,7.67,10.0,72.94
17831.55,8412.76,2523.94,1488.68,3.675,2.824,5.0,10.0,84.25
60110.64,14111.43,2279.48,527.71,0.768,0.875,12.77,15.92,89.15
86060.88,17863.35,3909.29,1674.19,1.739,4.059,7.47,10.0,90.0
81633.37,24998.2,840.86,1246.62,1.372,2.634,5.0,10.0,90.0
25761.08,11446.99,3188.42,510.79,4.415,2.703,15.43,10.0,77.9
70548.82,11274.23,6696.12,1321.48,0.746,2.615,13.91,10.0,90.0
29845.38,21222.12,6655.23,505.54,8.084,2.392,21.33,10.0,70.83
29638.68,20332.07,1198.76,567.2,9.089,3.266,5.79,10.0,73.13
88666.46,18545.82,3230.45,1703.62,2.559,5.413,5.33,10.0,90.0
32470.21,12117.51,5910.8,1862.51,4.907,4.433,10.72,10.0,85.18
33692.26,8774.54,3526.25,550.92,5.239,0.728,16.76,10.0,66.74
10058.81,15609.53,4470.89,1859.7,9.852,4.316,8.07,10.0,75.19
88360.21,22029.36,7271.7,515.66,0.75,8.478,22.08,10.0,90.0
81333.53,22210.66,588.03,278.67,6.712,1.097,6.52,10.0,70.18
66459.6,3603.96,3125.74,163.54,3.523,9.449,23.19,10.0,84.99
77523.92,11280.41,1852.54,522.12,5.068,3.155,10.7,10.0,80.5
23684.37,12153.33,1712.29,801.23,2.249,0.244,7.01,10.0,67.36
51249.12,24462.77,9610.88,1858.72,1.686,2.606,14.53,10.0,90.0
41609.74,17271.95,4077.32,522.21,2.511,0.79,18.41,10.0,69.93
18439.89,10773.91,5507.34,762.66,0.805,5.707,16.41,10.0,90.0
53751.74,1625.39,7471.31,1481.6,2.853,3.232,11.53,10.0,84.72
92866.57,14569.24,950.75,639.04,6.934,8.088,5.0,10.0,89.59
13605.32,3305.82,2789.72,1384.52,6.55,7.353,6.71,10.0,88.6
36231.48,21026.8,8405.4,892.55,5.59,4.739,19.41,10.0,82.09
28678.68,19060.45,8688.91,433.07,0.104,5.65,25.98,10.0,90.0
31433.2,12052.22,4043.03,1481.41,1.345,6.127,9.22,10.0,90.0
91759.11,11301.06,4061.19,102.73,8.444,2.78,31.85,10.0,68.52
52126.21,22536.14,7690.52,620.05,2.79,1.48,22.1,10.0,76.22
51966.95,7923.0,3303.17,744.55,9.131,3.828,12.23,10.0,74.09
78451.81,6976.48,1612.39,943.53,8.758,1.039,5.0,10.0,70.58
23904.3,23540.74,2946.59,1375.75,1.634,3.217,6.47,10.0,90.0
53853.88,20421.9,4179.77,945.84,8.992,5.571,12.12,10.0,81.49
48698.67,20695.01,995.94,1208.93,6.316,5.447,5.0,10.0,90.0
63721.96,5684.65,5047.46,1211.77,6.34,1.294,11.33,10.0,70.53
99960.19,4439.1,7530.07,777.88,8.542,0.183,18.45,10.0,68.9
79250.4,1624.71,5380.58,1871.24,4.11,0.981,6.82,13.5,70.41
45807.91,6689.0,1183.01,1913.91,7.379,0.458,5.0,10.0,69.0
84479.77,19580.57,4681.42,1184.61,6.711,4.065,10.74,10.0,79.37
25363.75,6760.92,7234.59,189.8,7.738,3.959,31.97,10.0,72.16
12741.73,18498.48,1051.92,1007.7,6.636,2.492,5.0,10.0,74.96
28400.35,7045.8,1068.55,409.62,0.893,2.233,8.39,21.1,90.0
40637.04,10487.02,4020.71,992.27,2.998,4.025,12.22,10.0,89.01
55952.27,24595.89,2352.16,417.54,9.405,0.957,15.26,10.0,66.45
65361.62,6875.48,9380.42,1422.52,2.312,2.222,16.05,10.0,86.07
91954.51,10032.9,6022.76,206.84,4.775,4.116,29.78,10.0,74.97
55886.86,8226.09,3229.59,1908.94,3.634,1.039,5.0,10.0,73.15
55114.81,3631.0,7195.38,430.98,0.954,8.424,23.57,10.0,90.0
14521.87,12757.46,4061.83,1338.28,1.894,6.793,9.92,10.0,90.0
13142.04,10088.58,1755.1,1838.08,2.938,3.893,5.0,10.0,90.0
59604.4,17677.29,2753.71,533.38,4.687,1.589,14.59,10.0,70.81
49436.08,20622.27,6606.1,1871.88,8.758,2.022,10.97,10.0,70.19
85526.24,14061.99,992.82,807.92,5.205,1.289,5.0,10.0,70.74
24461.16,1772.71,3090.55,1923.04,6.554,1.685,5.0,10.05,71.3
12247.45,15854.14,2478.96,1944.16,4.317,4.283,5.0,10.0,88.62
50413.49,2329.38,2410.78,416.76,8.714,2.532,14.3,10.0,73.34
31373.07,15792.55,6986.24,1670.62,6.66,8.857,13.5,10.0,89.89
14465.29,17440.72,8345.26,427.17,0.997,9.613,25.94,10.0,89.8
75213.85,5746.42,7300.73,491.56,4.827,6.945,22.69,10.0,84.17
20043.37,20664.31,6634.41,214.05,8.29,8.107,30.38,10.0,74.97
64748.76,22866.04,9206.29,355.25,7.363,2.626,28.73,10.0,72.02
35294.48,20514.09,1054.73,1282.83,9.063,6.684,5.0,10.0,83.92
25614.64,8322.62,2091.09,926.04,2.354,0.674,7.31,10.0,71.31
44177.64,15079.43,4436.87,1592.34,9.774,9.606,9.09,10.0,87.23
82130.12,22955.56,4038.29,697.39,2.922,6.735,14.78,10.0,90.0
45288.42,8695.95,4471.49,1938.82,0.597,3.237,7.04,10.0,90.0
77569.27,20680.67,2461.32,147.25,5.007,7.753,23.74,10.0,83.07
21293.77,1227.4,1920.28,172.73,1.192,0.256,19.2,83.11,70.77
79549.43,1087.52,5337.34,1417.68,6.845,3.825,9.72,10.0,78.36
31324.0,19233.08,9316.5,1780.7,9.016,8.967,14.66,10.0,86.23
70965.38,19274.74,4223.71,1601.23,9.221,2.706,7.92,10.0,72.62
60920.34,19935.45,911.86,1005.14,6.11,6.712,5.0,10.0,90.0
93623.02,23320.64,7208.59,575.8,5.399,3.665,22.05,10.0,75.56
44859.03,3829.75,3265.5,76.23,9.941,3.984,32.87,10.0,72.21
15954.87,6567.64,2828.4,1043.43,5.836,7.485,8.98,10.0,90.0
11723.99,22689.4,3580.45,977.49,9.282,9.111,10.95,10.0,88.84
84417.27,5253.67,7376.25,721.28,9.174,1.751,17.51,10.0,69.29
57226.21,17373.5,8278.78,1177.24,2.966,2.841,16.94,10.0,83.29
79771.96,13731.11,6086.53,1471.19,0.236,4.929,11.61,10.0,90.0
31098.3,2996.65,3563.55,1416.73,4.448,6.177,7.03,10.0,90.0
41057.54,7846.33,3449.54,563.34,8.628,4.731,15.07,10.0,78.42
12709.35,13488.93,1680.93,1191.34,8.378,8.075,5.0,10.0,87.19
96534.31,21456.4,9366.36,340.11,6.076,7.704,29.38,10.0,77.69
70108.11,17980.92,6562.32,287.12,1.651,4.112,26.57,10.0,82.99
93988.46,15925.2,756.26,1582.42,1.165,0.502,5.0,10.03,77.69
33894.68,12904.79,6792.49,1402.8,9.551,2.026,12.9,10.0,71.13
65031.73,8168.42,4747.96,1547.46,4.272,4.921,8.54,10.0,89.88
71065.0,3861.88,9739.3,347.3,6.517,9.282,26.81,10.0,79.75
38579.47,10817.82,8281.15,1833.51,9.068,5.719,13.08,10.0,79.45
86329.83,1684.44,2127.5,309.57,8.712,5.351,14.16,10.0,80.27
95244.53,6065.34,7341.06,1746.57,5.712,7.267,9.7,10.0,90.0
89636.96,11379.6,5112.88,737.14,4.93,1.608,15.55,10.0,73.22
76516.03,11046.52,2276.93,255.6,7.379,1.554,18.8,10.0,73.52
34971.82,2063.09,7138.03,609.2,3.561,3.519,19.84,10.0,79.35
35345.44,15137.44,5700.18,403.82,6.291,9.949,22.2,10.0,83.44
96702.43,14192.42,788.55,1006.81,0.329,8.772,5.0,14.78,90.0
10925.6,2874.5,6642.59,1902.0,8.261,6.833,11.28,10.0,85.6
74444.5,23635.91,6532.38,689.35,9.981,3.972,19.32,10.0,73.59
73562.15,3385.19,1868.81,1243.59,9.552,5.591,5.0,10.0,81.38
66042.06,21516.02,3815.38,1788.86,3.663,3.105,6.67,10.0,84.48
99109.8,1007.43,6066.04,1278.64,5.358,6.776,11.29,10.0,90.0
38069.15,22174.75,1818.44,756.29,2.439,4.247,7.17,10.0,90.0
40597.47,1473.27,8600.87,1982.14,3.1,1.29,10.89,10.0,76.76
17104.55,19187.49,761.12,415.46,4.628,2.229,5.0,10.0,75.17
49851.83,9680.58,1476.96,1070.35,7.496,6.126,5.0,10.0,87.01
33494.37,18717.2,1603.02,1603.58,0.277,6.976,5.0,10.67,90.0
40904.8,10641.88,5517.02,51.27,3.998,1.051,40.87,10.0,71.13
85111.46,2701.79,6391.08,1418.98,5.609,8.103,11.65,10.0,90.0
94193.61,19420.16,4335.54,569.67,2.23,8.261,17.23,10.0,90.0
26715.98,2710.06,3242.33,380.97,0.877,7.259,18.47,10.0,90.0
43525.8,23130.89,8188.52,584.68,5.442,6.868,23.55,10.0,81.1
93576.75,2223.38,1148.72,1935.29,6.414,2.395,5.0,10.0,75.65
15562.76,12503.81,3162.77,1789.27,6.446,9.204,5.22,10.0,90.0
18312.45,18352.83,871.6,466.82,3.63,2.759,6.31,10.0,83.96
24651.19,10437.92,631.96,278.2,2.45,1.907,6.7,10.0,84.61
63569.16,6213.6,3857.11,760.1,2.282,6.421,13.39,10.0,90.0
23542.5,19218.18,2350.82,1205.06,0.501,3.705,6.56,11.21,90.0
97126.87,19823.07,3049.48,1740.93,1.928,9.337,5.0,10.0,90.0
50204.31,23144.68,8299.0,1933.88,8.204,4.656,12.66,10.0,79.02
55136.62,10027.96,2048.31,1514.75,0.13,1.721,5.0,33.32,90.0
32199.28,13150.04,7912.22,1218.06,0.534,9.58,16.85,10.0,90.0
52386.42,9715.08,6912.98,327.55,1.357,5.203,25.71,10.0,84.46
69572.23,7169.96,3601.23,194.36,4.26,5.234,24.8,10.0,77.7
77605.94,19024.79,5692.28,1212.25,3.404,3.919,12.78,10.0,89.78
77848.13,9151.64,4722.14,1101.18,1.861,8.376,11.52,10.0,90.0
62010.2,11275.59,1719.76,1699.87,1.198,2.948,5.0,10.0,90.0
91392.38,10688.17,9118.26,679.08,9.395,0.236,22.08,10.0,66.07
83566.71,18103.87,5911.37,127.4,9.121,5.023,33.42,10.0,72.59
78134.33,23027.1,8862.28,876.23,7.742,9.266,20.0,10.0,85.22
15004.5,17002.15,8326.35,1939.91,2.595,2.805,12.73,10.0,89.82
10619.02,12317.98,1257.87,1601.37,3.305,2.736,5.0,10.0,86.82
29120.25,19700.92,2469.07,115.86,6.692,7.407,27.01,10.0,79.03
69717.12,16383.31,1879.98,1755.62,2.988,7.778,5.0,10.0,90.0
47007.77,2454.65,8392.41,969.79,5.353,4.412,16.8,10.0,82.31
46216.56,3295.93,8693.24,761.3,6.548,8.353,19.25,10.0,86.0
89612.82,1910.01,5515.73,726.14,5.24,1.802,15.37,10.0,72.83
90600.66,11963.59,1489.69,1210.53,4.192,3.734,5.0,10.0,88.59
91825.77,20820.48,1788.36,1084.67,3.544,4.102,5.0,10.0,90.0
38249.03,8514.0,8228.71,1330.42,7.8,3.197,15.62,10.0,75.69
72195.02,10219.84,9327.31,1168.6,7.416,2.256,17.67,10.0,71.93
34446.99,22827.45,2395.02,330.69,6.993,3.448,16.95,10.0,77.12
27154.88,21085.68,605.81,551.61,3.809,0.278,5.0,10.0,67.93
26616.92,16961.15,3644.05,1690.01,7.78,7.063,6.74,10.0,89.37
40789.69,7403.29,789.74,1343.35,9.581,6.871,5.0,10.0,83.58
48696.19,3809.0,8365.76,924.38,6.921,4.557,17.78,10.0,78.33
84785.43,1385.41,5169.37,406.07,4.138,3.297,20.02,10.0,78.28
20790.2,3568.26,6597.68,65.0,7.985,4.398,39.91,10.0,68.5
76143.33,8022.31,4409.11,658.18,6.132,9.372,16.11,10.0,89.54
57830.94,14242.96,3782.32,156.95,8.789,6.075,27.52,10.0,77.08
35915.08,2536.0,2610.9,990.45,7.161,7.34,6.61,10.0,90.0
54353.76,4269.47,7820.06,1652.51,7.722,2.372,12.22,10.0,72.02
36994.79,5345.94,7107.7,606.53,6.708,1.038,21.6,10.0,70.6
63647.38,16167.57,3926.93,1703.12,1.011,0.924,7.46,10.0,86.7
49045.95,15778.96,3550.6,1423.9,4.903,4.773,8.96,10.0,88.26
24796.5,14218.38,511.81,294.26,0.659,7.195,5.1,16.26,90.0
20492.48,7012.03,1103.75,1306.9,4.531,7.764,5.0,10.0,90.0
59202.61,9906.87,6420.93,345.78,7.193,7.232,25.08,10.0,77.62
91217.17,3320.55,5388.77,1326.84,4.27,9.136,9.91,10.0,90.0
40956.19,6435.05,4630.63,328.29,0.116,0.615,22.75,47.29,90.0
75970.01,22544.93,8361.27,815.4,3.756,8.568,20.66,10.0,90.0
69279.52,24512.6,5287.03,1154.86,0.771,6.641,12.96,10.0,90.0
93839.94,16543.83,4152.69,148.23,7.828,1.838,28.46,10.0,70.43
83888.29,23003.76,2031.94,348.95,7.859,6.856,15.44,10.0,84.65
60994.47,16425.81,8296.54,674.8,8.083,5.166,21.27,10.0,77.36
69132.74,1796.72,5974.36,951.52,0.4,3.655,13.51,10.0,90.0
90854.78,24922.3,1378.37,1724.05,0.419,2.555,5.0,13.42,90.0
45956.69,3374.86,6664.53,415.18,9.044,4.695,21.52,10.0,75.33
39411.52,17383.4,4538.17,727.57,1.324,2.467,15.58,10.0,90.0
10973.0,7068.07,8208.17,977.76,6.734,0.92,18.85,10.0,67.58
84389.6,10407.55,9229.69,626.77,7.975,8.477,22.09,10.0,81.35
82088.26,16502.42,6204.43,1270.21,4.534,5.969,12.73,10.0,90.0
19400.91,11475.7,7450.32,550.37,5.51,3.7,21.85,10.0,79.87
61917.16,7013.11,1037.61,1556.08,2.351,4.522,5.0,10.0,90.0
51758.35,9026.71,5822.43,1035.05,9.244,8.662,15.74,10.0,86.04
20683.82,9197.15,7675.73,218.29,3.088,3.266,30.91,10.0,75.07
98251.14,24023.77,5219.24,1272.65,2.256,3.864,11.79,10.0,90.0
29322.63,20166.71,6138.73,1160.02,5.301,7.684,13.77,10.0,89.05
16051.08,12005.17,9040.01,710.26,1.986,2.085,23.14,10.0,82.26
63536.26,5795.7,2381.95,71.76,6.898,6.627,30.03,10.0,76.67
76498.0,20464.39,1433.34,441.37,5.2,4.4,10.04,10.0,83.65
12919.91,4772.38,7061.11,841.13,1.563,5.052,19.0,10.0,90.0
69284.59,6051.09,8317.06,439.83,0.766,7.89,24.91,10.0,88.66
57906.27,9784.32,8579.66,1176.11,1.456,9.932,16.79,10.0,90.0
19293.85,22128.36,6595.62,1439.03,1.453,8.332,12.88,10.0,90.0
25527.15,4162.88,8415.53,1719.23,3.197,1.689,13.27,10.0,77.83
61117.69,3933.62,7156.31,1311.62,8.349,2.323,12.22,10.0,70.58
36672.19,12855.4,1330.08,1393.57,0.667,4.158,5.0,13.17,90.0
94448.42,7633.85,7739.41,1236.46,1.368,7.22,14.6,10.0,90.0
83686.62,14649.47,2203.92,1971.7,3.099,5.143,5.0,10.0,90.0
98521.05,11839.28,2747.79,558.95,5.578,9.028,13.04,10.0,90.0
33370.38,11439.02,4249.18,569.2,7.653,0.582,17.07,10.0,65.3
97275.13,3687.35,3488.39,296.35,9.22,2.659,19.18,10.0,72.05
48811.05,4385.19,3555.69,997.08,4.18,2.271,9.85,10.0,77.58
41276.69,20705.89,2107.97,237.52,1.148,7.467,18.6,10.0,90.0
14531.46,22261.19,3291.77,576.79,2.214,4.701,15.37,10.0,90.0
14748.87,6632.4,686.79,991.23,2.944,0.249,5.0,11.32,68.32
72281.01,3723.05,4992.65,1917.31,7.882,7.757,6.45,10.0,90.0
51213.61,2282.0,7801.61,1929.44,6.898,3.682,9.53,10.0,77.31
30386.95,15599.14,8691.35,1500.29,2.169,2.679,14.89,10.0,90.0
65257.33,18168.48,8294.07,809.04,8.404,1.909,19.81,10.0,70.88
32757.23,9947.44,4456.35,1737.06,8.606,9.466,8.93,10.0,89.25
61986.86,17312.22,7439.05,1757.14,8.836,9.426,12.91,10.0,90.0
42328.79,18111.01,3234.96,1824.88,2.823,0.858,5.5,10.0,70.34
84119.7,23448.21,1027.84,1298.05,1.424,2.404,5.0,10.0,90.0
83862.65,2556.97,6921.73,443.5,1.129,6.497,21.22,10.0,90.0
52961.54,5615.0,6663.56,227.61,4.061,6.737,29.13,10.0,78.12
41573.72,2644.62,8115.48,1833.81,4.35,4.235,10.68,10.0,84.96
42630.38,21831.85,6353.01,158.31,8.695,5.728,32.15,10.0,73.06
82514.31,20022.09,1990.47,626.99,2.751,7.056,10.1,10.0,90.0
39536.15,14791.41,8605.04,999.58,6.306,9.51,18.41,10.0,89.37
28815.34,3007.92,6458.9,92.85,7.903,7.279,36.84,10.0,69.94
17621.95,7559.5,8172.29,1818.48,2.765,1.192,12.25,10.0,75.61
52002.38,8145.28,7854.02,609.89,2.745,7.207,22.01,10.0,88.78
53391.89,14457.84,3329.71,105.58,6.725,0.77,30.19,10.0,67.02
85681.78,7193.05,1208.25,1987.5,7.289,5.075,5.0,10.0,85.36
29911.48,2751.04,2176.79,657.22,9.602,5.316,9.77,10.0,80.48
44289.21,18538.3,1382.19,1759.69,8.514,7.805,5.0,10.0,86.68
82756.52,8177.93,2812.42,934.28,8.238,0.214,9.59,10.0,67.03
84126.12,11856.98,4865.56,1343.1,6.954,8.76,12.06,10.0,90.0
44615.0,4064.0,9114.7,520.13,1.273,6.672,24.32,10.0,88.92
51321.16,20261.16,8784.18,1030.61,8.111,0.409,19.55,10.0,67.18
37295.73,14572.77,7326.7,552.42,9.36,1.684,22.77,10.0,70.14
93929.94,22638.06,729.07,1904.61,3.968,0.491,5.0,10.0,69.19
20677.94,12891.32,3743.2,168.84,3.205,7.683,26.87,10.0,82.2
94037.45,23594.22,6982.31,585.61,5.273,1.792,20.94,10.0,72.7
71547.98,22404.84,1725.77,1791.56,9.569,0.551,5.0,10.0,67.03
57841.49,14835.04,8110.33,986.07,0.603,1.466,18.26,10.0,90.0
12939.32,23413.44,9188.45,1220.16,7.118,5.64,16.84,10.0,80.59
52803.66,8754.13,3863.99,1320.8,8.165,5.005,9.54,10.0,79.21
46697.33,9775.41,7205.51,188.31,7.909,2.538,32.15,10.0,70.4
24509.69,2091.47,1907.94,84.59,5.711,9.435,25.98,10.0,78.68
69076.86,15140.82,7062.76,1878.79,9.214,8.563,11.12,10.0,84.26
97403.58,18326.18,703.83,579.43,1.432,3.213,5.0,10.0,90.0
60596.99,19564.46,1932.33,791.61,2.527,4.798,6.75,10.0,90.0
74327.79,4595.59,7243.87,1380.08,3.139,5.217,12.75,10.0,90.0
16160.54,11659.82,7262.58,510.79,0.186,7.586,23.85,10.0,90.0
47590.03,5244.72,6591.05,1479.49,3.77,4.337,12.2,10.0,87.73
20472.26,16891.06,5034.96,943.57,1.691,5.51,15.42,10.0,90.0
65151.63,4790.71,6911.63,1720.39,7.274,4.184,10.9,10.0,77.8
94463.39,22699.93,7851.11,593.15,4.208,7.652,22.26,10.0,88.01
69560.0,6535.23,9681.58,447.45,7.074,5.604,26.36,10.0,78.07
16912.27,7993.65,8942.09,1671.79,3.007,8.295,15.29,10.0,90.0
41919.96,21421.75,8048.07,686.34,1.406,0.632,21.39,10.0,75.01
59559.7,12003.22,7100.2,853.14,1.407,9.053,18.43,10.0,90.0
46288.7,1575.9,5954.48,1597.73,2.112,8.212,9.15,10.0,90.0
85027.96,12870.07,1645.78,1289.37,1.241,8.203,5.0,10.0,90.0
83320.39,3029.04,2072.79,911.37,2.283,1.489,5.48,16.29,79.8
65064.79,24648.27,8292.66,537.29,5.832,2.708,23.59,10.0,73.32
43611.22,15114.68,8131.47,1540.19,2.638,9.805,14.11,10.0,90.0
32980.27,7156.78,6337.36,401.84,3.495,9.508,24.38,10.0,87.27
19528.69,14529.22,4668.98,1860.15,0.622,2.343,8.18,10.0,90.0
41940.79,2844.81,747.31,343.12,8.933,4.386,5.0,10.0,79.0
47185.53,20197.39,3608.18,1619.62,1.468,1.644,7.76,10.0,90.0
70824.06,23207.87,4496.08,877.29,3.552,2.7,15.15,10.0,81.02
69234.38,21986.67,5115.25,412.71,3.857,1.929,22.27,10.0,74.76
16309.73,9202.18,9328.58,834.64,7.744,0.901,20.31,10.0,65.78
45573.34,8818.43,1532.74,482.03,4.887,5.837,10.07,10.0,90.0
26360.1,1842.1,5429.24,315.19,3.891,2.484,23.01,10.0,74.63
24113.14,16633.61,3995.26,516.35,6.989,9.923,16.93,10.0,90.0
84457.19,13837.71,9905.93,1741.43,6.01,5.203,15.47,10.0,84.88
13772.37,12024.31,8687.71,256.59,0.874,3.655,30.65,10.0,78.88
47726.46,22783.14,4668.47,1946.45,3.196,9.14,8.09,10.0,90.0
25138.33,5029.09,9997.11,59.75,9.788,6.245,44.15,10.0,67.59
89139.72,1231.99,5383.6,1333.56,4.885,1.358,10.36,12.31,71.15
60133.65,2759.59,2087.62,1720.2,4.3,5.028,5.0,10.0,90.0
30824.26,6360.91,5780.81,1871.22,1.584,4.467,9.73,10.0,90.0
55218.46,1798.85,2648.95,330.77,8.407,7.675,16.31,10.0,83.76
75833.77,13068.25,6544.97,1411.51,1.42,6.968,13.05,10.0,90.0
96230.62,8538.17,9405.68,259.33,1.14,3.771,29.82,10.0,77.52
29840.14,5331.59,7968.89,737.59,4.446,4.748,19.45,10.0,84.65
89756.36,19002.02,3095.06,1477.26,4.423,5.236,5.96,10.0,89.17
94087.37,5906.83,3320.16,724.65,9.817,4.282,11.61,10.0,75.59
92477.85,17502.52,1158.24,661.08,1.363,1.166,5.0,10.0,86.35
67187.29,9382.36,3215.74,276.31,4.89,9.064,21.56,10.0,86.51
66683.86,13283.87,1379.94,179.55,2.092,6.758,18.24,10.0,90.0
46288.96,23412.81,5244.76,274.79,7.047,4.75,25.78,10.0,76.58
77715.81,1896.44,7229.3,1757.18,3.978,5.739,10.2,10.0,88.28
57816.46,13006.35,7636.22,71.84,6.52,2.21,40.89,10.0,68.25
70969.43,21506.15,1065.53,1401.09,3.45,5.353,5.0,10.0,90.0
48561.21,15111.38,3729.58,1548.82,5.689,7.486,7.42,10.0,90.0
75834.68,7644.89,3237.63,1157.38,4.744,5.383,8.43,10.0,90.0
84202.44,10544.35,1490.85,1475.01,3.806,4.859,5.0,10.0,90.0
23179.26,17326.38,3943.48,1321.93,5.421,4.678,9.59,10.0,86.68
84963.67,22379.49,3343.54,938.34,3.9,7.64,9.88,10.0,90.0
58626.69,1985.59,6527.74,796.29,8.08,7.558,16.12,10.0,82.86
86019.93,2716.93,8891.38,1885.6,5.003,7.526,11.04,10.0,88.57
48817.15,8801.24,4821.0,1945.28,9.041,2.537,7.64,10.0,72.59
44113.64,6586.71,7593.32,1319.98,2.306,6.217,14.54,10.0,90.0
92355.47,7358.34,1887.1,434.73,1.21,7.811,10.66,10.0,90.0
32605.23,6310.48,9002.18,923.4,3.872,5.663,19.27,10.0,85.76
85979.11,5699.8,1949.65,1018.25,1.918,7.812,5.0,10.0,90.0
53561.85,4134.98,2324.96,1528.04,3.992,8.559,5.0,10.0,90.0
56268.59,23414.9,1511.41,1352.17,2.153,1.822,5.0,10.0,85.96
37762.15,4460.55,3441.96,1053.89,8.695,3.133,9.47,10.0,71.58
61573.8,5905.69,5747.9,1376.71,5.722,6.053,11.2,10.0,86.08
39269.01,6910.38,9885.94,96.91,5.026,2.968,40.54,10.0,70.35
13534.25,23392.36,8037.0,1564.44,7.899,9.42,14.07,10.0,88.15
34479.87,19137.14,4114.14,462.68,1.391,2.022,19.05,10.0,87.63
10574.11,19952.79,5970.54,1330.0,8.584,3.634,12.24,10.0,74.14
98051.93,3514.2,6421.43,272.25,4.885,9.944,24.57,10.0,79.32
96917.25,21071.44,8315.91,273.2,1.451,1.973,29.06,10.0,76.2
45563.98,10796.63,7496.29,119.53,8.212,4.543,36.62,10.0,71.65
75553.38,7307.75,5908.27,1824.95,4.662,3.206,9.05,10.0,80.79
41122.55,14818.0,6857.24,1228.89,6.086,8.117,14.53,10.0,87.3
70398.38,20732.39,7586.22,755.83,8.947,3.111,19.93,10.0,73.34
82488.7,19687.65,1764.87,1586.17,8.918,1.698,5.0,10.0,69.96
95208.06,22359.94,2404.33,1270.86,8.939,9.338,5.64,10.0,89.45
46019.1,23275.17,7041.55,1259.16,4.227,3.242,14.47,10.0,82.53
80496.82,6714.93,8579.04,999.73,7.521,7.443,17.17,10.0,81.69
33933.56,11172.59,4387.99,65.46,2.409,2.977,37.79,10.0,70.9
99129.91,1351.08,9808.96,554.0,8.329,1.868,22.49,10.0,70.12
12319.26,22103.72,2552.68,262.7,3.483,8.044,20.12,10.0,90.0
64317.59,4709.73,4458.64,1341.7,4.693,0.65,8.24,10.0,68.71
69355.54,21675.4,4095.97,534.81,8.925,3.387,16.81,10.0,74.73
71924.1,8905.3,9337.81,927.82,8.077,7.823,19.65,10.0,83.15
20834.88,9835.21,3211.1,739.19,9.53,5.17,12.02,10.0,78.53
94467.68,1939.17,4972.51,329.24,3.698,6.927,21.38,10.0,85.59
26306.5,8845.09,2278.72,1918.82,1.596,0.761,5.0,12.96,74.07
66047.81,22320.73,5452.03,1870.17,9.113,7.523,9.82,10.0,84.46
30040.85,1613.14,8645.34,214.99,4.982,1.802,29.31,10.0,70.29
37649.48,10751.86,3388.37,1663.36,8.905,8.106,6.4,10.0,86.8
59181.27,1753.59,8202.52,1002.33,7.348,5.685,16.39,10.0,80.73
47547.41,9902.16,9157.46,1558.78,8.761,7.418,15.1,10.0,83.61
24420.3,5143.38,1193.1,344.76,6.582,2.207,10.24,10.0,74.09
25384.28,7053.24,7686.03,307.93,8.142,4.015,27.91,10.0,71.62
47633.03,22062.36,2925.76,1786.98,1.291,8.04,5.0,10.0,90.0
78155.47,11465.18,2165.61,1800.75,9.686,9.117,5.0,10.0,90.0
90816.82,7571.15,6210.66,958.53,1.892,2.343,15.14,10.0,86.1
17571.49,15144.12,7203.22,1746.81,0.343,7.955,11.69,10.0,90.0
45379.35,4410.57,4250.23,1351.54,5.355,1.175,9.79,10.0,67.76
19022.1,7225.4,872.15,410.77,7.148,4.315,6.45,10.0,79.92
11493.32,14109.95,9132.69,691.46,7.193,9.393,22.07,10.0,84.08
69554.68,6700.55,7442.1,315.32,3.458,9.457,26.34,10.0,80.33
64220.45,17299.07,3080.83,1559.2,7.563,3.037,6.26,10.0,75.12
24671.72,12795.79,5220.21,1971.24,8.441,2.01,9.08,10.0,70.0
31043.15,19527.74,764.03,1115.44,6.139,1.58,5.0,10.0,72.68
12133.7,23757.87,3723.19,1328.94,3.921,4.861,9.24,10.0,90.0
85145.25,3779.32,5464.08,1504.88,6.174,1.012,9.78,10.0,68.59
97722.15,9031.96,5413.62,487.31,8.636,3.633,20.04,10.0,73.35
22191.36,8669.18,2477.76,705.2,9.015,0.268,11.9,10.0,68.76
30832.77,4628.39,7879.1,854.03,0.412,2.668,18.51,10.0,90.0
88156.86,20447.28,3339.19,1209.45,1.312,9.013,8.56,10.0,90.0
93381.74,19237.09,6013.9,1708.46,0.145,4.525,10.38,10.0,90.0
47766.46,12626.21,3079.46,545.7,4.975,0.83,14.94,10.0,69.02
14556.02,13906.5,4539.09,968.23,4.42,6.504,14.24,10.0,90.0
13545.27,2429.06,2471.39,1515.49,5.503,9.561,5.0,10.0,90.0
61655.49,14332.18,6513.57,220.4,6.868,4.688,29.48,10.0,72.26
45360.56,19992.2,4543.05,1050.14,3.721,6.28,11.19,10.0,90.0
12578.72,14771.86,653.11,331.54,2.165,9.202,6.06,10.0,90.0
62492.72,7367.35,767.57,1101.34,4.009,4.249,5.0,10.0,90.0
11017.23,17021.16,4975.78,1547.25,0.189,6.679,10.17,10.0,90.0
80863.48,9675.72,2240.65,512.05,8.312,4.463,11.91,10.0,78.01
37578.95,14076.96,6057.9,1706.48,3.899,9.625,10.32,10.0,90.0
13623.22,12701.57,4377.82,702.87,6.266,5.088,15.57,10.0,82.01
62951.7,10148.2,6716.99,422.03,3.315,8.868,23.2,10.0,88.84
45791.6,18253.07,9547.75,957.38,6.187,5.121,20.68,10.0,81.32
97642.04,22213.03,5522.99,1758.35,5.45,6.717,10.03,10.0,89.44
58977.88,1125.1,7980.1,184.42,2.165,3.923,31.44,10.0,74.92
34771.53,23406.8,7653.89,688.76,6.291,9.184,20.72,10.0,84.19
73849.5,13276.36,9257.02,1323.67,1.185,6.505,16.31,10.0,90.0
34434.28,17817.57,2533.17,747.28,4.863,0.297,10.19,10.0,66.91
91381.9,21534.99,8359.61,188.11,7.227,0.255,32.58,10.0,67.74
43724.98,12210.49,9102.44,697.4,5.536,6.794,21.95,10.0,87.09
59488.17,21039.38,4231.25,1650.87,7.488,1.231,8.69,10.0,68.93
14551.58,5262.88,3481.25,1937.67,2.804,7.19,5.46,10.0,90.0
48350.91,4820.02,9544.34,127.57,0.583,3.288,37.05,10.0,73.02
84912.72,16779.31,6462.51,1160.1,0.654,5.435,13.91,10.0,90.0
82508.39,21883.43,4116.43,255.34,2.76,1.827,24.17,10.0,77.78
30188.67,22418.23,8022.36,1376.77,4.136,2.538,15.1,10.0,77.99
30347.12,16449.77,3392.5,65.39,5.421,4.425,34.94,10.0,71.56
83557.48,13611.74,2175.87,78.75,7.601,6.688,29.05,10.0,77.93
93735.86,8953.43,5667.71,1564.92,8.412,1.642,10.62,10.0,70.48
18582.48,24520.01,5879.01,195.15,6.967,2.885,28.49,10.0,70.61
50505.28,8672.7,8344.59,645.1,4.686,2.149,21.96,10.0,74.48
40370.89,18860.47,4841.76,1918.18,2.718,8.64,7.64,10.0,90.0
88361.96,13767.56,8238.57,1971.23,4.335,6.515,12.38,10.0,90.0
17517.24,15604.3,3457.57,364.74,2.807,4.738,18.92,10.0,88.23
29001.33,10443.53,5966.0,1143.76,6.282,9.475,14.39,10.0,88.19
77722.15,24155.76,2480.49,1140.34,8.2,7.385,5.54,10.0,86.33
14616.45,14720.38,4161.74,932.14,5.23,9.329,12.26,10.0,90.0
54328.18,23506.9,8646.63,1853.17,0.554,6.016,12.86,10.0,90.0
49789.63,1182.19,2551.89,1520.37,9.404,1.467,5.0,11.01,67.75
40096.11,14744.09,8197.27,1540.83,3.013,6.787,14.62,10.0,90.0
45511.51,18212.49,3187.28,575.66,9.154,2.095,13.96,10.0,69.64
57694.65,18881.92,827.65,896.92,8.149,3.525,5.0,10.0,75.87
24523.06,22719.45,1544.38,1000.48,4.19,5.145,5.0,10.0,90.0
61479.63,1105.64,7585.86,632.88,0.661,1.658,19.91,11.26,90.0
82488.91,1007.92,2989.67,234.89,9.482,0.306,19.99,15.04,68.46
78414.48,12334.32,6714.38,296.4,6.625,3.338,26.38,10.0,72.14
23850.99,1703.05,7142.39,402.31,2.572,8.261,22.44,10.0,87.41
23432.45,24388.78,3778.63,447.12,5.382,0.252,18.22,10.0,67.57
34135.69,6329.56,5011.73,522.41,6.39,1.183,18.63,10.0,70.97
42496.73,12343.95,4335.79,548.15,2.344,8.088,18.66,10.0,90.0
46761.0,2467.3,9499.82,938.65,1.026,3.128,18.09,10.0,90.0
71172.75,13529.16,3539.51,1043.67,2.748,9.388,9.97,10.0,90.0
15101.24,10118.95,2241.57,652.31,0.571,3.864,10.14,13.45,90.0
13120.54,2071.84,3973.13,1819.23,0.793,7.987,5.94,10.0,90.0
45271.95,9042.98,6860.4,1128.62,1.65,2.662,15.69,10.0,89.83
72744.73,10394.46,7124.95,1585.58,1.668,0.712,11.95,10.0,77.56
27409.18,24758.12,9278.54,1852.26,2.555,8.827,13.86,10.0,90.0
67735.4,5989.26,8876.67,368.11,9.381,9.28,27.15,10.0,75.97
33384.53,14074.71,3239.04,884.36,5.801,7.11,10.9,10.0,90.0
89747.75,24695.57,4824.05,894.76,4.283,7.724,14.01,10.0,90.0
90612.09,20008.46,7599.06,741.22,5.682,0.171,20.48,10.0,64.97
36755.85,24840.82,9207.1,67.37,0.157,7.563,42.09,10.0,69.62
30699.44,24239.16,3703.07,1641.15,8.958,4.775,6.88,10.0,79.86
47017.36,12748.95,4722.19,267.54,5.37,4.583,24.87,10.0,77.7
31647.84,17713.02,9045.04,1991.19,4.571,5.447,12.78,10.0,89.18
70514.55,3650.64,3905.6,1557.27,9.422,2.785,5.38,10.0,71.97
84345.82,11587.57,5064.87,1181.02,7.331,6.993,12.07,10.0,87.99
70578.29,20416.45,9092.79,351.48,3.44,3.026,28.31,10.0,74.27
84191.54,13128.05,8121.31,1055.02,9.368,5.63,17.12,10.0,77.55
45729.29,17864.78,2812.59,559.16,8.535,1.456,14.17,10.0,71.91
24068.53,18898.03,3585.55,542.03,9.55,6.783,16.23,10.0,79.71
76415.59,7083.26,3853.11,1667.58,1.053,1.977,6.29,11.13,90.0
42442.71,22016.78,9171.02,792.26,9.557,1.787,20.84,10.0,69.43
70414.37,12035.74,9989.87,928.91,5.475,0.34,20.54,10.0,68.69
34357.95,6044.44,7853.04,1693.78,6.755,1.306,13.68,10.0,69.74
17310.67,21769.98,5101.1,221.19,2.201,2.402,27.28,10.0,77.13
99332.36,11027.65,596.65,1209.5,1.49,2.301,5.0,10.0,90.0
24058.14,19007.5,7126.14,1177.52,0.886,3.344,16.14,10.0,90.0
98957.89,14152.79,4198.93,879.17,4.281,0.639,12.86,10.0,68.63
97955.19,10164.92,6513.37,1668.06,2.291,9.358,12.18,10.0,90.0
81443.63,20437.03,6263.59,1888.64,0.908,1.28,10.2,10.0,90.0
69348.07,15027.28,5067.9,957.4,9.555,7.049,13.88,10.0,80.64
62002.63,10373.49,9471.68,939.49,7.361,5.397,20.13,10.0,81.27
87949.14,3630.35,719.89,1029.02,5.227,5.573,5.0,10.0,89.99
36049.56,22490.69,7265.26,1460.09,7.459,1.145,14.1,10.0,67.14
52091.31,1851.27,4393.48,1352.72,6.153,2.508,8.27,10.0,75.1
65745.1,21716.5,7281.01,484.53,1.863,7.821,22.75,10.0,89.6
47007.14,9639.08,6914.59,174.6,6.371,4.69,31.75,10.0,74.68
48473.78,16344.13,597.26,1901.05,6.842,4.625,5.0,10.0,83.59
39725.62,23132.79,3210.72,559.09,2.451,5.505,15.18,10.0,90.0
60780.86,4640.96,2296.37,1295.26,3.269,4.395,5.0,10.0,90.0
86551.71,14606.81,2086.37,1665.45,3.895,8.081,5.0,10.0,90.0
28137.55,19346.39,7420.53,635.54,6.065,7.512,21.17,10.0,84.8
94098.97,19182.01,2775.74,1289.1,1.355,3.238,6.6,10.0,90.0
72017.89,13615.17,5010.01,260.41,7.46,8.14,25.25,10.0,77.81
84094.59,15993.75,2846.4,1941.37,3.526,5.234,5.0,10.0,90.0
60057.16,19180.65,6012.22,163.41,6.949,6.315,31.39,10.0,72.04
80156.5,21184.66,7345.45,904.44,9.336,8.675,17.45,10.0,82.55
11458.04,19283.51,3645.21,1096.8,8.712,4.812,10.79,10.0,79.51
83654.24,9496.12,6228.7,1591.44,7.402,7.587,12.55,10.0,88.07
13612.5,24921.43,8336.12,286.2,2.014,6.318,29.53,10.0,81.51
90092.2,11428.06,1395.13,909.58,7.348,4.325,5.0,10.0,80.12
99276.65,1587.15,7251.37,634.44,6.394,7.912,18.94,10.0,83.74
36466.07,9702.81,3569.88,658.42,7.748,1.141,13.92,10.0,70.58
28928.67,4066.79,1665.17,1568.64,8.701,5.854,5.0,10.0,82.64
78882.7,3914.62,5683.71,60.65,3.184,0.559,37.77,10.81,66.75
32772.37,7756.84,2649.49,1510.71,6.479,1.646,5.0,10.0,73.19
87900.61,2281.01,8302.94,1630.28,2.824,6.029,13.07,10.0,90.0
19255.83,17524.29,907.51,1807.66,3.528,3.145,5.0,10.0,88.99
21335.97,2775.73,1437.2,1272.42,5.254,2.699,5.0,10.0,78.55
98123.64,5878.95,5449.46,700.24,4.398,9.563,16.0,10.0,90.0
70645.5,3229.59,6094.95,883.11,6.046,3.722,14.16,10.0,79.23
86219.85,2516.03,7433.92,1940.99,7.612,5.691,9.11,10.0,82.34
39189.64,7426.04,2962.98,1768.31,6.09,5.389,5.0,10.0,86.41
70883.54,14725.58,8496.72,953.88,9.701,0.714,19.8,10.0,68.44
63481.76,24152.45,9554.85,1888.97,7.407,6.775,15.02,10.0,85.14
64283.51,22013.36,5240.87,1654.76,9.852,5.178,9.74,10.0,77.77
71427.92,22022.41,7725.05,1807.13,7.46,3.876,13.19,10.0,76.73
61782.33,5225.61,5486.06,1381.81,5.128,0.754,11.03,10.0,68.59
48615.61,7357.77,1159.94,1722.43,4.169,3.001,5.0,10.0,82.19
34833.04,2833.44,3598.06,1788.94,7.383,8.853,5.0,10.0,90.0
79172.32,19683.24,1331.12,229.43,6.903,1.82,14.57,10.0,70.38
30364.52,2675.59,9894.35,1932.17,6.721,2.271,14.19,10.0,72.93
72311.89,14360.7,2675.75,700.55,7.246,2.132,12.4,10.0,71.89
30999.95,6949.01,6541.05,907.8,8.735,8.919,16.79,10.0,85.33
66279.72,6842.7,3201.28,1594.21,2.355,7.03,6.01,10.0,90.0
77237.04,24777.4,6705.84,1346.55,5.692,8.83,13.77,10.0,90.0
29684.25,19162.72,2498.82,1791.47,6.073,9.146,5.0,10.0,90.0
15394.9,21086.54,7960.07,831.12,2.999,9.287,18.84,10.0,90.0
21787.64,14727.58,1552.71,777.91,9.881,4.909,5.86,10.0,77.45
64539.73,21904.34,9003.93,111.79,7.877,4.815,37.3,10.0,68.57
86450.18,16491.77,8484.01,952.31,3.281,8.306,18.02,10.0,90.0
14049.71,23708.17,6948.67,1461.94,3.649,3.386,13.45,10.0,84.74
76073.61,7752.13,1140.44,637.3,7.211,0.32,5.0,10.0,67.34
40718.68,15287.67,2481.41,952.32,0.214,3.382,7.73,14.36,90.0
53067.55,17563.15,8663.94,477.83,4.694,7.192,25.49,10.0,83.48
93597.36,10430.5,1658.76,1556.94,3.497,1.324,5.0,10.0,73.7
39877.44,22112.99,1981.35,168.0,8.555,7.869,21.63,10.0,81.07
51880.32,24515.28,5668.03,1425.5,7.934,8.173,10.98,10.0,88.29
11231.42,12850.47,3104.69,788.93,3.388,1.099,12.03,10.0,70.87
17343.88,10375.38,2609.72,131.11,8.661,1.069,26.08,10.0,69.92
33273.24,12326.51,5970.23,1714.27,9.145,2.068,10.33,10.0,69.45
12506.7,21465.68,4039.48,1001.06,5.569,3.628,12.26,10.0,82.07
66823.78,16491.24,1835.32,1218.67,1.676,5.374,5.0,10.0,90.0
48375.85,2074.54,5581.11,1477.46,7.726,4.907,9.13,10.0,78.05
59333.07,14012.08,4176.62,1327.4,3.262,8.546,9.22,10.0,90.0
25718.25,1415.2,7477.91,1475.17,5.32,1.508,12.51,10.0,70.68
36633.88,19684.85,1476.18,1536.45,0.551,7.006,5.0,10.0,90.0
69744.2,8879.49,6395.83,1198.85,5.051,5.534,14.13,10.0,87.59
96877.25,12328.18,4646.69,762.99,3.865,7.395,15.85,10.0,90.0
14537.51,20168.27,4357.59,524.13,6.892,3.485,19.12,10.0,77.29
90134.59,2114.77,2706.73,1810.66,0.504,4.767,5.0,11.95,90.0
61919.31,4805.0,789.05,1941.35,6.287,0.383,5.0,10.0,67.91
60752.76,10551.05,8553.05,747.44,7.742,1.249,21.2,10.0,69.04
55025.07,6518.2,3600.9,269.01,0.227,3.812,21.73,10.69,90.0
16245.47,9109.63,6970.36,483.95,7.525,4.864,23.38,10.0,78.36
18088.92,24956.19,9502.08,1357.8,1.389,0.949,16.94,10.0,79.47
64082.08,20809.95,5867.41,387.22,7.011,8.267,22.86,10.0,83.56
40686.27,22213.64,4272.9,1571.24,4.607,9.466,7.98,10.0,90.0
92554.13,23489.31,3048.6,1849.91,5.565,6.004,5.0,10.0,89.63
46593.15,9182.46,9373.42,1929.12,3.44,0.629,13.81,10.0,67.5
22895.33,8129.85,6979.73,68.18,2.53,7.414,39.94,10.0,68.9
74324.7,6617.5,6820.17,1918.4,0.803,2.25,10.24,10.0,90.0
36401.81,20922.81,4548.5,1493.38,8.66,7.363,10.3,10.0,86.1
57292.33,17309.24,8527.96,213.9,6.143,4.4,32.13,10.0,73.01
72804.95,6668.13,7279.89,859.72,9.83,0.629,17.53,10.0,68.14
91023.77,10047.85,3190.24,1415.09,8.519,2.86,6.12,10.0,73.13
81297.21,13161.08,6196.0,1915.54,8.709,4.328,10.12,10.0,76.46
70872.5,13675.36,4586.84,370.08,6.019,7.389,21.2,10.0,82.9
71166.99,22329.47,562.61,299.08,0.901,1.417,6.01,10.37,90.0
95133.22,10133.59,8172.42,971.08,9.143,2.941,18.14,10.0,72.26
36624.17,22804.58,1666.89,1937.79,1.267,0.927,5.0,10.0,83.24
10100.09,11592.82,5344.57,1944.19,5.22,6.196,8.27,10.0,90.0
34475.91,18912.94,3694.15,494.43,8.583,4.795,17.71,10.0,77.18
29610.22,23326.1,3749.85,672.73,4.777,9.297,15.44,10.0,90.0
69565.11,22781.82,5034.97,1820.66,1.74,7.431,8.67,10.0,90.0
67034.04,2366.87,9971.72,1482.94,3.795,7.801,15.01,10.0,90.0
63411.52,5936.9,4379.61,1946.02,9.885,1.727,6.18,10.0,69.3
11461.91,12445.73,2232.13,1791.64,9.998,2.74,5.0,10.0,69.17
75590.02,11357.3,6329.26,469.44,7.137,5.18,23.38,10.0,79.07
39117.74,16381.4,2744.73,1531.47,8.891,0.233,5.0,10.0,68.4
69855.04,23673.02,1502.72,144.7,0.538,8.714,20.5,10.0,90.0
60092.06,3697.71,976.65,1644.77,2.832,7.8,5.0,10.0,90.0
40845.78,11844.61,717.37,1223.04,3.753,0.674,5.0,10.0,68.17
22111.86,5617.86,4596.06,1914.4,0.219,8.505,7.83,10.0,90.0
18497.7,22458.58,4553.89,1922.06,3.832,0.144,7.0,10.0,68.71
84836.65,24149.92,2262.68,149.09,1.021,1.231,23.16,10.0,80.66
92655.78,12488.84,7948.18,363.02,5.222,0.648,26.78,10.0,71.33
68480.92,3496.25,1728.07,994.2,0.144,4.844,5.0,17.6,90.0
19309.07,19847.07,9195.51,1765.01,2.777,7.862,14.88,10.0,90.0
46182.45,17731.39,6081.97,1638.17,8.676,1.868,11.44,10.0,69.06
75604.53,9512.1,762.36,1930.52,2.209,7.738,5.0,10.0,90.0
80183.88,22297.78,9648.24,1255.26,0.742,1.931,17.95,10.0,90.0
20639.68,24419.97,3425.44,550.3,2.572,9.906,16.78,10.0,90.0
10002.76,14388.49,4774.76,98.96,8.293,8.549,34.48,10.0,69.04
74092.33,14577.47,3200.55,484.71,5.913,7.398,15.9,10.0,86.51
42093.66,8140.32,7420.0,1366.78,5.902,5.958,15.25,10.0,86.15
32903.32,15028.14,5113.96,1856.24,0.106,2.501,9.2,11.63,90.0
11160.77,11551.42,1757.54,675.76,4.774,1.281,8.7,10.0,72.57
58626.95,8252.58,1489.94,1757.62,2.73,4.657,5.0,10.0,90.0
86603.57,2612.44,7391.07,820.05,3.428,4.086,16.94,10.0,85.95
96186.85,7064.99,2752.27,651.13,6.027,6.777,11.0,10.0,88.51
60917.05,5748.51,1809.04,1042.25,8.756,1.784,5.0,10.0,69.11
56301.52,14009.01,5244.56,912.43,1.898,5.665,16.21,10.0,90.0
17655.07,15440.08,8126.27,1831.91,7.705,6.964,12.52,10.0,85.82
59398.55,15605.72,3148.44,963.1,0.584,3.06,9.52,10.0,90.0
44198.12,10316.34,3126.1,590.8,3.335,7.822,13.92,10.0,90.0
64642.18,11109.51,8421.87,1693.0,2.267,4.375,13.7,10.0,90.0
44985.37,21021.72,1904.42,1997.56,9.164,1.71,5.0,10.0,70.9
31626.92,12429.59,6358.91,1313.93,1.862,2.028,14.06,10.0,85.9
18546.87,24706.56,9572.63,538.4,5.828,2.861,24.98,10.0,75.39
38342.66,11550.81,8492.38,515.69,1.731,1.665,23.98,10.0,78.97
18698.04,16589.94,1087.24,162.53,4.787,5.673,16.7,10.0,87.73
25920.73,2208.71,3539.15,200.72,4.193,9.496,24.62,10.0,86.89
98860.25,16680.16,1852.56,1834.22,0.509,8.971,5.0,10.0,90.0
49969.32,21434.23,9517.79,238.15,8.276,3.305,32.39,10.0,71.59
57868.46,23618.99,9866.44,994.47,7.823,8.66,19.89,10.0,83.52
88625.67,24935.69,2732.43,1411.34,2.851,9.545,5.49,10.0,90.0
99601.2,7772.29,6862.14,1708.19,6.179,3.012,11.18,10.0,76.58
62444.3,14808.88,8495.5,383.98,3.69,9.062,26.87,10.0,83.68
83122.64,11817.23,2719.96,903.67,7.715,9.975,9.79,10.0,90.0
39424.69,14531.62,2282.97,540.39,6.956,7.997,13.2,10.0,90.0
37516.96,4778.87,606.5,548.86,0.996,3.963,5.0,24.36,90.0
46243.33,21547.59,4413.64,642.49,8.457,6.125,16.99,10.0,80.23
70525.65,22829.65,9044.66,1194.88,1.876,3.705,18.01,10.0,90.0
71397.25,11791.88,9078.31,82.33,1.824,9.96,40.83,10.0,68.92
38371.55,7730.32,1713.56,847.09,7.364,0.772,6.2,10.0,68.74
21988.89,4380.0,2441.35,414.32,1.914,8.941,15.3,10.0,90.0
66915.66,17410.36,4376.45,1935.88,1.312,0.838,7.09,10.0,81.3
21549.33,8493.56,7915.93,1186.32,3.422,0.518,16.66,10.0,70.78
62064.33,22828.93,6312.59,1742.79,8.403,9.405,10.79,10.0,89.43
72407.99,17104.3,5381.57,431.6,1.85,8.686,20.93,10.0,90.0
73055.03,16496.45,6123.35,1629.53,3.457,3.679,11.31,10.0,87.83
77812.49,14425.65,1413.9,858.83,2.934,9.58,5.0,10.0,90.0
88557.35,2098.63,5037.8,396.5,3.625,8.632,20.88,10.0,89.64
54996.31,23366.14,9924.6,1534.43,7.171,9.03,16.29,10.0,89.15
75722.43,16070.5,1340.24,1535.92,4.114,5.992,5.0,10.0,90.0
65725.55,24857.49,5432.84,1991.98,7.62,9.587,8.42,10.0,89.44
26797.59,13896.55,3308.67,1572.83,6.44,8.115,6.1,10.0,90.0
12312.07,18042.66,5629.18,333.27,3.675,9.406,24.1,10.0,87.81
35608.72,2349.03,5951.28,678.96,4.379,2.887,16.22,10.0,77.29
49873.03,16161.67,5985.99,930.87,7.066,5.368,16.43,10.0,82.49
65539.53,19351.59,8595.98,296.97,5.394,8.69,29.27,10.0,79.37
86496.34,19684.34,4202.6,1586.68,8.697,5.839,9.05,10.0,81.19
27662.11,19482.68,5405.36,1077.06,9.339,8.031,14.23,10.0,84.06
21299.48,6430.78,603.82,1891.68,7.205,9.734,5.0,10.0,90.0
96713.2,24409.56,8000.73,1199.15,9.893,8.065,15.36,10.0,83.85
19724.01,24884.37,2965.13,1069.65,6.006,3.222,9.77,10.0,77.32
53064.2,2814.3,8257.27,189.28,0.494,1.275,30.81,13.76,74.18
62700.74,23474.71,3023.57,341.22,5.098,2.8,17.82,10.0,76.2
58723.7,7946.78,602.49,1706.58,2.377,6.662,5.0,10.0,90.0
17742.89,17542.82,1970.9,1981.82,3.404,0.208,5.0,10.0,68.05
15132.42,9114.66,9863.99,859.6,4.952,1.978,20.71,10.0,71.67
19493.51,24226.1,3538.11,1629.67,3.021,3.336,6.83,10.0,89.06
62702.89,3436.09,1533.83,1273.79,3.165,8.765,5.0,10.0,90.0
58991.04,12945.92,1628.21,1920.17,4.08,0.605,5.0,10.0,69.92
31036.67,11273.15,3448.26,514.37,2.936,0.594,16.38,10.0,69.95
67399.67,8824.56,857.63,1112.43,1.778,5.563,5.0,10.0,90.0
83806.08,16492.82,5359.14,847.15,7.679,1.86,16.13,10.0,70.16
13742.11,4145.34,2530.54,1106.35,4.013,2.498,7.2,10.0,80.44
54831.69,18199.9,5433.45,574.27,8.334,1.924,19.53,10.0,70.78
72037.94,24534.21,1837.26,1020.61,8.839,5.858,5.08,10.0,80.48
32708.07,20309.41,4583.64,1268.37,7.535,0.65,11.85,10.0,66.94
37699.38,21640.4,6180.21,208.37,4.027,9.406,29.8,10.0,77.69
65227.41,9631.28,1089.0,1498.83,7.241,1.319,5.0,10.0,66.61
90814.18,8797.28,4288.12,1427.72,1.637,9.521,8.39,10.0,90.0
82893.2,13409.16,3373.98,1766.89,6.645,7.803,5.0,10.0,90.0
62481.72,2097.44,2783.42,880.42,4.12,8.297,8.2,10.0,90.0
75719.95,23688.6,6243.08,170.25,6.591,1.811,30.63,10.0,70.02
42834.02,4450.84,6091.15,949.85,7.572,6.73,15.3,10.0,82.31
67686.9,22672.31,6491.65,318.34,5.671,8.189,25.42,10.0,81.32
51956.34,3005.97,2009.39,1312.52,6.461,5.625,5.0,10.0,89.56
27094.25,20743.0,3214.24,141.91,2.214,5.556,27.38,10.0,83.82
73156.44,4647.1,2491.95,779.29,5.968,1.678,8.53,10.0,69.35
60081.82,1915.16,5634.78,211.54,4.659,4.201,26.26,10.0,73.7
42275.94,18267.75,4880.12,56.56,4.338,1.59,37.76,10.0,67.11
92020.53,7726.37,3637.79,1923.09,4.162,9.731,5.0,10.0,90.0
11884.07,18147.91,7967.14,1992.45,3.178,6.88,11.33,10.0,90.0
38419.58,14322.05,1392.75,1133.23,3.123,0.579,5.0,10.0,71.45
15119.33,3611.38,9761.52,515.96,7.027,4.82,25.97,10.0,74.09
78987.46,23371.12,1607.17,1826.64,5.622,6.416,5.0,10.0,90.0
73189.67,11855.54,7844.17,1849.92,0.397,1.047,12.46,13.3,90.0
39821.7,18626.73,3998.19,1716.29,0.58,6.683,7.83,10.0,90.0
70809.66,13024.49,8719.99,1111.52,5.744,1.855,17.19,10.0,70.56
45634.35,15504.68,1204.61,195.67,8.478,4.138,16.0,10.0,73.4
78062.84,8266.57,4059.86,222.46,0.535,6.293,24.01,10.0,90.0
50876.53,5808.65,3686.71,1798.41,5.121,3.714,5.95,10.0,82.49
47105.18,14021.68,9934.99,1757.86,8.526,3.871,15.47,10.0,75.54
94125.69,11565.26,9862.72,897.07,0.144,8.452,19.89,10.0,90.0
32579.12,10362.72,2303.14,689.9,2.83,3.162,10.78,10.0,90.0
20840.26,17141.61,6484.5,1306.04,9.207,6.586,13.98,10.0,80.25
62608.88,17572.16,5587.43,1623.63,0.907,8.507,10.39,10.0,90.0
97238.96,2102.08,1966.55,1476.79,6.109,1.611,5.0,10.18,72.77
44005.53,9129.87,2093.91,1250.43,5.123,0.555,5.0,10.0,68.54
15583.31,10882.35,9897.89,501.45,1.602,8.273,26.1,10.0,87.74
40537.47,3325.41,4800.93,561.88,0.521,5.556,17.46,10.0,90.0
55533.85,6661.62,1695.11,1461.93,5.076,8.294,5.0,10.0,90.0
24573.07,2239.4,2540.51,1615.11,7.378,2.209,5.0,10.0,72.55
69229.2,24909.81,3049.31,276.46,1.855,8.343,21.35,10.0,90.0
99797.45,18677.37,5353.71,415.23,6.944,1.044,22.5,10.0,68.35
50656.55,3098.8,3687.71,1376.92,5.509,8.844,7.34,10.0,90.0
41925.57,1485.99,4822.61,808.52,3.643,8.243,13.18,10.0,90.0
46063.38,18262.91,2081.75,1148.42,6.678,5.717,5.0,10.0,84.43
20363.16,11540.61,3603.92,1248.89,2.001,6.123,9.35,10.0,90.0
89494.62,19883.12,1168.01,1563.6,4.624,3.524,5.0,10.0,84.12
47334.31,23163.42,8952.25,1621.15,5.538,2.096,15.27,10.0,72.51
44854.7,15383.21,2388.15,596.19,4.641,4.609,11.44,10.0,87.69
69372.12,5490.6,7690.55,1105.53,4.035,6.609,15.19,10.0,89.99
49783.01,19772.66,3820.74,290.87,7.435,9.985,22.32,10.0,83.56
68341.01,23939.48,5006.77,1691.93,6.595,8.191,9.42,10.0,90.0
15530.17,14925.55,3266.98,1698.62,6.431,4.4,5.97,10.0,80.99
83235.1,17367.94,7116.19,634.04,8.929,7.458,20.79,10.0,78.95
94645.36,9099.39,8523.19,363.21,9.936,1.17,25.83,10.0,65.89
68388.88,10156.66,3219.57,186.68,5.715,4.209,26.2,10.0,76.71
95910.93,18631.71,2801.07,1171.2,3.548,4.307,7.41,10.0,90.0
23628.91,23266.51,6973.68,228.28,7.811,9.988,31.1,10.0,78.45
52967.46,16095.72,2353.95,1377.16,1.507,3.971,5.0,10.0,90.0
64162.61,19956.35,6578.48,1372.35,5.178,0.924,12.98,10.0,70.27
62356.3,5119.24,1397.07,1247.28,5.293,0.766,5.0,10.0,67.88
46131.56,6087.02,6391.3,1759.29,9.836,7.014,11.44,10.0,83.05
40427.6,13768.83,5377.36,787.65,9.911,2.962,16.9,10.0,73.52
21414.16,5237.3,1582.1,1809.43,8.012,8.702,5.0,10.0,89.91
45256.82,16239.88,6666.48,122.0,4.783,4.881,34.63,10.0,71.54
24639.47,7999.68,4742.29,269.88,5.518,3.371,24.86,10.0,74.93
76092.91,19996.78,2562.59,853.8,3.265,7.615,9.35,10.0,90.0
28794.78,20394.65,3857.15,1208.29,8.315,4.234,10.63,10.0,78.53
15270.88,12130.9,5174.97,113.13,7.491,7.4,33.62,10.0,71.84
59712.95,5339.46,1369.77,1156.5,7.737,7.17,5.0,10.0,89.2
63570.68,16522.6,9597.29,649.43,1.473,7.26,22.53,10.0,90.0
88472.18,24826.89,6822.84,1779.94,4.046,8.586,10.94,10.0,90.0
61928.35,15942.18,1474.08,1089.9,5.42,8.499,5.0,10.0,90.0
41093.28,1858.59,8317.19,1196.39,1.334,6.68,14.95,10.0,90.0
82271.07,1415.06,3564.27,1893.96,3.749,9.574,5.0,10.0,90.0
58625.1,8688.69,6169.6,1540.13,0.966,0.305,12.11,16.83,72.45
17135.23,5698.81,3132.86,904.63,9.593,9.311,10.68,10.0,86.65
60926.55,20513.23,7467.36,979.92,7.538,1.568,18.34,10.0,70.58
91721.67,21275.34,7368.59,1313.45,6.245,2.195,15.09,10.0,72.1
45668.14,7206.85,5744.41,440.39,2.128,8.192,22.08,10.0,90.0
36669.32,8815.47,2788.79,222.87,3.408,4.064,21.05,10.0,82.86
22912.25,6669.93,2910.19,656.91,1.53,4.311,12.99,10.0,90.0
23630.1,22801.18,4137.2,1567.85,5.408,2.686,8.63,10.0,76.82
48949.43,13063.58,1877.62,551.78,8.223,2.322,10.16,10.0,71.91
63611.18,16747.29,3707.73,304.98,0.288,1.152,20.99,19.71,90.0
17255.39,10971.57,7001.37,477.09,1.123,2.048,23.82,10.0,86.47
94561.17,16144.34,8393.03,1374.0,2.371,5.711,15.02,10.0,90.0
77962.03,10260.53,3659.53,1247.2,7.169,7.095,9.11,10.0,89.11
62796.15,9152.28,2719.11,1392.21,8.95,7.415,5.56,10.0,86.81
84559.48,16227.52,8410.1,677.82,7.555,3.764,21.92,10.0,76.96
17216.81,15185.49,8961.69,1806.67,5.297,9.227,13.38,10.0,90.0
52915.5,8044.67,4395.2,930.95,1.141,3.354,13.17,10.0,90.0
66708.38,4584.36,755.59,1051.74,7.574,1.2,5.0,10.0,67.31
84578.76,9845.84,7102.14,1900.18,1.146,9.458,11.09,10.0,90.0
80512.26,10964.74,7948.32,1959.59,3.542,5.453,12.11,10.0,90.0
34936.23,16088.42,671.23,1340.01,3.149,9.717,5.0,10.0,90.0
94679.22,22948.69,6152.79,1892.39,3.656,3.997,10.85,10.0,87.68
21191.13,1868.44,6089.5,1105.94,3.362,7.598,13.89,10.0,90.0
88762.03,6847.86,4097.73,649.2,7.715,1.188,14.55,10.0,69.4
97384.62,5649.18,7622.79,664.43,1.8,8.555,19.82,10.0,90.0
25943.82,13055.07,4567.7,1139.93,8.474,1.79,12.28,10.0,71.5
74985.95,11312.82,6929.37,1229.82,8.597,0.78,15.38,10.0,67.96
13625.7,18496.9,5412.61,907.25,4.96,1.068,16.45,10.0,69.51
46488.05,6817.98,2860.41,1773.35,1.151,5.618,5.0,10.0,90.0
56465.5,15267.96,6261.76,882.06,5.797,2.99,17.31,10.0,76.86
62258.07,22212.57,7500.63,583.18,8.227,9.613,21.79,10.0,82.48
94234.35,22856.27,9752.1,65.56,2.966,8.541,44.09,10.0,68.46
70502.56,24010.83,4111.03,1942.61,8.394,8.053,5.82,10.0,87.86
53315.02,19558.27,1112.49,1657.41,6.801,8.115,5.0,10.0,90.0
82870.75,22743.71,9885.73,1250.34,9.874,8.918,17.56,10.0,83.36
95547.95,6628.74,6426.16,1669.56,8.265,8.666,9.98,10.0,89.64
11985.95,5741.94,9491.28,1630.06,2.095,9.289,15.87,10.0,90.0
98426.91,1155.71,1486.36,1867.11,4.545,9.35,5.0,10.0,90.0
17751.89,17964.26,3749.32,802.83,1.125,3.053,12.61,10.0,90.0
83294.81,23499.21,1772.4,1131.96,0.79,2.274,5.0,10.0,90.0
35230.13,5486.45,8437.35,242.32,7.09,6.467,30.4,10.0,75.31
21896.17,16286.65,8863.26,1932.37,9.138,1.321,12.54,10.0,69.46
49587.01,18915.03,5262.46,1971.0,9.738,2.19,7.44,10.0,71.58
67956.09,23262.74,2272.76,1588.71,2.778,7.752,5.0,10.0,90.0
44285.67,16524.65,1707.63,935.54,2.098,6.528,5.88,10.0,90.0
14910.89,24287.05,6087.56,1018.31,5.646,6.543,15.2,10.0,88.33
63951.5,9272.16,5310.58,898.97,2.089,9.511,15.01,10.0,90.0
91216.29,9398.28,7100.5,621.96,3.029,6.709,21.03,10.0,89.83
44489.38,14032.3,3399.47,1079.19,8.389,4.365,10.27,10.0,77.06
29469.95,10204.05,4322.5,154.22,8.124,2.875,29.75,10.0,71.52
49831.96,1034.22,702.93,1984.18,8.961,3.452,5.0,14.12,74.12
14352.64,18562.53,6296.36,876.9,4.874,2.85,16.57,10.0,77.81
83843.88,19041.21,4519.86,1858.36,5.684,0.446,7.97,10.0,66.5
84370.67,18927.39,9237.76,1462.33,7.729,2.69,15.51,10.0,72.42
62920.04,9280.5,6596.97,615.39,2.469,8.37,20.31,10.0,90.0
41779.26,13534.95,4287.6,483.0,8.249,7.309,19.42,10.0,79.97
81980.5,9639.36,3004.1,1991.57,0.274,6.256,5.0,10.0,90.0
59921.83,1384.87,9100.21,1555.65,7.997,9.032,13.3,10.0,89.05
84333.91,14498.77,654.52,536.84,7.781,2.715,5.0,10.0,74.69
66831.29,3970.26,3605.67,181.52,3.088,5.819,23.46,10.0,82.86
80596.49,2920.99,9463.3,1408.99,7.306,0.41,14.26,10.0,68.21
63870.67,19131.98,6713.31,640.88,2.219,8.931,21.11,10.0,90.0
47272.7,1228.15,5560.83,481.6,5.805,4.533,19.26,10.0,80.24
96215.13,24016.2,2433.58,1483.13,7.036,1.861,5.49,10.0,72.96
58700.24,13366.13,8417.06,1374.56,7.176,2.469,16.07,10.0,73.09
64458.06,24592.39,2439.89,988.75,9.831,8.498,8.25,10.0,87.11
29843.89,2391.94,2858.41,1888.18,1.902,1.177,5.0,21.74,79.71
66308.57,15004.71,2322.59,1375.29,4.86,9.26,5.0,10.0,90.0
61444.69,9383.85,2002.42,1792.17,8.813,3.797,5.0,10.0,76.8
26635.46,21243.58,9556.47,421.58,5.659,2.586,26.9,10.0,75.5
15362.84,9669.35,6219.3,628.46,8.776,3.385,19.62,10.0,73.25
64392.34,7251.7,6559.45,253.81,4.397,4.149,27.8,10.0,77.05
78732.3,21581.28,9566.09,643.93,7.974,5.526,23.73,10.0,73.42
57106.12,9991.67,2690.46,1944.97,8.713,5.909,5.0,10.0,83.26
30409.54,1404.0,556.22,1927.57,8.48,4.533,5.0,11.28,78.54
69986.98,10366.94,6189.39,1532.75,8.727,4.519,11.13,10.0,79.69
17209.52,16708.53,5324.53,1066.04,2.274,2.924,14.15,10.0,90.0
49765.03,7104.63,5037.68,1572.52,4.446,3.9,9.62,10.0,85.73
24703.01,11367.7,1087.86,1129.3,1.828,4.725,5.0,10.0,90.0
26601.31,2361.16,4817.13,56.84,1.887,6.016,38.22,10.0,72.1
28206.46,15114.23,3231.82,1028.02,4.929,1.394,9.16,10.0,73.34
44803.64,19151.08,3108.36,1217.9,9.605,7.663,8.8,10.0,83.57
14603.52,10919.5,2612.63,568.21,5.96,6.838,13.1,10.0,89.89
45801.41,11085.58,3659.02,446.42,8.553,3.058,19.07,10.0,74.04
56053.67,3118.78,3854.76,583.93,9.378,4.648,14.42,10.0,76.34
53496.49,5846.58,3433.37,1266.07,0.957,9.475,8.87,10.0,90.0
44450.57,4712.21,9798.15,334.83,1.704,0.303,28.87,15.8,69.56
85523.19,12560.51,9360.95,1454.64,2.979,8.132,16.04,10.0,90.0
23079.4,13702.13,5957.85,874.22,6.206,5.166,16.67,10.0,82.98
55512.71,23774.56,9820.02,739.03,0.711,6.226,22.28,10.0,90.0
15583.73,2757.56,9916.38,1624.1,7.888,6.877,15.38,10.0,82.32
16404.01,15396.83,3881.43,1036.82,0.732,4.615,11.53,10.0,90.0
61647.93,13635.96,4729.28,787.88,1.668,1.999,15.69,10.0,86.0
60941.66,13389.59,9611.09,1762.4,3.879,9.105,14.7,10.0,90.0
89023.02,21955.82,6281.95,768.09,5.621,7.428,18.38,10.0,86.84
60208.63,5932.92,2522.83,1725.05,8.827,5.64,5.0,10.0,82.81
96381.19,1978.56,7049.12,1033.19,9.641,4.54,15.12,10.0,73.87
14382.54,17134.52,2454.59,455.61,8.858,5.043,14.22,10.0,76.59
18820.69,9283.78,3723.9,1245.0,1.16,8.253,8.62,10.0,90.0
13965.93,1422.16,2661.82,606.38,6.349,0.224,13.24,18.25,65.84
26674.92,7032.98,2827.31,336.95,4.473,8.667,19.06,10.0,90.0
58714.31,8423.84,544.23,218.73,1.345,0.563,7.64,15.65,75.79
68101.5,15804.12,8866.73,521.31,5.596,6.198,25.0,10.0,80.08
14102.66,5142.06,3311.91,1486.28,3.631,3.398,6.7,10.0,87.27
95137.38,10913.3,1320.56,1684.1,3.523,6.815,5.0,10.0,90.0
85794.88,12579.41,1326.38,1730.36,1.035,0.947,5.0,12.59,87.26
36695.12,12021.7,5782.17,576.79,9.791,5.607,19.6,10.0,76.96
16946.88,24374.58,9932.75,1338.9,7.287,8.567,17.24,10.0,85.29
25289.84,2092.1,1877.71,499.19,2.875,4.997,10.17,10.85,90.0
21425.0,23823.24,1446.41,1264.39,9.183,0.935,5.0,10.0,65.97
21095.54,14966.49,4663.89,1780.06,9.486,0.47,8.22,10.0,67.47
56670.55,20097.47,5851.65,129.74,8.123,6.25,32.51,10.0,70.76
32126.27,11329.42,3296.61,1971.19,6.627,0.788,5.0,10.0,69.0
42232.57,11892.11,3373.96,1662.82,3.826,0.806,5.91,10.0,69.09
99055.48,22103.84,4532.53,1535.24,4.4,4.312,9.57,10.0,88.21
71588.28,22502.43,3484.38,1398.16,4.605,2.174,7.83,10.0,77.58
95408.26,6728.53,9195.65,1552.03,9.493,2.122,12.81,10.0,71.41
22830.09,5781.81,898.57,1989.46,7.625,4.862,5.0,10.0,81.41
44392.55,12909.64,2728.42,1551.87,2.991,2.88,5.0,10.0,89.92
59925.86,22606.65,8181.25,735.62,6.284,2.271,20.4,10.0,72.6
16908.23,8736.52,8422.6,1247.15,5.98,5.193,16.17,10.0,83.13
10376.87,16648.35,1559.77,707.0,8.14,2.98,7.3,10.0,74.56
70339.09,17995.64,9750.75,1941.63,1.044,0.894,13.98,10.0,82.1
67763.76,19688.19,7086.87,1805.27,7.043,6.859,10.84,10.0,86.44
46970.99,14534.19,3089.63,1156.86,3.379,5.898,7.99,10.0,90.0
54067.97,10658.92,4832.36,1573.48,1.383,2.2,9.55,10.0,90.0
47389.87,24208.38,3322.82,1823.89,7.345,5.864,5.0,10.0,84.99
12160.45,15671.94,1925.21,525.02,3.383,9.56,11.29,10.0,90.0
40183.44,18485.57,3266.19,1179.99,7.328,9.569,8.35,10.0,90.0
25937.4,9279.59,6010.87,989.35,1.708,5.366,15.51,10.0,90.0
18858.18,17078.78,8346.71,1554.6,9.861,1.07,14.27,10.0,67.45
96104.84,7187.14,3953.53,789.21,8.054,4.636,12.52,10.0,78.41
63942.38,6882.33,3805.06,1432.51,2.963,0.367,8.73,10.0,69.15
75579.07,18153.33,4946.01,835.84,7.431,4.21,15.75,10.0,78.77
38382.74,13513.47,6623.28,266.6,1.444,9.103,27.27,10.0,84.73
45383.24,17398.64,7640.35,258.89,6.569,4.728,30.57,10.0,74.71
31323.16,7466.52,3604.6,282.16,0.69,5.55,22.58,10.0,90.0
18726.91,15369.36,6070.35,113.41,3.401,1.665,34.18,10.0,69.86
26112.85,11654.41,4198.93,1089.3,9.787,0.255,11.21,10.0,68.08
81776.26,15327.05,7305.8,1360.21,1.297,9.935,14.58,10.0,90.0
70979.12,7981.11,2064.41,297.12,6.014,3.449,16.76,10.0,77.08
59223.6,18170.82,2940.79,1243.12,0.799,2.866,8.26,10.0,90.0
52758.09,20342.3,4547.57,1215.59,6.727,5.756,11.63,10.0,85.09
93019.09,7238.0,8949.44,336.83,2.859,7.479,26.89,10.0,81.81
16546.15,8214.89,5946.59,837.96,3.169,2.589,16.7,10.0,82.38
35254.07,16867.7,9671.26,1522.51,3.444,5.289,16.3,10.0,90.0
41494.41,17694.04,1481.14,82.67,2.131,3.393,24.32,10.0,83.77
80418.32,17898.39,4871.67,336.55,9.422,4.862,23.81,10.0,74.9
99326.32,17384.76,4481.25,1991.87,9.068,1.697,6.57,10.0,69.9
31660.35,10427.39,6201.96,1480.41,8.713,5.15,12.82,10.0,80.92
88687.66,10476.49,8213.66,955.05,1.154,0.569,18.9,10.38,76.62
84756.05,7115.62,8493.76,1278.11,2.411,8.416,17.05,10.0,90.0
30219.17,4764.01,6866.85,1700.13,6.161,6.314,11.73,10.0,85.02
45939.93,17621.86,6594.6,1692.49,9.707,9.421,11.59,10.0,88.23
46870.56,3236.53,9515.78,683.17,6.088,6.037,20.71,10.0,82.57
98039.86,23507.01,4145.03,1008.02,3.338,1.903,12.23,10.0,77.71
26280.27,20840.47,8411.44,1294.21,8.192,4.892,15.89,10.0,78.08
81924.22,21580.14,9254.29,190.2,1.441,6.68,34.22,10.0,74.72
40077.34,22760.05,5169.62,1894.3,8.829,3.805,9.16,10.0,74.92
75778.33,10806.52,7426.47,893.85,9.749,5.571,17.98,10.0,76.67
47800.99,21320.82,4081.69,773.18,9.68,1.711,14.02,10.0,73.41
62052.38,4793.47,2009.35,1818.85,1.562,7.794,5.0,10.0,90.0
84935.06,1519.4,6071.79,280.66,5.541,9.104,24.46,10.0,81.64
82374.9,19837.39,2366.48,126.56,5.891,3.217,25.55,10.0,74.62
87978.09,2795.12,4847.19,1385.75,2.03,7.954,8.97,10.0,90.0
15365.56,24724.59,8792.35,800.76,5.513,1.01,21.19,10.0,68.05
72284.55,17195.11,1317.17,1540.73,6.501,2.542,5.0,10.0,75.98
22598.86,19082.79,789.07,183.66,3.357,4.673,12.76,10.0,90.0
47423.67,6899.29,6261.54,798.33,3.225,3.925,17.92,10.0,84.97
59372.96,17172.77,3645.08,508.88,0.696,6.234,18.22,10.0,90.0
46246.55,2037.28,4470.41,1492.23,9.573,5.674,7.81,10.0,79.92
56765.05,21107.82,4354.25,492.98,8.056,0.964,18.59,10.0,69.74
99687.37,5070.98,1322.89,942.99,7.619,1.404,5.0,10.0,68.1
22169.56,17736.59,533.88,1646.81,0.316,0.612,5.0,45.21,90.0
70791.04,6387.53,9035.02,1835.01,6.281,9.531,13.38,10.0,90.0
45640.09,2642.88,2569.09,1459.08,1.888,6.489,5.0,10.0,90.0
21970.88,12555.85,4547.75,887.0,6.651,8.57,13.69,10.0,89.78
24286.31,5062.87,9733.3,1165.37,6.249,5.459,17.84,10.0,81.78
95434.58,18506.66,8354.24,1394.9,8.534,2.019,15.94,10.0,71.19
89164.13,6701.58,1525.34,1756.12,2.629,6.303,5.0,10.0,90.0
91633.78,9219.34,5330.93,1782.72,0.372,5.103,9.35,10.0,90.0
99237.95,14618.54,7435.75,1865.39,9.15,4.141,11.94,10.0,76.04
28748.39,7839.24,7134.73,1630.89,9.095,3.781,12.8,10.0,75.22
41989.54,10071.71,7728.0,336.26,4.613,6.536,26.9,10.0,79.61
70229.71,20574.92,4845.82,1507.9,0.873,6.216,10.28,10.0,90.0
53542.23,5301.04,2171.27,1638.46,5.03,1.601,5.0,10.0,72.12
47655.06,2972.84,4916.29,1761.85,5.288,8.181,6.98,10.0,90.0
42203.01,8880.59,6654.93,1853.39,8.235,6.397,11.5,10.0,83.71
63440.26,11185.04,6281.62,1042.86,7.199,5.405,16.05,10.0,80.17
61803.41,14023.82,1169.96,1327.43,0.801,7.514,5.0,10.0,90.0
24531.21,9938.17,1117.05,68.63,7.083,1.621,24.34,10.0,71.39
52456.59,19957.88,9669.95,1166.93,1.444,9.205,18.57,10.0,90.0
59812.46,1943.67,1942.15,972.74,0.986,2.779,5.0,21.12,90.0
61325.82,11362.42,3297.39,1926.5,4.046,2.701,5.0,10.0,80.64
28909.65,10174.14,7792.53,1808.33,0.866,8.168,12.98,10.0,90.0
76804.43,16541.88,4391.93,1605.33,8.31,3.407,9.5,10.0,75.29
12267.92,24190.63,2223.92,161.14,4.685,8.324,23.85,10.0,87.25
41934.87,13249.01,4938.71,833.96,5.911,3.347,15.26,10.0,77.66
80219.14,24685.04,5905.02,1407.28,5.811,5.552,13.18,10.0,86.13
60750.36,8253.99,4801.28,107.84,9.783,2.385,32.89,10.0,67.94
33504.62,1740.84,9229.99,509.84,9.166,7.342,23.06,10.0,76.84
72545.78,4975.92,3204.64,1780.64,8.506,1.753,5.0,10.0,70.21
61065.18,10483.0,6782.66,303.07,3.894,9.004,26.67,10.0,82.49
81661.92,8592.01,1566.8,150.18,1.536,3.779,19.85,10.0,90.0
76152.27,3329.3,4226.71,1182.14,5.959,4.769,8.51,10.0,82.64
64909.71,11383.84,7539.44,1895.61,4.459,0.338,11.83,10.0,66.09
53935.99,9114.78,2635.76,1677.52,2.333,9.76,5.0,10.0,90.0
21986.39,3942.86,6102.82,1950.81,1.067,8.15,10.07,10.0,90.0
33519.97,8106.81,1957.65,1519.37,4.417,4.525,5.0,10.0,90.0
47718.95,22274.47,1475.67,902.87,6.544,9.211,5.06,10.0,90.0
63936.94,8249.17,5470.71,1895.9,6.291,9.317,9.94,10.0,90.0
56233.71,18134.93,6912.6,881.93,7.762,5.377,18.03,10.0,78.47
35936.61,15689.13,1576.99,732.68,4.719,2.415,7.38,10.0,79.53
10581.79,11252.35,9218.87,923.98,3.284,4.922,20.11,10.0,85.32
54661.53,6736.62,2644.84,1637.25,5.433,3.316,5.0,10.0,81.42
35706.34,9856.35,1639.77,1839.5,9.753,4.535,5.0,10.0,77.02
76114.75,15210.57,2425.64,747.48,0.546,9.123,10.02,10.0,90.0
12155.16,9418.08,2110.94,951.38,5.334,2.89,5.69,10.0,78.4
62634.5,6157.51,1361.41,1801.74,3.36,8.406,5.0,10.0,90.0
94732.68,3795.11,8079.47,141.74,1.143,9.359,32.36,10.0,71.16
25696.83,22114.41,5207.61,1578.54,4.403,8.07,10.13,10.0,90.0
52448.45,11567.51,4190.93,935.72,6.448,5.32,12.6,10.0,84.28
18227.98,16005.0,9530.97,784.21,5.329,5.683,21.38,10.0,83.88
66311.37,12769.85,4024.58,921.5,0.389,8.214,12.1,10.0,90.0
59547.85,21941.6,2086.24,866.45,5.833,0.541,6.94,10.0,67.78
46662.9,14126.44,3103.41,1525.41,2.397,7.386,5.74,10.0,90.0
56923.93,12538.75,2770.18,1859.5,3.481,5.336,5.0,10.0,90.0
90691.72,23190.42,5238.04,1008.34,3.191,4.032,14.03,10.0,90.0
27666.49,18272.55,3269.3,1673.83,8.599,7.693,5.89,10.0,85.66
12030.81,3677.2,5402.58,1477.29,0.571,2.736,11.51,10.0,90.0
87549.84,5264.91,6858.29,694.83,3.545,8.966,17.37,10.0,90.0
61940.54,19890.95,7884.34,1195.26,4.009,6.916,15.85,10.0,90.0
90159.26,21060.43,7246.5,1350.29,6.226,6.141,15.28,10.0,84.56
63725.07,14084.58,2453.11,95.82,7.911,5.279,28.39,10.0,73.85
82914.5,14306.93,1601.05,822.11,7.304,2.206,5.19,10.0,73.06
48670.6,16166.39,5653.28,1985.64,7.551,6.208,8.36,10.0,83.25
77487.39,11538.78,2389.66,1292.65,2.005,7.277,5.0,10.0,90.0
92173.73,17324.78,1306.87,701.78,9.126,0.216,5.09,10.0,69.48
61491.07,3603.55,5507.4,537.55,4.2,3.728,18.54,10.0,82.6
26270.66,24070.7,3604.54,458.49,0.21,8.341,16.71,10.0,90.0
34191.79,19003.72,7683.42,833.2,6.714,6.359,18.75,10.0,83.62
27878.01,16148.18,3484.82,426.87,6.08,6.191,19.08,10.0,82.37
32217.13,8591.73,9797.81,313.61,1.347,2.363,29.78,10.0,78.05
37577.39,4862.93,7705.97,759.92,9.603,6.358,19.82,10.0,80.44
59962.04,10824.23,1048.09,1233.65,5.659,7.883,5.0,10.0,90.0
62919.25,16877.84,5334.29,335.48,4.746,4.077,24.3,10.0,80.72
48384.98,16209.03,5844.89,136.47,4.041,1.903,31.64,10.0,70.34
65387.87,10183.39,7105.38,117.53,2.178,0.865,35.17,10.0,69.84
17341.74,15718.87,5229.07,571.4,9.533,5.106,18.14,10.0,74.53
17900.94,20529.96,5092.71,420.76,7.051,6.87,21.61,10.0,82.07
25464.65,1630.83,3995.42,1101.55,5.719,1.71,8.96,10.0,72.27
56626.97,11814.91,3078.88,938.65,6.349,4.272,9.34,10.0,81.09
29259.52,19205.33,9488.9,683.29,8.42,5.73,23.3,10.0,76.05
35495.6,14107.47,3517.17,1675.41,6.394,1.643,6.7,10.0,71.54
46028.16,16635.43,1102.5,1034.65,1.234,2.772,5.0,10.0,90.0
83067.95,13400.23,2089.21,228.48,7.003,6.123,18.24,10.0,83.21
11247.59,24804.99,8644.13,626.74,5.692,7.278,22.26,10.0,83.7
68444.09,2310.92,6073.02,1948.01,9.667,6.396,8.47,10.0,80.59
70198.89,12785.08,7898.42,1955.11,7.364,7.165,12.34,10.0,87.81
81879.02,3194.0,8183.42,546.61,3.506,5.857,22.2,10.0,84.47
93947.76,4834.85,8320.75,376.11,1.44,8.375,24.77,10.0,87.1
11812.41,10192.92,5730.83,1016.59,4.875,8.285,14.92,10.0,90.0
23840.53,4732.96,2182.65,988.86,6.826,7.983,7.01,10.0,88.23
89755.42,24128.49,1908.21,849.77,1.855,5.797,6.23,10.0,90.0
51266.67,23722.95,5952.85,1082.25,6.529,9.942,14.83,10.0,90.0
60813.16,9066.63,3981.89,502.78,8.274,0.487,18.98,10.0,68.02
69672.45,16353.95,5801.46,274.11,1.655,2.037,26.19,10.0,79.51
71115.99,13810.08,5235.54,1162.4,7.087,8.108,12.09,10.0,88.78
93856.64,20574.09,6220.88,1868.57,0.776,8.28,10.5,10.0,90.0
99725.45,16058.69,805.06,318.61,0.179,8.206,7.37,17.42,90.0
74814.17,1006.06,811.95,1424.39,0.423,8.74,5.0,21.03,90.0
35849.91,19316.19,7355.15,903.9,6.352,4.284,18.69,10.0,76.97
89177.72,18924.35,2334.71,623.25,9.736,9.325,11.59,10.0,84.78
14429.88,13233.34,6695.89,1713.56,7.737,2.171,11.55,10.0,72.17
30797.28,22670.06,5692.47,940.16,2.619,9.376,16.01,10.0,90.0
90764.71,22802.71,9827.05,1187.46,0.81,5.611,17.39,10.0,90.0
33057.24,13573.88,8436.36,913.96,6.205,1.722,19.32,10.0,71.56
29858.6,15591.72,4424.78,208.44,0.132,7.387,26.28,10.0,89.27
22431.28,24916.53,6355.92,1210.06,7.947,3.029,13.19,10.0,72.65
87320.06,8171.69,1614.25,866.74,2.507,2.283,5.0,10.0,87.85
55005.24,8790.81,4170.67,219.18,3.062,1.804,25.35,10.0,74.82
70740.39,5386.57,7471.93,1211.83,3.505,0.391,14.78,10.0,67.12
31515.97,22500.81,6415.38,69.25,7.659,7.67,39.29,10.0,68.51
78223.64,18867.72,5102.48,456.61,2.731,4.916,20.68,10.0,90.0
78400.5,3535.43,2177.03,1573.09,2.916,9.789,5.0,10.0,90.0
38133.82,24562.42,8129.89,123.96,5.456,4.449,36.42,10.0,70.15
46961.44,18543.08,3095.08,1311.03,4.684,8.449,7.88,10.0,90.0
28872.12,21412.53,8294.55,1901.93,9.56,9.684,13.03,10.0,86.98
97890.49,2155.62,6310.29,383.83,2.708,0.322,21.95,20.37,68.6
68104.23,13119.06,4040.95,863.37,1.01,1.143,13.56,10.59,86.63
94108.95,17766.36,885.75,1172.22,5.456,3.544,5.0,10.0,82.0
37304.7,14030.72,2707.98,928.31,1.927,8.714,9.91,10.0,90.0
80370.18,16999.54,8946.17,1259.74,4.195,8.396,16.6,10.0,90.0
78927.28,20628.98,8270.76,837.99,1.953,3.731,19.58,10.0,90.0
72249.01,9984.09,5961.11,339.58,8.822,2.079,25.03,10.0,68.45
96907.51,21368.05,4930.06,223.64,3.342,8.043,27.13,10.0,82.67
45419.98,4909.99,6647.86,1501.66,7.771,6.009,12.2,10.0,82.61
21764.56,7501.27,4929.36,515.32,9.491,0.413,19.18,10.0,65.76
70453.8,2040.29,6620.9,1702.53,9.411,8.062,9.57,10.0,84.25
75637.88,9746.24,3420.34,1498.9,5.296,9.574,6.87,10.0,90.0
61755.45,10117.83,8465.72,146.43,9.834,0.517,34.57,10.0,65.99
28613.61,20326.49,7168.22,442.36,6.594,2.93,24.35,10.0,73.41
55401.03,16675.14,3634.77,619.39,1.372,8.213,14.4,10.0,90.0
38097.08,11481.34,8391.33,1209.24,8.895,5.888,16.3,10.0,78.97
48471.99,16650.74,5129.75,1629.16,4.74,9.895,9.96,10.0,90.0
68069.67,2266.8,2159.07,167.65,1.612,9.163,19.73,10.0,90.0
77069.33,5326.52,1238.27,536.74,7.935,1.865,5.04,10.0,73.13
30900.22,16046.75,7146.25,783.61,6.282,6.773,19.07,10.0,84.37
46479.28,16392.8,8718.65,407.59,8.833,6.568,27.57,10.0,74.41
34224.54,19579.23,8170.7,1113.32,8.29,1.197,16.6,10.0,68.58
27876.85,10671.99,6728.68,982.1,3.269,0.986,16.75,10.0,74.26
80504.85,18341.3,1843.06,667.17,2.638,5.737,8.17,10.0,90.0
91832.74,17415.53,1393.42,1057.93,7.365,4.089,5.0,10.0,80.31
43320.9,24121.44,3777.78,743.85,5.776,5.5,13.61,10.0,84.34
77615.1,6163.13,8621.65,719.23,0.792,2.464,20.34,10.0,90.0
90729.58,14240.31,9636.49,567.52,1.898,5.611,25.08,10.0,86.62
86151.18,15442.35,2792.93,1103.85,1.598,3.896,8.45,10.0,90.0
26453.2,24967.55,7739.91,916.03,5.939,8.887,18.26,10.0,89.58
96066.27,5828.42,5951.76,432.83,0.949,3.13,20.63,10.0,90.0
43900.88,13557.23,802.17,75.28,2.156,8.721,20.74,10.0,90.0
40531.66,9308.45,5657.71,344.31,5.499,3.961,24.2,10.0,76.83
15618.82,13621.43,8156.43,133.53,1.417,5.824,35.35,10.0,70.81
53755.63,6571.09,3123.17,891.62,2.558,2.935,10.85,10.0,89.46
19811.23,2142.7,9024.94,488.94,9.077,8.11,25.67,10.0,78.66
32368.58,14741.57,2744.47,869.89,7.001,8.452,10.44,10.0,90.0
38524.84,9060.5,1226.49,692.43,3.138,8.11,5.5,10.0,90.0
82794.37,5366.59,2019.42,1099.13,8.786,6.434,5.0,10.0,83.33
88793.98,8774.45,8451.53,1461.54,2.578,3.117,14.13,10.0,87.55
37221.97,2182.72,4464.41,984.66,5.932,6.401,10.12,10.0,88.9
87282.83,23810.61,8070.98,170.84,3.748,9.599,32.33,10.0,75.26
87150.78,14947.55,5546.71,84.15,7.546,6.519,36.07,10.0,72.46
78818.59,20554.45,5065.31,465.8,3.779,9.568,20.86,10.0,90.0
23202.56,11154.84,8165.67,878.69,2.564,3.115,19.71,10.0,84.83
72129.06,22679.55,4523.13,137.56,6.116,8.475,30.36,10.0,72.81
95052.17,12599.64,8119.31,689.08,7.479,7.213,20.75,10.0,79.54
71428.64,14774.69,1456.29,1779.7,5.41,8.21,5.0,10.0,90.0
39845.52,12803.06,6544.95,225.54,7.191,7.137,28.55,10.0,77.04
55052.14,18598.68,7174.58,1899.61,4.278,4.856,10.89,10.0,90.0
68115.25,14599.75,9041.43,1720.51,7.975,6.897,14.56,10.0,83.56
55951.34,7518.37,2631.08,1671.97,5.892,9.328,5.0,10.0,90.0
20795.76,4492.95,6240.09,1734.13,2.043,4.234,10.58,10.0,90.0
38085.76,15546.99,4615.94,206.1,8.918,9.522,26.43,10.0,79.3
82215.64,12740.32,4136.33,344.78,8.385,0.589,21.42,10.0,67.18
87527.62,3303.42,1513.78,312.03,9.643,0.24,12.0,10.0,67.6
22357.0,10494.82,1775.22,266.92,5.733,4.989,16.69,10.0,83.91
95714.81,13354.63,8451.39,689.04,6.79,8.5,21.19,10.0,84.7
39594.04,20845.44,7622.66,1668.92,8.649,2.554,13.04,10.0,70.48
69608.24,2826.43,4132.24,541.33,0.621,6.965,16.01,10.0,90.0
77664.26,9363.89,8370.62,526.23,9.131,5.514,23.39,10.0,76.75
83075.16,20743.75,1267.28,1367.98,2.785,2.979,5.0,10.0,90.0
95117.47,16562.17,6435.35,239.0,0.665,2.929,28.08,10.0,80.9
38162.76,7959.0,8747.67,752.55,2.452,0.825,20.84,10.0,72.49
87265.58,21288.04,8469.21,626.08,5.905,5.409,22.5,10.0,78.92
21851.82,12839.05,4041.44,1702.24,0.574,4.556,7.44,10.0,90.0
73453.68,12960.45,7579.72,1053.28,0.108,2.965,16.86,10.0,90.0
76778.0,24438.1,4560.95,1310.62,6.43,9.707,10.33,10.0,90.0
70995.09,23730.8,8481.31,301.62,4.589,8.203,28.42,10.0,77.04
32708.33,9604.78,5542.24,1861.39,8.459,5.297,9.69,10.0,81.46
88573.88,4373.9,7766.14,678.78,2.65,5.265,19.33,10.0,88.02
25197.26,8816.0,1246.43,1428.34,2.879,2.017,5.0,10.0,83.36
14827.13,1731.6,6105.25,1911.52,0.868,6.526,9.66,10.0,90.0
74571.85,1498.43,5727.7,1041.87,5.431,9.541,13.4,10.0,90.0
52792.81,10492.53,6294.78,1039.69,3.722,8.993,15.43,10.0,90.0
86418.82,23584.48,7108.6,278.64,3.463,0.939,28.01,10.0,69.78
44505.74,21912.58,9222.04,811.04,4.631,0.626,21.81,10.0,67.39
25145.07,13274.63,7963.98,1712.31,8.512,9.616,13.82,10.0,86.74
85279.8,14565.43,2586.56,313.46,1.141,2.079,17.8,10.0,89.4
59401.87,1142.4,8346.01,1839.13,5.284,5.549,11.67,10.0,87.16
27027.62,6172.03,1659.76,1351.25,2.045,0.84,5.0,13.69,76.72
74834.56,1594.58,6410.89,870.87,2.203,8.449,14.81,10.0,90.0
56000.23,19108.95,8886.16,1115.67,2.642,1.267,18.58,10.0,74.66
64388.17,4495.5,1460.66,343.47,4.648,6.473,10.21,10.0,90.0
51480.85,21857.13,8572.08,474.09,4.995,0.661,24.81,10.0,70.41
84583.81,16439.78,8086.9,608.5,8.728,1.651,22.1,10.0,68.52
84660.64,6506.05,5285.87,800.45,8.932,5.17,16.08,10.0,78.35
73844.99,4785.29,3434.53,1835.27,5.908,0.552,5.0,10.0,67.53
19486.12,16062.99,4351.66,766.76,2.886,2.037,14.73,10.0,81.07
85496.85,22620.09,9702.25,1071.48,8.203,1.448,18.84,10.0,70.1
70391.17,18240.65,2416.13,365.95,7.95,0.502,16.53,10.0,69.07
72732.17,9365.12,6006.24,1485.15,8.0,9.713,11.77,10.0,89.55
42668.46,15097.21,1290.79,1142.55,0.262,4.557,5.0,16.5,90.0
89135.16,8458.28,2569.98,907.82,7.563,8.603,8.71,10.0,90.0
75283.44,24979.59,7751.51,1897.01,8.542,3.646,12.81,10.0,73.49
20133.14,18972.14,3374.69,1786.77,6.09,0.522,5.0,10.0,67.59
46700.02,15745.16,9864.78,1336.05,7.537,6.987,16.93,10.0,86.47
89774.23,11158.22,5257.76,1847.53,7.784,0.484,8.99,10.0,67.28
14247.7,15835.65,5407.12,1151.32,5.115,5.573,12.78,10.0,87.35
96527.5,9198.79,844.99,1662.53,8.155,1.477,5.0,10.0,69.31
71124.63,1692.76,9587.0,848.45,7.944,6.741,19.69,10.0,79.85
66823.84,10482.12,2155.22,219.15,9.169,8.938,19.93,10.0,81.18
34350.33,23331.54,5614.24,1988.59,9.222,9.562,9.22,10.0,85.66
32391.26,16031.23,4258.91,372.98,5.344,5.325,21.46,10.0,81.25
94785.24,3014.94,4448.05,540.44,0.412,5.374,16.46,10.0,90.0
36844.52,22239.85,6611.35,368.05,0.289,0.479,24.86,22.32,83.68
79795.48,7453.0,6789.84,708.09,9.395,7.722,19.45,10.0,80.43
45380.96,6850.47,1965.74,614.1,3.44,9.566,9.61,10.0,90.0
22532.87,8130.18,5246.07,1222.15,3.838,4.439,12.48,10.0,87.4
10964.38,14852.85,8009.54,1993.1,4.752,7.958,11.22,10.0,90.0
58983.16,14072.51,4711.22,152.39,2.731,7.995,29.43,10.0,79.53
97820.09,12793.93,2075.14,1567.96,5.945,7.878,5.0,10.0,90.0
43222.26,18220.88,3475.56,299.58,7.868,7.611,21.22,10.0,82.92
42147.31,8596.91,2517.61,88.68,2.648,2.229,29.36,10.0,76.23
40968.25,19769.55,1695.27,1295.22,7.456,7.539,5.0,10.0,90.0
56848.95,5207.72,4087.02,1752.96,6.753,1.53,6.45,10.0,71.4
49659.84,19782.9,5638.89,393.78,5.303,7.154,22.77,10.0,82.88
89192.32,16931.44,1191.14,716.15,3.322,0.135,5.0,10.0,67.41
55496.87,17397.0,6236.32,379.06,8.74,9.196,24.99,10.0,79.74
55698.21,12557.28,9933.73,1817.69,4.088,8.291,13.45,10.0,90.0
22453.44,17008.04,9659.19,577.2,3.809,6.861,24.18,10.0,84.87
98446.56,2915.13,8377.15,917.19,6.45,1.035,17.03,10.0,70.57
32497.56,21437.23,3030.24,1794.75,9.211,8.267,5.0,10.0,87.97
16602.77,2333.13,712.87,1128.09,5.129,8.764,5.0,10.0,90.0
69683.16,4569.8,8418.65,1869.06,7.255,6.911,10.89,10.0,86.09
63582.97,14842.95,1029.34,1856.58,4.623,9.761,5.0,10.0,90.0
47363.11,18745.87,2453.47,950.12,2.266,1.02,7.61,10.0,77.4
47997.3,2830.04,5672.31,1185.65,1.327,7.116,11.54,10.0,90.0
80655.75,23098.36,2194.59,499.11,1.45,5.295,12.17,10.0,90.0
27614.14,24366.58,8420.99,1981.54,0.311,1.542,12.1,10.0,90.0
83822.8,15542.8,7883.02,592.72,5.574,6.618,22.19,10.0,83.15
68387.24,12549.84,7679.81,1577.45,1.398,8.015,14.07,10.0,90.0
47707.28,18793.48,8253.21,660.29,8.67,1.731,22.06,10.0,70.25
51222.58,8880.58,2587.17,660.43,9.831,7.956,11.96,10.0,83.28
33098.25,12838.35,7424.48,252.53,5.009,1.02,30.26,10.0,69.21
77690.29,22987.62,3875.17,1141.8,4.552,5.955,10.72,10.0,90.0
56158.73,23935.73,6835.03,527.42,3.546,8.005,21.65,10.0,87.86
38876.91,23249.66,1659.21,339.37,6.416,1.545,13.44,10.0,69.94
63644.51,7298.75,7203.07,492.0,6.119,5.758,22.47,10.0,78.48
99616.1,6579.26,9735.02,539.63,3.499,4.306,23.05,10.0,80.52
49173.61,8143.95,914.2,1032.96,3.497,6.112,5.0,10.0,90.0
92862.23,11591.47,1391.37,802.55,6.484,4.3,5.0,10.0,83.18
41051.52,8540.02,1674.55,197.21,5.59,2.584,18.88,10.0,74.84
14925.94,9981.11,4590.36,1095.26,7.214,2.613,12.89,10.0,75.62
28381.79,15895.29,3262.41,1586.11,9.42,8.661,6.29,10.0,87.11
47682.56,19300.62,8165.74,1169.76,7.818,1.649,16.3,10.0,69.63
29767.14,18653.4,5000.98,1950.35,3.113,1.319,8.18,10.0,72.94
10020.43,20546.17,5103.1,243.34,7.615,1.061,26.1,10.0,68.74
92350.14,1772.43,7311.86,1651.25,4.555,0.834,11.56,11.17,68.52
85949.15,2145.61,3938.71,1036.1,7.799,0.243,8.99,10.0,68.66
76806.3,19945.19,3855.47,1067.11,8.877,1.688,11.36,10.0,68.27
25103.31,13793.89,7690.8,1062.24,2.574,2.008,17.45,10.0,82.96
20832.72,14875.38,7910.4,684.37,2.463,2.77,21.65,10.0,83.69
16084.43,2262.08,636.79,682.88,4.383,1.328,5.0,16.07,71.1
75162.63,7127.53,1866.01,1282.1,0.61,1.032,5.0,27.65,90.0
93592.72,16320.5,2524.43,137.29,6.888,5.461,26.28,10.0,77.42
48748.22,21620.37,3840.2,1198.13,7.522,7.215,9.6,10.0,85.89
20722.66,23007.6,3268.76,1462.95,3.52,6.339,7.3,10.0,90.0
56115.35,13010.07,6850.94,744.84,4.706,5.611,19.14,10.0,88.02
41394.87,14091.38,8367.28,473.85,5.945,4.462,25.01,10.0,77.81
43734.24,20993.19,2324.83,466.1,0.829,6.376,14.06,10.0,90.0
65919.76,13902.99,5848.31,209.59,7.142,9.028,28.21,10.0,74.76
74684.63,13404.6,3994.25,224.95,5.314,6.311,24.12,10.0,81.96
19954.32,22722.02,5304.89,375.04,6.28,0.703,22.33,10.0,66.54
13203.12,19958.39,6397.2,87.39,7.266,5.747,37.03,10.0,70.3
99489.73,22817.74,8989.2,569.16,6.788,5.29,23.95,10.0,78.22
30945.55,6237.93,2326.78,647.48,1.044,4.575,10.6,10.0,90.0
14844.75,13585.01,1326.56,1990.68,7.848,5.731,5.0,10.0,83.09
27088.78,21219.33,6458.51,1983.79,6.139,6.759,10.66,10.0,86.65
13506.21,3667.55,4244.24,414.75,7.177,0.469,19.31,10.0,68.0
45262.98,20071.89,2047.58,465.41,2.689,4.854,13.03,10.0,90.0
82216.16,5391.36,1612.33,1009.22,2.292,8.191,5.0,10.0,90.0
40712.0,20394.85,5809.64,340.13,8.278,5.355,25.19,10.0,74.55
49976.51,15688.02,3354.47,1032.88,3.965,0.772,9.87,10.0,70.8
70802.81,5637.66,9975.55,828.81,5.796,7.773,19.59,10.0,82.06
55800.47,12360.5,4356.06,683.01,5.561,9.419,15.92,10.0,90.0
87530.11,17365.72,2516.72,1654.08,5.893,8.533,5.0,10.0,90.0
87943.21,16212.47,6474.07,1664.83,0.788,3.689,12.01,10.0,90.0
10891.96,11253.93,2820.42,1976.38,3.094,5.395,5.0,10.0,90.0
80024.17,22584.8,5193.82,485.02,0.758,5.954,20.16,10.0,90.0
51466.02,13462.32,5084.47,1782.14,4.854,7.186,8.48,10.0,90.0
98995.65,13140.82,4808.8,1098.8,9.031,6.694,11.96,10.0,81.34
53490.89,2494.01,8062.81,1203.35,3.953,2.071,14.22,10.0,76.1
98820.64,23130.89,2557.82,1797.77,7.846,8.446,5.0,10.0,90.0
77911.24,5250.8,9090.92,1888.13,2.944,8.507,11.57,10.0,90.0
32374.44,13680.27,8017.73,1467.28,8.577,4.103,15.15,10.0,77.64
58455.55,20285.62,3664.66,728.29,4.253,1.396,13.2,10.0,73.47
99292.21,6170.88,2215.72,1004.85,3.617,6.125,5.0,10.0,90.0
87177.75,13656.96,3155.58,1249.36,7.005,3.637,7.33,10.0,78.51
18763.02,6776.44,3660.04,1665.85,5.176,7.44,7.08,10.0,90.0
73573.48,19232.68,5790.87,1333.0,3.439,3.225,12.49,10.0,85.07
41102.16,14544.19,940.5,762.62,0.675,2.704,5.0,15.58,90.0
10628.4,21543.42,9186.41,864.87,1.75,8.69,21.13,10.0,90.0
46313.29,22469.39,1437.41,148.35,7.746,6.197,19.18,10.0,80.85
31127.9,16569.6,3153.1,1852.32,9.215,0.951,5.0,10.0,69.35
83698.23,18409.39,1538.23,221.83,1.771,6.925,17.36,10.0,90.0
40359.75,14181.28,2938.39,1180.87,5.737,7.552,8.34,10.0,90.0
84477.13,10226.29,8457.9,1749.72,0.438,2.429,12.52,10.0,90.0
10053.81,16554.83,6344.17,870.69,2.979,9.68,16.29,10.0,90.0
37703.72,22798.93,2659.57,1610.24,4.543,3.791,5.0,10.0,88.03
31704.87,11000.33,8781.71,1617.44,7.385,9.412,14.4,10.0,90.0
31021.06,8545.84,8106.76,166.7,0.537,3.007,34.04,10.0,74.42
16136.8,10322.49,7659.67,853.68,7.834,6.131,18.52,10.0,80.22
26841.18,11449.54,8552.51,1397.5,2.106,5.224,15.86,10.0,90.0
59999.46,2765.46,6386.67,873.59,7.619,9.922,14.73,10.0,88.27
36222.5,12962.6,5263.65,1113.08,6.292,4.143,13.58,10.0,80.15
47565.53,12863.54,4052.38,1209.19,3.462,1.875,10.15,10.0,78.0
43918.02,15122.65,2625.76,344.9,7.265,8.349,17.72,10.0,84.93
88831.44,9707.68,5795.41,853.36,2.44,0.516,16.0,10.0,71.2
91476.91,15714.58,8950.18,105.5,2.275,8.861,37.26,10.0,71.15
54366.13,22077.19,6142.83,341.77,0.711,1.195,25.27,10.0,83.67
39714.04,23931.3,9236.27,1048.9,3.991,5.763,19.42,10.0,85.88
19612.06,15006.69,3890.72,1168.49,1.067,7.163,9.98,10.0,90.0
95806.26,2022.18,7103.81,335.16,4.253,3.43,24.92,10.0,74.96
15420.43,24261.66,6662.32,1523.46,0.197,8.463,12.48,10.0,90.0
36788.52,17940.69,6869.12,777.33,1.635,5.978,18.18,10.0,90.0
36825.96,9063.13,6627.9,1845.27,9.33,4.012,10.67,10.0,73.99
38836.12,4531.78,2605.72,805.94,7.976,3.321,9.7,10.0,75.76
24785.82,4442.05,1864.11,342.13,2.438,1.209,13.87,14.25,75.95
80484.53,5025.87,9796.97,1528.04,7.211,6.44,14.81,10.0,84.23
21024.81,2093.74,930.3,1157.21,6.718,3.704,5.0,10.0,78.18
67141.6,22651.7,4943.5,804.04,1.852,3.274,15.41,10.0,90.0
21146.14,13978.44,4538.26,744.12,3.773,9.504,15.19,10.0,90.0
16348.21,17799.03,3920.18,344.0,9.146,2.801,21.77,10.0,73.01
91848.66,20874.6,7928.85,714.63,7.413,8.778,20.0,10.0,83.35
27111.59,19996.98,7580.83,107.22,7.627,9.751,37.35,10.0,70.5
83912.51,22182.53,9099.64,1029.68,5.682,8.245,18.9,10.0,89.02
59016.78,24214.11,4257.13,1798.61,6.689,0.293,6.78,10.0,67.23
17007.09,11537.69,5859.71,1600.9,5.137,8.699,11.04,10.0,90.0
95990.34,23808.05,8976.92,105.62,7.435,2.213,38.36,10.0,70.35
32226.51,18358.96,9941.56,1768.46,7.354,3.597,15.23,10.0,76.4
87368.08,2696.04,9708.3,932.03,0.408,9.917,18.02,10.0,90.0
25192.9,17362.79,7319.52,422.24,6.355,4.109,25.04,10.0,77.18
86854.86,17481.2,1860.66,1517.2,6.335,6.583,5.0,10.0,88.66
11190.59,22740.65,720.27,679.6,0.766,3.176,5.0,20.27,90.0
56060.24,9950.37,8339.57,543.97,4.163,3.757,23.07,10.0,78.53
79249.83,15037.88,8488.95,364.57,8.998,6.016,27.04,10.0,73.14
94131.6,1292.5,7590.43,998.91,9.539,9.488,15.66,10.0,84.36
91828.19,8969.81,3159.27,232.12,7.844,2.896,22.13,10.0,72.46
83766.24,2493.85,6578.27,1581.95,1.6,2.549,10.35,10.0,90.0
89937.22,13524.95,3504.36,967.82,3.81,0.36,11.97,10.0,69.17
27929.77,20618.74,4781.16,921.6,1.907,2.101,14.54,10.0,86.6
35576.59,5954.62,4133.13,53.62,6.556,2.698,37.89,10.0,69.68
36007.17,13658.59,9179.58,1644.83,7.754,0.722,14.97,10.0,66.48
43934.85,5896.21,2724.49,1011.03,8.849,5.68,8.57,10.0,83.79
45398.86,3896.52,5987.3,907.79,8.62,1.355,15.62,10.0,68.26
59009.98,13263.92,3929.32,1534.7,1.082,5.16,8.93,10.0,90.0
24389.18,2899.57,6799.18,172.65,1.344,1.971,31.49,10.0,74.33
72212.2,15096.51,5863.35,765.03,9.106,9.364,17.94,10.0,85.15
25080.99,1752.1,9277.79,1172.68,8.453,3.14,17.0,10.0,74.2
37927.76,3561.16,1465.32,948.13,4.658,1.02,5.0,10.0,71.74
55301.06,14199.94,2596.09,404.2,4.358,8.378,15.88,10.0,90.0
81679.65,15193.78,7780.31,633.59,5.573,4.08,21.23,10.0,79.38
76552.23,1695.69,4003.47,635.39,6.007,8.219,13.73,10.0,90.0
68098.09,14761.04,2074.95,1984.34,2.617,3.194,5.0,10.0,90.0
24019.59,21124.06,5281.55,686.08,4.097,5.05,18.57,10.0,86.18
59234.08,18335.59,6695.35,450.11,6.235,4.509,23.65,10.0,77.43
17870.19,4148.44,925.85,1654.14,2.142,5.623,5.0,12.61,90.0
43962.69,15219.39,3270.41,871.28,9.988,4.076,11.24,10.0,75.92
47216.49,17134.06,8189.51,915.53,2.901,5.018,18.87,10.0,90.0
13583.03,1893.55,5442.32,1120.33,5.569,6.825,12.77,10.0,90.0
34658.93,21528.34,836.1,1211.59,5.586,4.205,5.0,10.0,83.4
96008.45,22750.42,3178.53,1201.58,4.57,6.876,8.06,10.0,90.0
95826.93,21410.85,6571.84,117.27,2.491,7.172,36.21,10.0,72.28
41709.43,20791.16,2393.91,1646.74,5.697,7.514,5.0,10.0,90.0
13879.01,18879.16,8360.22,429.96,1.001,4.762,25.2,10.0,88.29
26118.54,16202.37,6927.47,620.07,3.931,0.138,20.12,10.0,65.25
45299.6,17287.05,4978.1,388.19,2.32,7.56,21.42,10.0,90.0
95300.17,20353.49,9198.43,1545.8,1.329,9.1,16.04,10.0,90.0
22707.92,16899.96,4222.11,1188.13,9.262,6.561,10.29,10.0,81.77
78716.43,8865.45,2733.2,1522.83,7.029,5.293,5.46,10.0,85.24
19781.43,10023.07,6783.33,1324.13,1.771,5.64,14.24,10.0,90.0
98313.18,22529.38,5946.3,253.11,9.499,6.444,27.15,10.0,75.59
44345.48,1410.93,3684.86,637.92,2.238,9.985,12.65,10.0,90.0
79771.11,17771.69,3764.81,1039.17,2.433,0.714,11.66,10.0,71.25
40833.2,23914.66,4283.0,644.64,1.419,0.31,16.66,10.0,70.02
66490.2,17949.48,3265.82,454.24,7.306,9.645,17.46,10.0,88.32
27281.45,24853.89,7247.29,1746.13,5.752,4.461,12.18,10.0,84.13
23141.89,17501.08,6687.9,1508.18,0.677,6.162,13.22,10.0,90.0
94425.77,1824.71,4687.39,723.18,0.35,7.559,14.97,10.0,90.0
92588.26,20848.24,4279.62,1541.77,5.373,7.447,9.02,10.0,90.0
89872.2,7831.12,3967.99,1273.7,6.55,6.507,8.52,10.0,88.95
66289.01,11705.37,3192.95,57.38,8.246,4.772,34.97,10.0,70.67
82744.14,8490.21,1314.12,791.51,4.835,5.803,5.0,10.0,90.0
16213.32,7445.3,3047.94,616.45,6.798,7.323,14.65,10.0,88.54
40131.01,11353.74,3551.41,474.92,7.363,8.523,17.65,10.0,85.87
38233.28,10090.03,5703.0,540.6,6.169,1.36,20.89,10.0,69.52
67208.08,16200.13,7850.99,1887.61,3.587,2.852,12.55,10.0,83.33
42036.2,20515.63,4259.17,998.32,1.406,4.036,11.85,10.0,90.0
23365.61,8130.13,9475.19,1703.03,6.511,6.688,15.23,10.0,87.69
63682.04,6129.31,8359.82,467.72,7.71,4.017,24.49,10.0,73.35
83294.55,17005.49,9855.62,390.09,1.979,2.465,28.88,10.0,77.87
44391.11,17087.68,8823.93,1783.14,4.999,0.428,13.08,10.0,68.21
21904.18,22627.15,6358.9,1016.62,4.033,8.441,15.32,10.0,90.0
27701.94,1382.7,6185.55,1795.55,2.136,4.247,9.1,10.0,90.0
31373.5,21472.98,1730.5,172.91,2.529,3.359,20.71,10.0,86.76
36990.78,13504.05,7362.79,1837.05,2.453,5.355,11.91,10.0,90.0
67851.56,15911.25,6201.97,860.12,4.247,1.317,16.96,10.0,71.52
64085.09,3192.91,5315.85,352.97,3.966,4.034,21.65,10.0,80.78
72647.19,11382.76,7086.23,1382.6,5.586,7.543,13.71,10.0,89.82
42625.18,6455.26,4718.45,1603.96,1.023,7.388,9.61,10.0,90.0
84159.79,7101.4,5476.67,142.38,5.854,7.742,30.54,10.0,73.97
28367.89,13098.28,4284.35,1975.03,0.316,4.727,7.0,10.0,90.0
52213.67,20498.94,7315.02,1409.2,2.648,3.752,13.56,10.0,90.0
82084.48,18850.74,8827.8,676.73,5.071,8.331,23.02,10.0,85.04
26214.28,15184.0,8488.03,345.02,6.901,1.816,26.7,10.0,68.76
19887.68,13946.04,7967.24,815.44,7.736,7.279,19.21,10.0,83.36
89531.56,11255.35,630.98,480.1,0.452,8.891,5.0,15.07,90.0
40863.67,24345.04,9162.86,1013.6,5.421,2.933,19.11,10.0,75.25
71548.31,14444.62,3111.32,1574.69,3.609,2.058,5.42,10.0,79.39
12281.37,7095.19,8935.75,1337.25,6.98,5.174,15.8,10.0,79.93
72104.22,6522.18,2371.2,900.07,2.909,2.242,7.46,10.0,86.56
38449.12,15672.47,4676.63,281.94,7.463,8.721,24.46,10.0,80.06
15016.68,13547.86,7619.29,1916.46,6.062,2.52,12.19,10.0,75.03
64883.15,1184.75,6582.65,577.22,7.918,3.208,19.29,10.0,73.9
31672.34,20921.57,4451.26,591.78,9.846,8.895,16.58,10.0,84.39
44812.65,17898.94,6946.93,1308.73,9.095,2.136,14.49,10.0,69.29
17252.27,16883.9,5715.02,1552.49,5.974,8.859,11.45,10.0,90.0
23244.69,2650.74,3119.49,1969.1,8.948,2.177,5.0,10.0,69.03
36817.95,9689.34,6640.13,1939.87,1.616,9.127,10.58,10.0,90.0
18078.36,23449.17,2440.35,1831.83,0.526,3.245,5.0,12.0,90.0
91974.36,21702.14,7092.89,898.86,5.378,2.538,17.34,10.0,76.1
10544.23,7853.03,529.55,375.01,9.746,4.824,5.0,10.0,77.88
53547.42,4769.41,5713.34,1189.72,7.126,3.755,12.47,10.0,77.12
21092.27,11778.11,4310.14,83.65,3.121,2.097,33.82,10.0,71.13
37691.12,9539.93,3379.49,432.69,6.721,3.45,17.58,10.0,74.32
93345.36,17373.43,5399.23,54.93,0.495,7.161,39.05,10.0,69.15
24552.51,24194.44,6630.46,402.05,4.759,8.336,24.62,10.0,86.18
96924.91,9712.03,9670.47,975.78,2.449,8.226,18.73,10.0,90.0
28521.49,2493.38,8414.11,816.98,0.587,7.592,19.98,10.0,90.0
76740.95,22542.74,7312.92,770.13,2.574,0.154,18.77,10.0,66.62
59200.95,1910.79,5050.19,1670.36,7.252,4.323,7.46,10.0,80.67
89603.09,23866.38,4225.37,1366.24,5.557,1.773,9.86,10.0,72.28
59859.39,16949.91,809.03,1876.04,0.332,0.827,5.0,30.82,90.0
58110.33,23600.54,3911.42,918.42,4.156,7.385,12.39,10.0,90.0
27591.22,5791.83,8559.58,580.85,7.546,7.955,22.85,10.0,82.54
24960.64,1976.8,4148.23,289.23,9.551,8.165,22.67,10.0,76.64
92484.02,12717.04,4885.06,1360.45,8.756,8.914,10.9,10.0,88.48
39505.44,11814.96,3082.43,1691.4,0.115,5.941,5.02,10.0,90.0
43487.4,8955.81,3104.26,408.29,2.265,9.981,16.54,10.0,90.0
78384.13,23983.76,1087.78,1763.57,2.157,4.889,5.0,10.0,90.0
40494.11,20742.01,6331.14,1076.24,4.19,8.847,15.32,10.0,90.0
95685.62,16877.97,4756.66,330.96,6.493,1.218,22.27,10.0,71.03
76413.5,4908.6,6256.63,1303.58,1.615,1.574,11.23,10.0,85.63
63768.63,18623.76,5695.43,1064.1,9.165,5.944,14.51,10.0,79.56
89280.56,18448.3,8089.02,104.96,7.793,1.329,37.81,10.0,67.46
14464.53,11201.64,7634.61,828.52,4.251,0.845,18.73,10.0,68.89
33135.64,23194.86,7828.81,1580.34,5.882,2.041,13.34,10.0,74.61
51853.27,5007.47,5242.77,1133.08,5.464,7.897,12.75,10.0,88.32
30428.07,7416.1,3861.87,599.98,5.864,9.282,15.62,10.0,89.9
76951.47,2517.38,9367.65,1860.85,8.615,3.401,11.93,10.0,74.91
92728.72,20090.82,1015.56,513.67,2.081,9.75,6.65,10.0,90.0
48139.31,15922.23,1949.9,542.84,6.869,8.115,10.99,10.0,89.33
40791.93,8558.57,4486.19,741.55,1.16,2.338,15.98,10.0,90.0
96539.57,4931.53,6332.6,1794.35,4.646,5.903,8.32,10.0,90.0
50036.72,1963.55,577.9,1039.87,6.395,9.82,5.0,10.0,90.0
54014.36,5001.89,7333.57,1380.25,0.224,8.503,13.43,10.0,90.0
41648.49,11878.83,5807.9,1953.72,1.17,3.697,8.8,10.0,90.0
91859.36,6932.25,5104.68,1577.43,1.004,3.133,7.86,10.0,90.0
61205.99,7215.57,4523.2,386.57,3.809,8.211,21.07,10.0,88.37
78595.71,22013.83,5435.13,1587.29,6.258,5.537,10.77,10.0,87.35
83062.6,13363.3,2036.96,1509.26,9.96,1.718,5.0,10.0,68.95
40766.41,18502.05,1532.76,503.6,2.615,3.346,9.22,10.0,90.0
49032.49,1857.06,3251.56,684.43,1.446,6.652,11.57,10.0,90.0
86362.46,9763.92,7240.3,1434.75,4.206,1.616,13.65,10.0,74.53
42692.98,12500.06,6088.73,514.87,1.545,7.017,21.86,10.0,90.0
81454.16,5474.0,5061.17,455.96,0.343,7.128,19.47,10.0,90.0
94689.31,3884.6,5929.45,1421.77,5.683,2.78,10.06,10.0,75.37
66088.93,21887.29,5812.95,1767.16,8.808,4.041,10.21,10.0,74.61
76746.46,23546.36,3416.9,196.28,8.622,9.361,24.21,10.0,80.77
82458.76,2891.36,1425.83,919.52,1.098,7.517,5.0,11.02,90.0
86053.57,9376.45,9019.43,1233.99,1.56,7.899,16.95,10.0,90.0
45554.8,23998.86,6199.16,1368.74,4.962,5.211,13.55,10.0,89.25
14613.71,2995.88,7128.61,1992.58,3.74,2.21,10.72,10.0,78.3
46168.86,16447.39,4907.97,1381.25,7.06,5.953,11.43,10.0,87.14
70638.06,24333.31,7686.57,1259.3,5.0,7.744,15.99,10.0,90.0
50531.53,24477.37,6052.72,1979.98,0.299,0.138,10.28,28.46,75.59
77406.68,12309.36,1011.11,168.3,2.917,1.226,14.67,10.0,74.43
42128.42,4905.98,8955.92,195.15,9.025,4.796,32.87,10.0,69.58
67126.97,5850.02,3402.59,1143.33,5.164,4.428,9.2,10.0,84.2
26777.78,22350.43,1809.96,749.4,8.0,9.825,7.14,10.0,90.0
77443.25,22880.39,1336.39,238.56,4.083,1.012,15.12,10.0,71.77
59112.64,15589.11,7344.18,647.58,6.802,3.304,21.25,10.0,73.87
28365.79,19388.23,7187.7,1364.99,1.773,8.17,14.73,10.0,90.0
36272.01,18758.35,7151.54,1767.2,7.392,6.163,12.24,10.0,84.22
77374.78,16883.72,9199.65,233.93,7.887,5.66,32.05,10.0,71.73
53434.11,20854.65,3814.96,1103.28,0.992,7.438,10.91,10.0,90.0
29442.83,17449.76,5830.76,627.43,1.915,0.496,19.9,10.0,70.19
97054.41,13816.06,6385.21,1351.29,4.683,9.48,12.85,10.0,90.0
74361.25,6686.95,9805.08,1121.43,6.411,1.994,18.26,10.0,73.91
96142.13,18853.32,3467.29,1857.09,6.411,0.91,5.86,10.0,69.6
48439.45,12362.51,9585.15,123.48,6.715,3.456,37.28,10.0,69.57
52759.03,8075.0,1912.98,966.57,7.173,7.053,5.33,10.0,86.55
90815.97,20246.71,7758.01,425.88,5.107,2.392,25.32,10.0,70.17
57254.44,17721.13,6512.42,1096.72,5.791,0.594,16.06,10.0,68.31
73655.1,23496.15,8260.51,1714.48,0.183,0.668,13.49,16.84,90.0
32695.56,4970.6,772.51,1827.07,1.749,2.64,5.0,16.14,90.0
50205.38,16580.54,1242.24,826.55,5.036,1.439,5.0,10.0,72.47
21110.49,6861.75,1162.11,1632.97,7.481,3.787,5.0,10.0,76.53
28538.2,22685.99,6133.11,596.99,8.108,1.813,21.28,10.0,71.88
10084.91,3387.99,6227.89,62.29,7.317,3.509,39.44,10.0,71.12
13533.85,16747.88,9108.0,1717.72,4.915,4.5,14.5,10.0,85.68
97955.54,19986.06,4942.23,282.85,2.885,7.451,24.73,10.0,85.81
31811.83,9518.03,1146.47,84.34,4.503,2.351,21.46,10.0,74.11
69697.96,23899.31,2490.53,739.91,0.192,4.803,10.03,10.0,90.0
85518.97,21417.54,576.69,789.79,6.02,8.172,5.0,10.0,90.0
59559.44,8070.84,7878.79,200.58,0.838,9.865,31.94,10.0,79.07
23783.01,1180.99,8248.19,1637.66,1.539,5.617,11.19,10.0,90.0
75530.48,8119.77,9980.43,840.91,6.297,4.38,21.49,10.0,79.5
64022.63,7751.45,4415.85,1005.35,0.232,6.352,11.89,10.0,90.0
75812.55,22359.15,683.33,566.02,5.778,4.914,5.0,10.0,87.76
79277.2,24210.91,2729.93,1047.44,6.42,1.731,7.52,10.0,71.48
97786.93,2690.56,6083.8,1545.13,7.904,4.649,10.11,10.0,77.65
61620.7,12311.08,9638.46,1817.06,0.774,9.793,14.79,10.0,90.0
40747.7,14159.97,1484.0,1942.53,0.129,6.44,5.0,14.68,90.0
68361.81,3229.88,1654.94,882.11,7.692,2.906,5.0,10.0,74.61
16159.66,10059.95,7166.71,1980.57,2.972,9.477,11.68,10.0,90.0
90765.76,8609.98,6838.47,625.16,8.883,3.947,20.41,10.0,74.62
20744.29,13865.35,2879.81,63.6,1.931,3.962,31.88,10.0,73.8
39505.86,16868.58,8224.88,1546.85,5.897,6.204,14.49,10.0,86.84
83417.08,17883.64,1723.4,397.95,1.183,5.733,13.99,10.0,90.0
63758.11,4282.12,9294.55,152.29,4.087,2.975,34.26,10.0,69.79
45427.2,20510.74,2409.8,1851.82,8.832,4.724,5.0,10.0,77.86
52609.21,17285.01,1272.85,1594.03,6.123,3.392,5.0,10.0,79.39
86909.27,22337.8,3725.46,250.2,6.927,7.404,23.13,10.0,80.8
40600.39,11784.07,2284.49,1564.97,2.337,1.313,5.0,10.0,80.09
88268.47,22453.35,5505.94,1695.8,9.235,7.527,9.69,10.0,84.76
17932.1,21778.58,7025.04,1815.34,6.272,1.696,12.32,10.0,72.16
79911.86,11521.82,5163.75,1110.2,1.148,3.129,13.54,10.0,90.0
86279.29,10147.44,6775.77,1421.65,0.254,3.4,13.49,10.0,90.0
26363.59,23387.49,3966.74,1536.37,0.258,9.905,9.23,10.0,90.0
48731.19,18163.95,765.26,1392.85,0.607,5.939,5.0,12.07,90.0
24894.98,23277.89,9753.61,1311.33,9.125,7.798,17.9,10.0,81.97
73594.37,20127.39,8284.43,1117.74,3.648,5.598,17.84,10.0,88.91
58181.3,15623.14,1197.48,984.43,3.053,9.833,5.0,10.0,90.0
67179.1,3780.47,4767.18,1992.44,4.224,1.856,5.8,10.0,75.29
27683.83,7995.54,6532.68,708.24,4.155,6.088,18.85,10.0,85.24
29057.13,24252.22,2310.65,222.12,2.461,7.994,19.96,10.0,90.0
13734.76,8666.13,5990.89,1541.82,1.009,6.323,11.95,10.0,90.0
38986.08,3238.12,5569.66,466.96,1.175,8.98,20.87,10.0,90.0
60377.02,17981.28,2478.52,1088.75,6.032,6.047,7.04,10.0,88.17
87214.14,18616.1,1841.5,236.81,4.029,8.282,17.42,10.0,89.4
70023.47,7850.99,7710.14,1257.6,9.034,1.84,15.25,10.0,67.7
49185.67,8144.13,3564.57,1890.81,4.691,2.694,5.26,10.0,79.01
95780.81,12253.43,2818.39,1459.27,5.085,4.496,5.52,10.0,87.32
74732.07,1522.93,7509.84,468.34,9.29,8.531,21.98,10.0,78.77
93714.87,19943.75,7492.65,1943.72,5.066,4.323,12.14,10.0,84.39
57482.92,8610.13,3125.82,648.82,5.07,6.312,13.34,10.0,89.34
33301.38,21490.31,8789.4,901.4,3.695,4.019,19.4,10.0,85.27
14754.4,20263.13,7038.38,1021.33,7.133,8.077,16.69,10.0,86.69
75347.64,16873.65,3784.76,1981.9,3.983,2.083,5.0,10.0,78.1
20917.27,8797.0,4561.15,184.34,5.924,5.978,28.8,10.0,76.02
37249.76,13391.6,7403.74,1408.62,4.529,5.821,14.65,10.0,88.92
57922.38,11675.9,2510.05,755.77,5.335,4.092,10.25,10.0,83.63
60797.49,9133.17,4953.23,202.73,8.288,7.081,28.21,10.0,77.36
64052.49,21355.27,6708.8,1873.31,4.196,0.382,10.88,10.0,68.19
24962.98,12604.17,5625.24,1200.22,2.378,8.431,13.33,10.0,90.0
44176.37,20985.35,6279.12,1519.36,5.746,3.545,11.9,10.0,79.27
65547.48,3525.24,5689.02,518.75,9.381,7.951,18.32,10.0,81.89
97283.7,4384.59,2392.66,1535.0,6.963,3.12,5.0,10.0,76.31
75486.8,24455.69,4396.95,1665.53,3.153,1.96,8.86,10.0,78.78
93034.34,15106.44,5553.86,890.12,9.634,3.956,15.24,10.0,74.76
78599.09,13234.47,7910.6,1165.32,3.493,7.994,16.3,10.0,90.0
63254.53,13555.75,6712.09,1945.15,9.834,7.065,10.5,10.0,80.91
27282.1,6166.45,4552.61,1701.12,2.001,4.07,8.79,10.0,90.0
70001.71,18248.89,9756.8,917.46,9.997,9.385,20.19,10.0,80.92
66104.16,3034.73,1524.06,1345.92,0.851,4.147,5.0,19.28,90.0
64222.23,14759.77,2464.65,1579.25,7.161,3.572,5.0,10.0,77.73
54080.73,14698.45,3742.47,97.44,7.43,1.533,31.24,10.0,70.63
57579.09,22940.52,2671.43,1197.31,6.828,0.796,6.74,10.0,68.79
40099.83,13628.39,6441.7,1969.83,7.798,3.564,10.24,10.0,75.4
56738.14,4289.5,875.73,1897.0,4.771,1.011,5.0,10.0,69.74
27780.03,14746.08,2185.65,1673.26,0.636,4.68,5.0,10.0,90.0
82465.7,3191.86,3286.8,257.12,3.642,8.614,20.87,10.0,89.66
26719.93,5891.05,6991.78,1988.38,6.459,4.814,9.88,10.0,81.11
17646.97,1746.61,8820.72,1238.6,6.498,4.858,16.59,10.0,81.23
49262.14,13319.05,8085.67,484.67,2.032,2.609,25.01,10.0,80.65
69247.67,3028.78,2229.77,1364.82,2.605,1.746,5.0,14.14,84.88
49394.51,12265.47,5871.35,1720.22,4.918,2.301,10.54,10.0,76.89
34907.87,23390.68,785.22,269.04,7.313,5.723,9.7,10.0,84.77
60235.41,18274.27,3450.1,1837.05,8.543,5.959,5.0,10.0,82.81
41230.21,2857.88,8156.85,1844.4,0.956,2.28,10.88,10.0,90.0
93958.09,6381.04,4838.32,76.26,9.264,4.049,33.25,10.0,69.77
93038.06,17167.9,1924.44,1805.62,9.285,5.73,5.0,10.0,81.58
55213.46,22472.84,4666.26,1896.29,0.179,7.629,7.34,10.0,90.0
39509.56,1790.05,2381.31,123.5,5.113,3.266,24.59,10.0,75.03
76341.92,20498.83,4235.32,623.62,5.913,2.786,16.04,10.0,76.2
13304.16,14483.53,5134.42,777.56,5.582,7.332,16.58,10.0,88.77
52729.21,14106.19,3820.8,730.34,6.196,5.187,13.81,10.0,83.91
40269.11,23987.52,9401.21,1530.06,5.083,8.582,15.59,10.0,90.0
92848.23,18943.47,5844.04,748.3,3.009,2.189,17.68,10.0,81.69
11080.27,21402.85,8507.48,1915.33,1.047,7.732,12.93,10.0,90.0
59753.34,9495.89,7726.92,1990.24,2.163,1.704,12.37,10.0,85.82
76659.72,14304.74,6781.08,667.8,7.429,5.889,20.66,10.0,82.49
53651.62,15769.74,5220.44,1042.16,2.487,2.908,13.51,10.0,87.76
17686.27,8718.01,520.65,1137.53,8.314,1.101,5.0,10.0,69.51
97521.53,14685.95,6327.94,1179.84,4.095,6.206,13.75,10.0,90.0
56620.94,6679.73,3881.6,779.71,4.203,5.117,12.86,10.0,90.0
65276.76,4441.02,1618.74,373.69,8.698,4.911,10.39,10.0,76.25
31294.88,9975.29,4723.95,156.39,2.221,5.966,30.34,10.0,78.97
53514.83,18742.95,7487.76,257.38,1.977,3.787,28.34,10.0,77.79
48623.45,22988.49,9635.94,1807.52,9.856,6.735,14.75,10.0,81.57
16740.63,11985.14,4054.0,596.73,5.452,1.395,16.82,10.0,72.05
19554.43,16427.77,5655.87,199.8,1.986,7.178,28.62,10.0,79.5
85372.53,3472.89,8586.82,1265.88,1.741,5.84,14.94,10.0,90.0
31583.8,22707.13,3672.99,196.85,8.63,4.916,25.69,10.0,72.57
27546.24,14646.5,1851.44,186.6,6.038,1.364,19.85,10.0,70.07
55442.03,19728.12,3177.88,1262.06,1.239,2.855,7.85,10.0,90.0
79187.24,20066.59,9041.67,1203.22,8.88,3.023,17.27,10.0,73.12
15575.19,7155.53,2014.23,130.88,4.495,2.415,23.25,10.0,76.85
61912.71,13700.19,3627.6,947.93,9.895,9.546,11.59,10.0,86.96
20728.94,24051.51,4914.08,899.75,2.889,9.165,14.45,10.0,90.0
13281.49,3151.23,8547.58,1116.04,5.335,5.507,17.62,10.0,85.89
14746.96,17393.2,9408.28,1488.8,1.814,2.136,15.67,10.0,87.13
85074.77,24094.34,4545.2,601.46,4.453,9.12,17.12,10.0,90.0
20617.52,8213.85,9353.56,893.92,1.848,7.519,20.04,10.0,90.0
14063.62,21674.75,2033.86,1595.85,3.142,0.484,5.0,10.0,67.68
49410.99,23407.78,1990.1,1848.98,2.772,4.958,5.0,10.0,90.0
85959.41,18930.07,9517.88,1788.08,2.903,6.089,15.26,10.0,90.0
33616.75,6551.88,5341.96,981.38,9.701,0.758,14.92,10.0,68.65
47954.14,9016.02,2266.12,1065.69,0.481,0.593,5.59,33.71,90.0
13593.03,1859.42,5135.91,1081.76,5.019,4.689,12.94,10.0,84.39
50417.07,20954.88,7940.51,1744.0,6.33,0.119,12.28,10.0,65.87
61985.18,21390.67,8355.74,1687.88,6.642,0.564,14.12,10.0,66.85
61381.63,16185.05,8707.71,657.49,7.57,1.735,22.95,10.0,72.1
39918.4,9460.67,5910.92,367.56,7.634,9.109,24.1,10.0,82.74
38397.99,2843.46,8735.99,789.0,9.559,7.686,19.88,10.0,80.49
19596.13,19073.38,5345.29,612.39,7.581,4.559,18.87,10.0,77.02
43011.85,18436.63,6267.07,1904.02,8.255,4.844,10.76,10.0,79.2
18954.52,22902.46,7707.84,568.54,5.37,6.892,22.75,10.0,85.46
78993.64,18532.77,4541.64,403.35,6.611,4.796,20.9,10.0,78.3
96964.69,20888.68,1199.02,1803.98,4.833,0.733,5.0,10.0,67.79
97306.7,18902.91,3826.58,218.63,2.837,7.413,24.61,10.0,87.2
87856.4,16136.49,6427.47,557.52,3.202,0.672,21.77,10.0,69.55
64071.29,11247.19,2327.16,906.27,3.669,4.912,7.83,10.0,90.0
73077.91,22650.82,1909.66,1210.46,3.472,8.631,5.0,10.0,90.0
35668.52,16623.25,3284.27,688.96,5.378,1.262,13.14,10.0,70.43
66769.34,10560.53,805.06,1017.66,2.552,7.096,5.0,10.0,90.0
51008.46,3003.26,7562.52,437.72,5.215,0.559,22.92,10.0,67.7
53381.56,7976.92,2957.8,1169.83,9.171,9.931,6.9,10.0,89.62
78199.89,14049.44,1680.26,845.24,4.119,6.853,6.84,10.0,90.0
35372.65,7615.25,7141.73,1706.06,2.304,9.693,12.1,10.0,90.0
38623.57,6309.65,8507.82,860.68,3.534,6.715,19.63,10.0,88.61
93217.76,13657.44,688.82,915.44,8.781,2.499,5.0,10.0,73.26
15060.19,5075.69,2719.2,1204.74,9.423,9.271,7.04,10.0,89.43
53707.09,20209.84,9479.71,290.18,8.878,6.304,30.37,10.0,74.78
92152.07,12624.84,4159.91,355.75,2.945,5.802,20.64,10.0,88.68
64932.67,14772.71,9416.62,1590.96,3.94,4.348,14.02,10.0,86.72
59176.64,4537.2,3105.02,583.17,9.752,2.917,12.62,10.0,70.08
32476.98,8789.83,2571.64,1385.16,3.306,5.348,5.01,10.0,90.0
40894.79,10842.15,2534.03,239.98,1.465,3.724,20.49,10.0,90.0
86684.36,20397.11,1309.67,1652.6,2.893,8.555,5.0,10.0,90.0
60329.63,19483.83,9016.11,1977.04,9.643,0.385,13.46,10.0,66.8
56326.8,6351.46,9808.43,778.7,4.217,5.348,20.76,10.0,84.75
18962.17,15788.3,9567.83,1035.78,9.345,8.382,18.82,10.0,80.73
11442.53,6842.95,8594.27,913.29,1.13,0.373,19.19,19.94,71.82
96731.67,24717.93,8545.44,1793.67,7.684,2.895,14.19,10.0,74.71
43928.76,23850.97,6780.31,69.37,1.024,0.61,41.1,10.0,69.78
64289.18,14518.35,8349.03,1324.25,2.055,5.991,15.17,10.0,90.0
17174.36,17773.66,2479.25,1322.12,6.199,3.236,5.97,10.0,80.29
71480.29,20234.33,4185.17,795.65,4.401,9.601,14.35,10.0,90.0
93931.0,18303.96,6587.94,477.7,6.7,6.201,22.89,10.0,80.53
61809.87,17795.89,8810.33,517.38,9.737,5.662,23.85,10.0,75.96
21350.38,24005.3,6774.46,1610.91,0.622,9.181,13.11,10.0,90.0
62354.94,15314.95,8470.71,178.9,1.997,2.313,32.26,10.0,72.91
78971.25,16271.26,5002.52,1149.46,6.438,5.666,11.95,10.0,85.82
46577.49,21382.45,7314.39,648.34,8.976,5.474,20.84,10.0,76.84
89185.4,17077.38,9809.82,567.23,7.997,0.913,24.28,10.0,70.17
68381.47,18590.38,1958.14,1036.19,4.709,9.327,5.42,10.0,90.0
90932.4,6620.05,9305.75,1800.83,7.48,7.032,12.14,10.0,86.72
66115.48,9910.41,5462.46,1255.28,2.16,8.892,12.34,10.0,90.0
21815.92,4535.23,6610.57,1587.79,0.236,9.827,12.13,10.0,90.0
37872.25,13138.37,8839.76,1221.33,5.743,4.849,16.99,10.0,83.15
28161.55,11937.46,4391.71,1410.55,8.151,8.056,9.86,10.0,88.15
91794.38,24931.91,4477.58,893.19,4.391,5.818,14.33,10.0,89.24
78436.01,15669.01,5508.23,1855.66,5.736,9.774,8.9,10.0,90.0
70875.85,19874.68,681.47,1028.78,4.28,2.548,5.0,10.0,78.6
37086.97,9016.35,5218.33,1125.96,5.189,0.237,13.21,10.0,66.01
26564.03,20957.09,3265.33,1073.68,8.855,1.941,10.24,10.0,73.73
78080.6,15762.04,9315.56,666.57,4.834,1.367,22.57,10.0,67.29
52674.22,17727.82,1333.49,500.91,0.174,4.426,7.97,19.96,90.0
30321.06,8066.34,4863.54,193.98,8.019,0.866,27.9,10.0,67.66
65495.98,14167.32,9500.95,1450.44,6.215,2.28,17.45,10.0,73.29
13630.05,16216.89,9059.83,614.09,7.331,1.053,22.66,10.0,68.56
39355.32,15138.27,7162.81,808.94,9.021,4.919,19.2,10.0,75.23
52170.13,22964.65,6098.93,1843.86,2.934,2.741,10.4,10.0,87.75
23316.25,22558.54,3166.94,1154.57,5.08,4.763,8.92,10.0,85.03
98618.9,24303.62,3986.09,239.3,6.065,0.98,23.7,10.0,71.15
28818.76,17018.27,1356.28,1609.24,3.519,5.217,5.0,10.0,90.0
21731.78,24325.94,7968.03,549.45,8.476,1.388,23.34,10.0,67.89
28318.14,20979.47,3576.76,1127.78,7.006,1.084,9.23,10.0,68.25
79215.5,7499.97,6843.93,1044.46,7.361,3.169,15.75,10.0,75.98
48295.51,11258.46,3897.15,514.25,8.099,8.757,17.33,10.0,83.96
60887.43,6721.42,4911.14,275.75,2.655,7.906,24.39,10.0,86.72
11890.82,1100.73,5772.52,461.96,7.482,9.596,21.23,10.0,84.2
13098.82,5513.17,8117.6,239.81,7.761,4.656,31.06,10.0,72.38
50124.3,1097.45,2505.99,587.47,8.44,3.193,10.82,10.0,74.5
83498.97,18276.12,4288.27,1994.73,4.937,9.712,5.97,10.0,90.0
89671.5,11212.82,1735.77,834.08,5.091,3.88,6.27,10.0,84.58
17803.59,8501.79,1219.72,1734.58,1.072,0.19,5.0,25.1,70.95
58452.68,19281.3,6244.41,1120.9,8.536,8.219,14.51,10.0,85.7
92190.67,20979.68,2296.36,1349.84,5.382,1.775,5.0,10.0,72.46
44917.55,24407.19,1068.09,354.88,5.985,7.207,9.91,10.0,88.93
84660.92,16408.33,9022.43,585.87,1.302,0.25,23.29,10.0,69.48
22032.61,12076.7,5575.99,1045.36,6.058,1.199,14.93,10.0,70.32
94185.5,8326.34,1778.97,1768.23,0.516,4.887,5.0,12.14,90.0
77628.1,6335.64,1007.55,133.63,9.24,0.772,17.51,10.0,68.29
94720.1,6110.22,1638.67,1038.49,8.649,8.897,5.0,10.0,88.19
70895.55,10820.54,4977.7,149.47,2.024,7.524,30.47,10.0,77.65
42706.35,24802.87,6850.42,940.8,5.979,3.349,17.83,10.0,77.36
94436.31,1020.49,6592.16,1276.29,6.067,6.015,12.03,10.0,83.57
34801.01,5732.94,1872.02,1502.21,8.054,7.184,5.0,10.0,89.01
39895.53,5521.43,6518.15,320.14,7.594,7.578,26.48,10.0,79.16
73072.76,18210.87,4346.22,374.82,9.933,4.017,21.23,10.0,71.81
78878.47,9459.63,4915.07,966.63,3.573,8.998,13.06,10.0,90.0
93646.31,11974.26,8113.59,1996.17,1.334,9.424,11.88,10.0,90.0
28432.22,4566.98,3658.74,744.29,5.777,2.038,12.99,10.0,72.26
81819.82,10719.93,1896.49,883.68,7.664,9.121,6.22,10.0,90.0
76469.14,3476.8,8797.8,893.27,2.929,7.156,18.38,10.0,90.0
15741.51,13793.04,2515.24,207.37,2.438,8.893,22.36,10.0,90.0
44850.08,3350.52,3293.28,1559.64,8.044,4.305,5.09,10.0,78.26
35448.89,19972.2,7212.61,543.55,7.562,6.646,23.06,10.0,79.93
37404.14,14598.44,6993.73,1422.15,2.114,2.43,13.52,10.0,88.72
98465.22,18375.23,8103.8,976.43,8.706,7.536,19.04,10.0,81.82
67849.97,11044.39,2246.73,1242.97,1.434,5.859,5.0,10.0,90.0
74590.85,10155.79,3846.66,155.24,1.181,4.861,27.18,10.0,84.67
97895.59,3357.01,1695.89,1785.43,3.576,6.958,5.0,10.0,90.0
43948.16,13572.53,5639.87,525.52,8.877,5.568,20.13,10.0,79.39
82165.62,13348.05,3279.42,1356.69,6.985,7.677,7.7,10.0,87.86
49107.79,12234.45,7044.89,1606.14,4.008,8.599,13.34,10.0,90.0
88258.03,18772.44,503.27,1103.08,1.657,8.026,5.0,10.0,90.0
26259.18,20980.11,1066.99,707.8,7.163,3.144,5.0,10.0,76.27
95291.76,19018.95,4609.32,1956.91,6.032,9.764,6.58,10.0,90.0
29689.45,4452.78,9602.75,592.96,9.878,6.532,23.98,10.0,76.89
39359.85,15929.43,8963.09,1899.89,7.679,3.302,14.28,10.0,75.23
78057.3,2927.75,9943.09,354.64,1.111,0.522,27.65,19.74,73.49
45437.96,17670.93,4459.89,808.98,7.309,9.882,14.2,10.0,88.5
64739.02,10164.14,942.4,320.07,2.649,6.03,8.92,10.0,90.0
50011.62,4179.97,3406.58,54.37,9.623,2.353,36.7,10.0,68.29
76813.29,21689.22,6919.82,557.5,0.291,4.962,21.97,10.0,90.0
30549.81,15736.2,1784.06,220.06,2.46,4.036,18.87,10.0,90.0
15261.22,9513.4,3349.74,1973.37,5.04,9.519,5.34,10.0,90.0
36993.65,1737.45,1033.58,1535.22,0.883,4.977,5.0,23.34,90.0
52687.78,13895.45,5012.19,57.22,3.506,4.898,39.09,10.0,70.0
25121.8,23157.42,2484.75,486.11,5.023,7.967,14.22,10.0,90.0
41931.76,15313.12,1366.86,1356.74,4.525,3.97,5.0,10.0,86.88
45998.47,24319.61,4406.55,827.18,4.66,2.046,15.45,10.0,77.84
15165.27,4274.83,3836.64,1672.09,8.802,7.707,6.68,10.0,86.0
62497.65,14639.32,5606.42,1034.48,5.102,9.11,16.26,10.0,90.0
89590.91,20155.0,7615.87,1324.62,9.416,0.553,15.13,10.0,67.7
23656.86,13612.98,1569.4,1214.22,1.563,8.613,5.0,10.0,90.0
63802.72,3185.59,8015.69,1294.43,2.875,4.435,12.5,10.0,90.0
69826.53,14989.26,749.75,498.69,6.6,2.962,5.0,10.0,77.14
47740.12,15681.71,4709.47,777.91,2.903,0.488,14.46,10.0,70.04
73098.78,18489.02,6080.59,148.73,3.538,2.135,32.03,10.0,71.43
46965.84,19269.08,9591.49,1195.89,9.02,3.395,17.73,10.0,74.06
55417.36,19498.54,5952.27,945.55,5.432,0.8,16.12,10.0,68.5
10661.77,16922.67,2008.12,1533.4,3.413,1.969,5.0,10.0,80.4
72254.81,6179.47,5416.65,452.45,7.789,7.395,20.98,10.0,83.81
69520.84,10701.66,4259.95,901.78,0.8,6.9,13.86,10.0,90.0
13456.08,19627.12,5053.88,402.45,5.68,7.721,21.44,10.0,84.63
43142.51,23882.25,2372.42,1247.26,1.087,1.736,5.42,10.0,90.0
98112.87,2894.73,5257.86,1703.66,1.851,0.526,7.36,19.67,70.49
47866.29,13852.88,1925.38,1542.61,0.718,4.739,5.0,10.0,90.0
55175.09,8500.53,7568.41,1891.19,9.027,3.494,12.76,10.0,71.43
91893.71,6409.45,6142.11,1944.87,0.577,7.79,7.35,10.0,90.0
74553.57,13139.46,1246.01,1555.47,5.213,5.434,5.0,10.0,89.11
62386.31,15546.14,8951.34,609.27,2.327,9.319,24.31,10.0,90.0
81802.42,1234.53,6355.61,477.56,3.898,0.706,20.41,16.65,68.75
87792.96,19724.96,3503.02,922.72,4.987,3.7,11.41,10.0,83.84
51119.93,20677.17,933.6,1988.07,4.556,4.112,5.0,10.0,89.68
52759.75,24172.26,6506.15,854.7,7.506,1.346,16.95,10.0,71.12
44744.58,5335.45,4047.68,438.18,9.128,5.872,18.47,10.0,76.56
97003.55,15269.26,9122.37,1891.47,3.073,0.498,13.12,10.0,69.96
72744.96,11239.01,831.34,802.54,0.343,7.156,5.0,17.27,90.0
17490.08,9035.87,871.47,1397.25,8.95,0.471,5.0,10.0,67.45
87666.37,14575.2,9518.34,1586.9,9.79,8.747,15.02,10.0,85.2
53250.39,19777.19,9666.3,1694.15,4.39,0.744,14.97,10.0,68.98
16187.85,1553.27,763.55,1651.5,4.612,4.618,5.0,16.39,89.94
59474.55,24265.6,7302.32,1680.68,1.527,1.638,11.49,10.0,87.03
47544.79,20437.16,2604.2,1351.92,4.808,1.418,5.77,10.0,73.48
88997.45,19027.69,7163.23,837.47,3.103,7.24,18.86,10.0,90.0
28359.51,19249.3,8752.96,1351.21,9.944,7.765,15.72,10.0,81.2
84381.81,10337.46,1457.9,1681.63,1.93,7.418,5.0,10.0,90.0
60191.98,19038.89,2768.28,733.75,3.848,4.1,11.44,10.0,89.21
14914.93,10282.49,728.74,628.19,6.203,9.909,5.0,10.0,90.0
97466.08,22568.96,916.38,720.23,3.517,3.466,5.0,10.0,89.38
56135.37,5253.34,781.37,1125.0,4.797,2.528,5.0,10.0,78.15
36178.92,8016.34,8106.48,152.27,9.737,9.965,33.64,10.0,72.67
52246.62,14232.1,3333.78,1568.99,5.13,9.775,6.46,10.0,90.0
87207.2,8661.06,5185.51,320.76,9.112,5.959,24.01,10.0,75.03
37441.28,11181.69,7984.52,309.04,0.527,2.169,27.87,10.0,81.78
27340.88,12818.14,5201.96,435.44,1.286,2.461,22.03,10.0,88.41
21616.41,21552.48,4577.36,1175.01,9.451,5.257,12.23,10.0,78.92
36807.35,13556.61,609.95,606.86,1.374,7.783,5.0,10.0,90.0
80204.33,9699.04,5896.38,767.78,7.392,0.867,17.2,10.0,68.39
52446.37,6945.67,1685.06,1866.72,4.515,6.908,5.0,10.0,90.0
30473.34,10808.22,7764.16,1702.04,4.127,1.121,12.77,10.0,70.95
24956.65,13377.67,2948.51,1711.77,6.626,8.457,5.21,10.0,90.0
39945.65,18906.76,6904.78,1176.4,7.303,5.368,15.16,10.0,80.46
94593.19,3905.17,6639.12,1739.61,9.326,9.898,9.85,10.0,86.55
40872.4,6318.62,6358.42,1568.2,2.643,7.555,11.68,10.0,90.0
98931.17,10111.7,3036.04,1908.81,7.011,5.023,5.0,10.0,84.7
53670.74,9649.56,3037.35,175.52,3.489,1.498,24.94,10.0,72.95
26124.75,10401.95,8698.96,106.02,7.204,5.47,37.58,10.0,69.42
90202.61,20044.51,621.67,391.31,1.507,1.233,5.0,10.0,86.57
51431.98,8779.71,2224.47,1861.72,4.63,9.061,5.0,10.0,90.0
73870.42,13045.56,6296.62,1230.85,1.918,2.378,13.64,10.0,89.3
98534.04,15973.77,8261.94,880.92,3.431,8.667,20.0,10.0,90.0
14515.78,6572.29,3904.28,1049.79,7.185,3.109,12.32,10.0,75.27
18702.51,18248.69,6707.71,1667.73,2.41,2.297,11.64,10.0,85.92
74841.11,14130.67,5792.99,1861.76,6.88,3.112,9.29,10.0,73.68
35364.25,11722.75,1113.13,1472.91,5.01,7.105,5.0,10.0,90.0
26587.13,20434.82,6406.63,1531.7,1.011,5.3,12.96,10.0,90.0
13542.57,6843.89,8232.08,674.74,3.928,1.164,21.9,10.0,70.58
11966.2,22196.22,9928.26,960.72,8.705,1.457,20.63,10.0,69.73
79703.7,14465.17,781.58,1776.16,9.894,3.847,5.0,10.0,73.76
22099.01,15620.2,6770.55,1582.57,3.752,3.452,12.12,10.0,84.76
52094.86,22001.42,4438.22,1384.33,0.643,8.532,10.29,10.0,90.0
64530.71,20621.98,592.98,177.23,1.389,5.765,10.41,10.0,90.0
48551.66,15437.49,6336.43,127.04,7.903,1.948,34.07,10.0,68.58
12439.6,19076.5,1663.06,304.3,6.592,0.381,15.29,10.0,67.29
80515.14,11399.67,4096.39,1183.71,2.922,1.113,10.43,10.0,75.43
10946.19,14137.07,2982.99,1095.95,3.974,7.034,8.31,10.0,90.0
78570.09,2489.68,3931.05,1888.25,8.13,8.486,5.0,10.0,90.0
90397.4,3156.59,5180.61,1404.78,4.19,7.847,10.21,10.0,90.0
48955.59,20906.21,3912.49,623.25,7.582,7.92,15.86,10.0,87.29
58198.82,2432.12,5750.95,364.92,3.023,2.684,21.26,10.0,78.75
52928.51,5065.58,2767.17,1706.59,7.276,9.892,5.0,10.0,90.0
45028.78,20099.98,6535.94,946.27,4.717,0.955,15.86,10.0,68.39
89868.21,1027.5,8610.75,1324.27,5.499,8.229,13.48,10.0,89.79
90454.02,7777.7,2628.64,1152.03,6.027,1.058,6.15,10.0,67.52
40223.47,15016.93,5324.83,259.54,4.561,2.749,25.88,10.0,75.11
65356.28,15290.8,6662.55,161.26,4.715,5.005,32.34,10.0,74.35
93421.68,19651.67,5863.95,785.19,2.731,0.628,16.34,10.0,68.6
96585.26,13142.23,3973.67,755.02,9.859,4.002,14.29,10.0,73.97
55806.31,13225.64,6600.9,1363.91,9.068,3.566,14.2,10.0,73.99
50754.23,18407.45,768.34,1282.79,5.321,6.507,5.0,10.0,90.0
35082.49,12966.99,4014.11,1939.43,0.443,7.208,6.04,10.0,90.0
96298.47,15603.79,5559.82,1723.29,1.767,0.996,9.54,10.0,78.22
22853.29,22546.58,695.83,1018.34,8.554,0.477,5.0,10.0,65.62
62184.66,10634.82,5322.66,1025.05,9.315,7.781,13.56,10.0,83.58
35429.52,10243.0,6715.42,1364.55,1.697,5.327,13.13,10.0,90.0
35110.75,1085.18,7712.47,272.48,7.372,5.393,26.95,10.0,73.12
46447.17,15722.23,1577.05,1999.79,6.268,9.809,5.0,10.0,90.0
99891.36,1714.53,9910.37,1061.68,3.104,4.434,17.47,10.0,87.73
14946.97,13099.56,6258.59,1824.31,4.417,2.042,10.44,10.0,75.3
62068.76,20301.61,3950.34,1936.34,6.805,6.838,6.43,10.0,87.88
17431.49,14198.11,2866.38,1184.2,1.103,8.175,7.75,10.0,90.0
23906.87,7471.27,5942.52,251.53,1.972,5.073,26.78,10.0,83.66
49560.66,19868.04,8876.26,1168.02,0.43,6.949,16.2,10.0,90.0
55941.41,7473.21,5445.37,1215.4,9.032,5.188,12.98,10.0,79.71
33291.32,18592.76,6783.98,1588.93,5.782,4.133,12.42,10.0,80.27
38481.14,15646.2,3898.12,144.05,5.282,0.439,28.01,10.0,67.59
17827.03,5079.91,4187.45,959.31,7.092,1.82,13.5,10.0,69.72
37289.78,22723.21,3218.66,1849.4,9.885,4.85,5.56,10.0,78.3
96990.26,5815.45,7203.55,1983.03,1.805,4.026,9.83,10.0,90.0
95023.66,24750.09,3912.28,423.2,1.418,8.445,19.3,10.0,90.0
40139.05,1175.45,2311.81,1747.67,3.018,1.174,5.0,24.65,73.94
61376.85,7323.6,4009.31,335.19,9.049,0.596,21.76,10.0,66.3
91863.59,5796.65,8611.36,1690.29,4.173,0.963,11.67,10.0,70.78
10556.54,1335.84,7513.39,590.69,7.956,6.813,21.47,10.0,79.72
82961.52,18576.83,3679.09,1921.27,2.109,5.985,5.94,10.0,90.0
95353.26,17642.22,9114.69,1406.22,4.987,6.359,17.06,10.0,87.99
18219.32,20016.42,1210.91,828.27,1.362,1.654,5.0,10.52,90.0
24530.29,7160.77,972.66,597.9,4.188,5.212,5.0,10.0,90.0
96467.17,11664.04,1710.97,508.71,2.697,7.7,10.53,10.0,90.0
58378.61,16818.72,1606.32,1377.55,5.539,6.87,5.0,10.0,90.0
11277.7,11554.44,1334.43,1796.79,7.826,4.443,5.0,10.0,77.86
33186.88,17735.82,6782.75,1522.14,9.39,1.125,13.45,10.0,66.47
50494.93,16215.36,6208.0,1677.84,2.91,8.719,11.42,10.0,90.0
72361.8,3751.55,6652.25,1573.7,7.457,5.309,9.79,10.0,81.52
75984.43,19745.03,7039.48,1959.34,8.867,8.908,10.96,10.0,88.88
99587.94,18296.23,7690.36,1527.72,1.336,4.443,14.15,10.0,90.0
35876.01,16740.03,2468.18,459.95,5.901,2.446,14.97,10.0,71.81
58439.81,4722.25,6411.88,1593.62,6.157,3.143,11.33,10.0,76.12
57999.12,7431.91,6010.46,678.04,2.797,4.24,18.44,10.0,86.45
46508.07,10436.25,9464.77,1991.81,0.323,6.181,12.96,10.0,90.0
25224.57,7718.31,2707.49,784.51,2.641,7.712,10.71,10.0,90.0
97971.09,6467.45,1057.87,620.95,5.889,2.502,5.0,10.0,75.64
86798.55,20328.58,6708.2,516.47,2.045,1.958,22.58,10.0,80.88
54849.97,16317.57,7531.64,1334.1,2.945,2.106,15.71,10.0,79.63
64292.09,14571.33,3190.36,262.98,7.108,9.352,21.55,10.0,87.5
30453.49,6422.87,5923.06,1909.44,4.043,1.723,9.12,10.0,75.43
58940.84,23033.84,1065.59,623.91,0.748,3.523,5.11,10.0,90.0
72547.31,5588.39,9620.43,626.03,4.052,4.91,22.45,10.0,82.95
56365.03,20078.82,1544.29,139.83,9.998,5.606,20.13,10.0,76.81
99125.67,24200.14,1141.92,529.73,2.684,8.595,6.85,10.0,90.0
65020.75,18450.23,919.05,867.01,2.726,1.218,5.0,10.0,75.65
43387.63,24828.61,4559.08,770.73,1.782,1.169,15.57,10.0,78.99
79493.68,16625.23,1423.02,582.39,2.789,3.232,8.31,10.0,90.0
25341.63,6219.05,7574.16,129.45,5.79,4.191,34.97,10.0,70.65
44606.42,5891.67,9039.3,636.13,9.65,3.8,22.37,10.0,69.77
41226.31,8789.54,2972.08,1567.75,6.116,3.98,5.82,10.0,81.53
48862.64,1171.12,6473.34,905.64,4.157,8.529,14.9,10.0,90.0
80360.18,17360.76,902.22,617.01,3.957,8.383,5.0,10.0,90.0
53575.57,7448.03,4172.36,644.34,0.34,8.074,16.02,10.0,90.0
81461.3,20564.4,3282.95,1131.15,0.125,7.577,9.73,10.0,90.0
61884.0,9620.14,2671.88,639.47,7.992,0.5,12.49,10.0,67.92
40786.25,12518.96,6624.87,1280.05,4.953,1.579,13.72,10.0,72.17
82898.09,24176.53,1737.17,1979.44,0.429,7.349,5.0,10.0,90.0
31446.07,6812.13,8676.75,130.29,2.932,5.989,36.7,10.0,71.71
30194.47,18310.1,6815.94,379.04,3.631,6.772,25.32,10.0,83.38
55405.26,19122.83,7251.98,399.26,7.855,7.198,24.58,10.0,78.18
33476.43,6303.96,9385.77,921.79,4.4,9.123,20.37,10.0,90.0
10817.83,13023.92,9452.54,130.77,7.914,6.388,37.84,10.0,70.27
68346.78,9404.85,5740.7,981.17,6.374,2.828,14.7,10.0,74.87
55998.44,19525.75,5206.11,1861.4,0.428,0.922,7.87,14.17,90.0
50096.6,15939.6,3686.13,72.55,9.69,4.378,34.5,10.0,71.48
97027.17,12423.59,7297.93,761.63,1.896,7.128,19.93,10.0,90.0
61407.93,19704.72,5612.98,1533.74,2.829,2.891,10.8,10.0,84.83
87708.84,6643.73,9362.31,351.26,8.112,1.289,27.47,10.0,67.02
22550.52,19086.93,2766.95,201.24,1.979,9.988,22.88,10.0,90.0
61228.58,21768.98,3447.4,1280.02,4.071,4.247,8.46,10.0,87.63
88118.17,22086.92,3502.86,69.4,8.663,2.242,34.22,10.0,70.6
62479.52,19808.17,8156.99,1613.45,6.409,1.729,13.72,10.0,69.55
74621.28,10792.34,1440.88,180.36,3.091,8.642,17.23,10.0,90.0
43483.92,24563.39,4828.67,1072.49,6.476,8.214,13.21,10.0,88.75
18320.46,10110.25,4562.02,1493.25,8.145,6.172,9.77,10.0,84.73
51211.03,16327.01,1194.83,521.92,4.099,5.517,5.82,10.0,90.0
45503.15,4865.78,4402.57,251.9,5.76,9.519,23.78,10.0,82.14
88035.42,24530.77,5377.09,392.46,9.88,2.36,22.28,10.0,70.33
31959.58,17895.66,1118.49,1716.63,9.649,4.212,5.0,10.0,74.38
97006.08,19081.06,5343.69,1426.27,5.139,0.344,10.54,10.0,66.36
96232.43,2578.64,9612.76,436.29,1.052,4.244,24.69,10.0,86.0
32286.85,19322.03,9799.69,1446.44,7.037,3.904,17.53,10.0,78.97
41324.68,19593.36,5550.96,1431.81,2.759,9.5,11.73,10.0,90.0
90600.02,17122.55,5393.42,1995.56,6.728,3.647,8.52,10.0,77.77
96996.0,8005.83,3212.33,813.53,3.582,8.364,10.91,10.0,90.0
49909.52,12752.56,9972.6,1736.46,7.216,7.689,15.55,10.0,87.43
38889.73,3650.42,3105.18,920.56,3.736,1.558,9.92,10.0,74.43
57348.46,12318.09,4802.56,1800.63,9.418,9.631,8.25,10.0,86.89
71899.23,6851.77,527.87,228.62,1.453,6.347,6.71,12.94,90.0
34612.71,9378.33,3817.71,391.86,0.777,6.006,20.32,10.0,90.0
76282.59,4902.41,1178.68,1707.41,7.834,0.216,5.0,10.0,67.05
14649.16,6521.3,7566.34,1647.64,4.073,7.022,13.19,10.0,90.0
14436.5,2837.65,5829.64,645.6,4.709,0.651,19.53,11.35,68.89
44765.89,23077.63,5935.63,1213.76,9.345,1.935,13.46,10.0,68.31
41812.59,13729.86,3221.86,796.26,5.94,1.076,10.44,10.0,69.81
38406.99,10521.81,8241.51,70.12,6.636,3.844,41.51,10.0,66.56
54191.78,13840.7,531.07,100.9,0.293,7.978,14.51,21.53,90.0
38866.02,16079.04,3669.21,155.8,6.738,7.103,27.05,10.0,77.22
27303.21,23125.09,6765.23,1208.44,3.945,1.156,14.78,10.0,69.53
37852.26,5288.63,9125.26,594.49,4.656,8.005,24.06,10.0,84.95
97741.38,8093.26,2728.85,330.7,8.1,4.662,17.58,10.0,78.01
47000.21,24418.94,5640.45,1885.21,5.286,0.423,10.19,10.0,67.19
50024.15,9908.63,5610.92,286.57,9.87,2.316,25.8,10.0,68.35
61889.05,1541.48,8804.66,1364.26,7.988,7.873,14.11,10.0,84.61
98500.67,4543.44,979.91,1793.61,7.313,7.36,5.0,10.0,86.97
31744.11,1632.13,4532.52,369.47,5.928,1.965,19.95,10.0,72.27
71315.39,24758.16,2233.42,468.72,4.183,0.476,13.69,10.0,69.2
74438.62,7692.9,704.56,1168.94,0.623,3.022,5.0,24.18,90.0
64659.2,23165.03,1896.79,1041.47,0.283,7.97,5.0,10.0,90.0
17972.05,24901.27,9776.47,1066.0,0.563,9.39,18.95,10.0,90.0
70918.5,15396.19,2541.06,1131.62,9.592,5.772,7.13,10.0,81.96
15768.52,1796.71,9382.79,1902.31,3.3,1.002,13.77,10.79,72.94
63652.84,2958.2,2449.92,154.98,7.036,5.071,20.66,10.0,75.78
76562.31,12558.14,9347.3,1532.87,5.984,9.988,15.11,10.0,90.0
28987.29,10748.13,6718.9,503.39,5.76,9.393,21.62,10.0,86.64
85745.98,15548.26,1575.58,778.67,5.834,9.933,5.68,10.0,90.0
12731.84,11532.35,6028.19,224.12,3.093,7.024,28.25,10.0,80.39
85943.16,23417.84,3525.88,918.97,8.877,4.318,11.63,10.0,77.86
51429.61,13833.75,4139.95,1618.23,9.2,8.942,8.13,10.0,85.43
29582.91,17649.43,4681.62,242.54,6.481,8.962,26.72,10.0,80.78
22040.03,22515.65,4515.72,587.43,8.653,1.529,17.86,10.0,68.01
95797.65,4524.93,6809.03,777.47,0.694,7.776,17.16,10.0,90.0
16539.9,6513.63,7799.5,252.6,1.094,9.201,29.0,10.0,80.24
27918.41,3575.65,3627.19,1536.52,5.635,8.995,6.96,10.0,90.0
41304.01,4351.32,9281.46,1584.55,8.48,7.098,14.32,10.0,84.1
65821.14,13302.02,9415.43,1680.0,3.223,5.42,15.1,10.0,90.0
59032.1,8708.3,886.56,1188.6,5.526,7.79,5.0,10.0,90.0
21307.91,11156.15,641.63,1039.12,0.199,5.21,5.0,32.47,90.0
36075.52,24579.76,4538.13,561.98,9.868,3.28,18.57,10.0,72.44
31487.66,4760.9,6111.13,1327.56,7.693,2.663,12.87,10.0,72.88
29218.86,13979.49,3140.1,916.9,3.678,5.453,11.29,10.0,90.0
47002.99,3372.91,2964.43,1943.01,9.832,4.614,5.0,10.0,76.09
73362.83,8643.91,6944.17,1937.95,1.015,5.293,10.38,10.0,90.0
29570.76,13660.62,6216.19,1815.15,4.695,2.681,11.18,10.0,75.93
43001.1,23719.16,2087.9,752.17,0.683,5.947,8.86,10.0,90.0
45182.57,10389.48,8902.76,767.55,3.416,6.655,20.95,10.0,88.29
97881.09,2557.76,6959.77,1712.71,2.272,8.088,10.37,10.0,90.0
95919.97,10315.87,3944.47,1471.81,3.234,5.941,7.3,10.0,90.0
82012.38,4497.79,6994.43,1423.5,9.479,7.585,11.55,10.0,83.55
31749.3,6519.75,1570.2,595.24,4.329,1.777,8.47,10.0,75.08
16123.36,15834.17,4948.43,1675.03,3.316,1.299,9.22,10.0,75.03
38521.37,2618.17,2105.35,1179.87,6.444,1.878,5.0,10.0,72.76
34011.51,12153.37,893.6,921.39,6.865,8.478,5.0,10.0,90.0
55533.32,15627.08,3714.1,1737.57,9.839,5.606,6.54,10.0,81.18
79995.51,11124.6,1931.99,818.71,5.506,4.608,7.11,10.0,82.94
87249.06,1459.03,6518.42,1325.16,7.55,7.645,11.07,10.0,87.2
86037.77,24652.46,6903.64,958.52,3.883,1.328,17.23,10.0,72.18
42370.8,9810.78,1912.58,1205.84,1.793,0.161,5.0,10.74,69.59
71851.09,19685.85,733.82,129.07,4.355,3.179,14.01,10.0,81.75
38155.08,8815.52,8031.7,949.17,4.246,2.564,17.17,10.0,77.51
15481.5,12400.4,519.54,1135.16,4.264,3.143,5.0,10.0,86.29
73140.87,10323.13,3767.17,1010.8,6.985,9.738,11.76,10.0,90.0
10884.48,9220.94,5198.54,1702.45,4.119,5.721,11.01,10.0,90.0
46826.43,1524.43,8277.1,656.69,9.546,5.932,19.09,10.0,75.87
39644.13,9640.5,8466.31,1773.95,9.829,6.591,14.25,10.0,80.7
72403.98,22347.76,7386.92,836.75,5.281,4.037,19.39,10.0,82.83
78962.09,17569.44,2848.38,1404.33,5.629,9.792,5.7,10.0,90.0
37368.52,4490.15,7341.78,219.11,4.136,9.735,31.07,10.0,78.02
83046.43,15187.72,2842.12,440.3,3.62,7.716,16.24,10.0,90.0
36452.51,22413.54,2538.78,1534.27,9.855,2.196,5.0,10.0,73.36
50169.37,17800.82,5697.72,74.04,0.503,8.814,36.74,10.0,69.95
75431.67,4568.43,6949.12,1938.63,4.16,1.099,9.13,10.0,71.4
72362.82,21827.98,1003.99,421.73,1.598,6.336,7.45,10.0,90.0
98863.16,8237.06,1070.21,1807.54,7.29,4.626,5.0,10.0,82.59
30264.49,11897.83,7949.62,1056.09,2.025,0.488,16.98,10.0,69.74
69608.61,13627.43,8665.22,1150.92,8.858,9.049,16.91,10.0,85.68
64871.37,21412.16,6242.19,214.06,3.807,9.615,28.94,10.0,77.92
92358.86,23358.58,4573.87,762.18,9.18,9.083,16.76,10.0,87.47
24072.59,23311.67,8530.51,354.63,9.867,2.005,27.01,10.0,67.79
77661.83,1190.9,7423.76,1075.57,7.735,3.397,15.43,10.0,74.1
61144.18,23125.32,6006.14,1123.93,6.269,9.562,13.69,10.0,90.0
34719.93,2305.29,3537.69,1433.85,1.584,1.154,6.05,20.84,82.88
52699.14,7378.57,2380.95,1762.64,9.337,5.875,5.0,10.0,83.1
40039.89,13359.71,4477.39,962.95,7.791,4.907,12.9,10.0,81.21
62138.21,12518.22,3224.81,505.05,2.952,1.604,16.29,10.0,77.7
90010.05,15513.04,3722.96,700.46,4.738,8.877,13.9,10.0,90.0
61237.45,12506.71,5398.5,1701.83,0.77,1.428,9.05,10.0,90.0
66855.02,23425.02,2106.39,334.43,6.624,5.968,15.74,10.0,82.22
56687.31,6773.17,8158.68,1273.15,1.34,3.25,15.3,10.0,90.0
14604.9,7576.59,1882.53,75.52,6.55,4.238,28.0,10.0,73.78
30957.27,23097.71,5069.44,529.06,6.748,2.192,19.44,10.0,73.08
54280.16,2841.75,7586.73,1203.25,3.314,6.284,14.77,10.0,90.0
37921.18,15629.46,5107.7,940.0,9.492,9.888,14.46,10.0,86.26
26358.72,17361.66,3929.71,1012.42,7.812,8.352,11.86,10.0,87.16
55371.96,13133.0,5011.47,1338.1,5.018,6.864,10.75,10.0,90.0
39052.88,17661.57,8562.37,507.44,9.194,7.588,24.26,10.0,77.12
33229.69,5146.11,9909.1,597.57,8.573,8.409,23.69,10.0,80.26
51758.69,21463.17,6495.86,1384.69,6.953,4.778,13.94,10.0,81.56
21995.58,4360.62,8037.72,1099.67,1.614,5.714,16.72,10.0,90.0
93497.12,10619.5,637.64,78.44,5.021,8.965,17.45,10.0,89.48
88093.19,2806.18,8863.46,1357.14,8.658,6.99,14.44,10.0,81.75
73685.85,14085.07,9563.47,1259.18,6.128,1.447,17.07,10.0,70.48
19559.24,17073.9,5964.11,203.28,5.501,7.817,30.01,10.0,76.67
79828.95,23589.32,7661.15,1507.66,9.557,0.325,14.99,10.0,66.15
82716.16,18744.07,5371.08,1068.1,0.264,8.491,13.43,10.0,90.0
79098.82,13986.47,3218.94,449.26,0.219,7.904,17.32,10.0,90.0
20256.93,23382.81,8596.36,1140.74,8.939,8.324,17.08,10.0,82.72
67951.72,12482.48,6169.95,1211.14,0.482,0.334,13.77,22.66,81.7
85089.23,14468.94,6004.14,1844.23,3.392,9.727,10.38,10.0,90.0
61961.81,15306.36,6761.76,1497.18,9.248,6.18,13.03,10.0,80.97
68176.66,10839.51,8632.03,638.75,6.942,8.02,22.46,10.0,82.26
51252.71,21123.58,7453.11,280.36,6.517,5.709,28.96,10.0,75.27
57583.66,5444.22,2505.68,1713.71,6.604,3.464,5.0,10.0,80.06
13093.92,14316.21,4934.82,1699.83,3.245,3.032,9.24,10.0,87.84
67506.67,18333.6,9812.83,391.85,5.352,0.792,27.54,10.0,65.43
17330.25,22695.43,5768.33,171.16,6.337,5.471,30.52,10.0,72.87
49151.31,22214.04,9413.33,1438.14,3.127,1.522,15.74,10.0,75.21
36338.96,13209.77,8227.01,1459.03,7.974,5.718,15.33,10.0,82.92
59088.52,16435.87,6827.22,395.43,3.285,6.287,24.53,10.0,85.24
22007.47,10461.71,3818.97,1353.01,0.807,4.477,8.39,10.0,90.0
72247.91,12236.27,3391.03,593.9,2.094,1.648,15.59,10.0,83.21
81551.04,22750.38,6612.5,558.2,4.143,4.384,21.35,10.0,86.05
24701.9,23336.9,4609.33,682.81,9.09,8.799,16.17,10.0,85.66
19388.18,22489.94,8088.16,1064.77,4.216,4.635,18.14,10.0,84.73
23096.39,4320.9,7724.34,1618.69,0.989,3.493,14.02,10.0,90.0
88941.48,21402.02,3465.24,1022.36,2.045,6.335,9.52,10.0,90.0
57537.03,23760.73,7175.92,631.18,5.49,6.227,21.59,10.0,82.85
52053.49,9669.99,5198.23,1773.75,1.859,0.997,9.23,10.0,78.2
19604.06,13447.51,3571.27,157.43,0.733,2.441,27.55,10.72,83.56
68460.04,19698.29,4423.18,1604.33,7.177,4.995,8.66,10.0,81.33
88119.96,14489.88,9005.84,1579.54,7.865,3.727,15.09,10.0,74.3
84536.73,24843.6,3915.42,544.42,8.521,3.268,16.87,10.0,72.77
66344.92,11937.12,3230.29,436.68,8.455,4.513,17.68,10.0,76.54
16775.08,18134.63,3842.17,1755.67,3.855,2.974,6.43,10.0,85.18
20115.73,20022.19,2538.88,1139.8,7.371,3.54,7.43,10.0,75.37
14437.81,12858.41,5674.03,139.72,5.877,7.759,32.22,10.0,72.43
33173.13,21567.61,1900.65,1787.12,0.331,5.151,5.0,11.39,90.0
22209.53,14107.71,8265.72,730.56,4.076,8.741,20.51,10.0,89.13
33404.32,10879.62,2643.01,717.21,0.624,9.491,11.44,10.0,90.0
44655.23,3587.77,6181.52,1304.41,0.925,9.229,12.68,10.0,90.0
94868.45,10441.93,1687.74,1339.56,0.654,2.612,5.0,15.13,90.0
64933.85,18614.47,9795.3,738.97,9.613,4.782,22.68,10.0,73.17
85147.64,23110.87,4818.47,329.39,8.458,5.397,22.89,10.0,74.13
73931.64,7040.31,8310.63,1126.93,4.447,8.537,16.41,10.0,90.0
20125.28,9525.65,7802.15,1269.1,2.555,5.634,16.08,10.0,90.0
76232.84,4695.06,7280.08,1727.43,0.817,2.602,10.22,10.0,90.0
34758.9,17577.35,8359.97,994.66,4.369,5.521,18.16,10.0,87.58
67519.71,24044.52,1454.4,1309.11,6.043,0.538,5.0,10.0,67.85
40686.58,16382.85,6945.72,156.1,7.991,8.358,32.95,10.0,73.46
99790.5,15809.84,3025.36,1794.32,0.61,5.703,5.0,10.0,90.0
33719.63,14283.76,7965.78,688.07,4.237,6.552,21.03,10.0,85.65
35121.74,3122.94,9590.25,1282.83,9.771,2.089,17.55,10.0,70.85
93760.5,18508.09,9064.15,1836.3,1.295,5.626,13.98,10.0,90.0
12218.0,15449.19,1592.05,1630.53,4.063,5.353,5.0,10.0,90.0
72702.01,16875.44,4010.75,1293.52,2.823,6.234,9.75,10.0,90.0
75279.38,22571.47,3961.07,1422.04,1.427,8.489,8.42,10.0,90.0
85274.07,19815.06,1661.81,1845.76,8.406,7.669,5.0,10.0,89.0
97699.54,19741.97,1432.2,1633.58,7.001,5.514,5.0,10.0,84.93
97804.17,23252.41,4156.46,1239.23,4.174,8.945,10.75,10.0,90.0
15874.91,24758.44,9924.68,1334.47,3.754,3.648,17.25,10.0,85.7
83965.54,14950.79,5904.96,337.17,8.295,4.976,25.1,10.0,73.76
68167.89,3613.16,6406.93,966.83,0.999,6.529,15.12,10.0,90.0
68260.79,12019.12,4974.68,636.95,1.554,4.464,17.25,10.0,90.0
21551.49,19902.43,6792.14,892.34,9.075,3.678,17.04,10.0,73.95
68516.84,1665.41,9588.29,1341.38,8.19,1.213,15.55,10.0,68.54
98423.43,2365.3,6092.63,340.84,7.771,6.395,23.17,10.0,77.51
92063.67,2611.79,1117.87,83.88,6.277,2.007,20.65,10.0,71.44
49521.76,18544.86,5182.46,824.0,2.995,1.469,16.23,10.0,77.19
13595.32,13028.0,9931.14,678.26,9.354,1.903,22.51,10.0,69.28
42606.41,9853.55,4180.33,869.84,4.97,6.916,13.71,10.0,90.0
84375.13,3534.81,6141.87,1865.88,2.878,1.47,8.43,10.0,77.91
73134.92,18573.77,1513.05,1428.81,3.719,9.765,5.0,10.0,90.0
51340.93,8704.48,1841.21,688.54,0.267,7.61,7.85,10.25,90.0
14959.14,7367.78,8809.47,399.59,2.626,3.988,26.84,10.0,80.43
48420.53,16655.66,3353.27,1256.03,1.961,5.973,8.19,10.0,90.0
52212.24,14416.26,3401.79,1332.27,1.442,0.176,8.55,10.0,67.69
93570.0,9697.86,4178.52,993.06,0.418,8.461,11.92,10.0,90.0
67697.75,16395.7,9681.55,464.88,2.346,2.785,25.94,10.0,78.05
38048.76,7509.32,1301.71,105.68,1.125,0.812,21.14,19.28,79.03
57278.64,20075.93,8278.26,568.04,0.547,7.605,23.61,10.0,90.0
15944.98,6503.65,3744.8,941.48,1.459,3.363,12.4,10.0,90.0
97531.14,4812.1,8569.95,1586.47,2.104,5.719,13.61,10.0,90.0
42405.39,19778.55,9921.68,1714.82,4.218,8.456,15.01,10.0,90.0
53008.06,17989.41,3812.34,855.22,5.879,7.782,12.38,10.0,90.0
41975.56,5383.34,1728.89,1602.44,3.29,3.435,5.0,10.0,90.0
71426.06,3789.9,1871.57,1987.04,1.498,8.7,5.0,10.0,90.0
69600.89,21121.58,7708.04,1447.39,9.409,3.95,14.11,10.0,74.49
74379.01,19638.36,1876.75,1470.77,5.197,5.05,5.0,10.0,88.67
34132.89,8854.18,2974.0,1823.6,7.445,6.163,5.0,10.0,86.93
38410.16,16796.74,2441.78,709.38,6.975,0.803,10.87,10.0,71.28
21272.61,3979.84,3878.95,71.85,2.92,6.012,34.51,10.0,72.24
68995.9,13169.14,1206.48,1974.61,5.643,5.816,5.0,10.0,90.0
13581.74,1449.53,8639.05,1006.41,6.061,8.748,18.08,10.0,87.31
63791.41,10398.45,8671.39,1582.07,3.583,3.601,15.28,10.0,85.77
88272.63,2796.23,4422.86,1634.36,6.741,2.498,8.14,10.0,73.31
90174.89,12403.53,6314.83,825.16,7.928,4.817,17.07,10.0,76.81
50413.4,11120.36,6598.54,1105.48,3.706,6.905,15.97,10.0,90.0
51337.33,11665.24,7617.95,1102.84,0.248,5.663,17.24,10.0,90.0
16927.23,2087.95,5446.56,479.42,3.558,1.468,21.01,10.37,72.34
70368.85,9678.79,5348.19,279.4,1.256,3.544,25.99,10.0,84.07
83913.35,19155.61,6497.39,1109.97,1.641,0.731,15.38,10.0,76.14
32018.95,9853.94,7178.96,284.28,3.723,7.419,28.27,10.0,79.62
47917.08,18164.13,3793.56,724.87,2.155,8.841,14.33,10.0,90.0
85495.54,9867.49,3638.52,412.86,9.355,0.552,18.57,10.0,67.25
88940.84,11157.75,3062.32,1428.49,6.563,5.302,6.59,10.0,85.07
31886.2,14533.41,5714.04,1750.42,5.232,5.703,10.41,10.0,88.52
59551.36,23816.37,3921.48,1176.93,0.196,4.444,9.85,10.0,90.0
27324.38,3612.65,5632.98,849.8,1.126,5.077,16.37,10.0,90.0
19169.09,1789.93,4356.86,1993.45,7.906,7.133,6.0,10.0,88.45
92000.85,15590.97,8448.97,91.36,3.958,4.889,38.83,10.0,71.37
83845.68,23778.33,1194.74,643.47,0.55,9.205,5.74,10.0,90.0
78403.14,24753.36,5936.0,593.41,8.273,5.455,19.43,10.0,78.69
14388.97,12619.94,5968.43,744.6,3.096,0.811,17.9,10.0,72.55
85935.59,12233.96,4145.31,499.66,3.924,9.538,17.57,10.0,90.0
49423.97,16479.13,4499.7,565.31,9.746,1.553,17.72,10.0,69.04
40815.56,14335.23,8101.25,552.47,0.254,7.866,24.43,10.0,90.0
59182.87,16218.11,3166.4,1036.2,7.241,5.316,9.2,10.0,83.07
18221.79,21975.99,8778.34,812.56,9.494,7.435,20.56,10.0,81.2
78098.19,18911.35,9015.26,1296.6,0.732,5.183,17.4,10.0,90.0
62419.16,12925.06,6680.88,1053.08,8.674,0.684,16.1,10.0,68.39
26793.11,12084.75,7842.15,407.67,4.221,3.812,25.54,10.0,75.06
26940.9,16350.44,6323.0,1629.59,8.792,6.245,11.37,10.0,82.71
26582.38,11936.95,5489.96,970.78,3.152,6.326,15.31,10.0,90.0
15130.21,11986.7,9683.44,348.8,9.828,9.733,28.66,10.0,78.34
62901.86,1391.34,3185.22,375.42,6.506,6.103,17.65,10.0,83.88
85631.34,5177.54,1964.43,1604.09,6.308,2.936,5.0,10.0,76.41
11574.84,12724.33,3231.11,1420.84,8.078,0.53,7.94,10.0,69.75
14410.42,20743.68,6338.94,1037.73,4.422,7.905,16.12,10.0,90.0
61549.32,7689.45,2259.24,646.86,2.661,8.904,10.95,10.0,90.0
83754.61,13543.44,9133.73,948.02,2.703,6.175,19.37,10.0,89.55
39406.5,9279.09,4404.73,1291.14,3.373,4.876,10.29,10.0,90.0
41465.3,3515.3,8574.65,1764.6,6.212,8.624,12.7,10.0,89.69
63671.18,23999.16,2867.75,1133.94,8.4,2.48,8.49,10.0,71.9
34679.16,21512.17,3475.1,589.63,5.046,4.047,15.61,10.0,81.09
12394.75,2883.82,1062.62,133.34,4.094,5.126,16.95,10.61,85.01
76170.57,18274.89,2948.79,392.14,7.959,0.589,16.74,10.0,67.73
66308.49,9341.92,5157.98,1317.85,2.968,6.917,11.5,10.0,90.0
62268.04,24876.4,9488.3,362.85,6.921,1.967,28.53,10.0,71.15
76751.57,8257.56,4194.58,989.0,1.147,3.398,11.96,10.0,90.0
70770.78,6729.72,6577.57,1412.96,1.221,4.203,12.47,10.0,90.0
28529.38,14629.37,4563.25,651.04,6.476,6.421,16.35,10.0,85.15
41723.29,21043.03,944.52,1354.76,0.919,0.748,5.0,11.51,83.47
21349.91,5620.45,5283.56,1183.09,1.635,3.475,12.92,10.0,90.0
21687.13,18025.67,1126.18,905.93,6.281,2.816,5.0,10.0,76.22
70857.62,2473.76,8895.15,1799.63,4.438,0.115,11.22,14.0,67.41
87274.01,23054.43,7653.85,1399.51,5.657,6.947,14.98,10.0,87.28
96645.93,2945.8,4097.19,753.16,9.772,2.436,12.98,10.0,70.55
66551.24,22941.55,6582.08,1618.32,6.356,1.748,12.52,10.0,72.99
26569.12,12779.37,1564.27,1489.3,5.949,8.0,5.0,10.0,90.0
19508.53,11754.19,7174.27,1593.78,3.863,0.488,12.75,10.0,68.14
83156.59,24359.37,8315.96,1299.86,6.346,9.012,15.92,10.0,90.0
62088.08,24769.22,8306.58,789.77,0.229,6.9,20.44,10.0,90.0
65645.65,16604.28,3200.64,729.73,5.617,1.8,12.21,10.0,73.76
80331.59,4050.86,3005.59,1325.6,0.782,3.566,5.62,11.42,90.0
73294.95,13148.08,5453.28,305.26,2.28,9.505,23.6,10.0,87.83
85101.24,13699.91,9693.84,1648.83,5.675,6.227,14.57,10.0,85.88
15059.25,13346.71,9244.97,772.15,6.713,6.126,20.68,10.0,79.75
77276.86,14667.8,3916.57,1279.23,3.909,6.565,10.09,10.0,90.0
86576.75,1449.39,7908.38,1023.17,4.248,4.681,15.86,10.0,85.66
35752.15,18069.45,9252.52,1062.69,5.03,1.756,18.46,10.0,74.5
67640.25,18097.46,2978.8,1489.11,7.615,1.594,5.95,10.0,71.75
38274.59,3771.27,8387.81,1272.01,0.275,6.904,15.94,10.0,90.0
96217.4,14685.75,3045.01,538.1,4.526,8.851,14.18,10.0,90.0
13008.12,14640.67,3761.18,194.74,0.241,3.072,25.75,12.03,88.11
62181.36,17378.81,2388.8,1688.46,3.26,5.084,5.0,10.0,90.0
24985.32,3049.54,5317.26,1775.54,5.247,9.923,9.94,10.0,90.0
74099.82,16036.08,8511.45,370.77,0.891,2.646,27.49,10.0,83.9
25830.13,7738.05,5516.5,653.48,4.904,3.963,18.55,10.0,81.54
31184.49,13168.07,1672.68,600.57,9.253,3.699,9.28,10.0,74.54
54493.37,19559.77,2891.87,1878.02,6.885,0.423,5.0,10.0,67.67
92335.15,17935.5,5847.19,449.32,7.844,5.144,21.55,10.0,76.35
29054.29,3853.67,6040.28,374.75,5.846,2.166,23.37,10.0,70.4
22981.6,15188.43,5980.61,404.59,8.974,1.373,23.66,10.0,68.46
78307.91,24258.8,1231.53,1473.24,1.554,7.133,5.0,10.0,90.0
55055.76,4762.47,7660.11,1781.64,4.553,7.681,11.31,10.0,90.0
92060.66,21469.77,9139.57,817.07,6.011,8.9,21.48,10.0,84.71
23195.31,17861.15,5349.93,315.36,8.747,9.348,24.57,10.0,79.77
68133.51,19576.08,7328.88,1192.16,3.149,8.704,15.63,10.0,90.0
30959.12,7767.0,9183.15,459.37,0.111,1.313,25.28,12.47,90.0
24108.44,7909.33,6604.92,175.1,9.747,2.314,31.21,10.0,70.02
71508.65,22744.47,6906.09,1778.15,0.357,1.313,11.51,10.32,90.0
63431.62,9635.97,7353.34,1748.14,1.608,3.6,11.77,10.0,90.0
77934.47,2512.37,2974.77,1953.02,4.278,1.328,5.0,11.03,71.23
37851.63,15414.32,6035.44,974.31,5.014,6.567,16.63,10.0,87.16
50317.45,3995.62,8500.66,623.3,8.361,7.195,22.24,10.0,76.74
46492.45,20118.31,3313.55,1551.08,4.533,1.68,6.46,10.0,75.08
98568.05,16401.91,9023.12,401.97,5.52,6.254,26.14,10.0,79.4
36302.41,21993.44,6393.63,524.42,2.08,0.328,20.8,10.0,67.13
36533.55,19836.09,4520.16,548.58,5.735,4.4,18.03,10.0,82.03
41909.34,3690.73,6420.24,1905.66,3.549,2.925,8.63,10.0,87.05
60813.47,10145.7,4317.67,1473.15,1.077,9.985,8.89,10.0,90.0
32709.05,19589.45,8461.34,310.7,9.47,9.236,27.63,10.0,74.72
92376.09,11016.2,5082.03,231.05,0.909,1.561,26.42,10.0,80.94
33911.7,24336.77,9061.53,1693.49,6.811,9.182,14.61,10.0,90.0
90623.42,18657.77,5343.18,1614.43,9.091,4.246,10.14,10.0,77.82
19312.76,1372.0,6773.5,1358.44,1.874,5.809,13.03,10.0,90.0
69090.64,22119.66,9978.57,432.4,2.447,5.384,27.06,10.0,80.7
91628.7,3419.31,1896.18,986.55,4.324,7.289,5.0,10.0,90.0
25187.45,4372.57,7498.93,1225.32,3.016,3.416,15.68,10.0,87.08
97149.43,18627.82,1819.29,1867.67,7.614,0.79,5.0,10.0,68.3
50759.5,21759.25,8469.23,380.38,3.448,4.235,26.0,10.0,78.32
95114.36,13872.39,6166.31,1055.12,9.86,5.491,14.52,10.0,77.82
70913.8,7937.19,9412.52,357.62,8.602,5.594,27.83,10.0,71.62
37142.82,9431.57,8726.59,915.51,8.964,7.947,20.26,10.0,82.27
26947.23,9229.34,1211.28,440.26,0.73,0.538,8.58,25.93,84.46
37336.15,8840.27,1804.37,1680.56,1.845,9.882,5.0,10.0,90.0
18371.57,6829.83,6211.12,546.74,1.777,9.907,21.32,10.0,90.0
22948.12,15612.81,5423.99,863.35,6.752,1.08,16.36,10.0,67.18
19419.44,22609.73,2101.37,845.19,0.218,3.506,7.49,17.14,90.0
48064.92,8369.98,1728.91,1739.28,8.084,5.944,5.0,10.0,85.28
81602.05,5480.66,5857.91,1527.71,5.516,3.796,10.51,10.0,83.38
22724.52,21125.86,964.75,162.27,5.706,4.927,16.06,10.0,80.74
21728.84,18802.8,8800.49,180.82,5.42,3.327,34.46,10.0,71.81
67908.61,23340.09,8167.29,1124.83,5.4,7.15,17.6,10.0,86.15
27746.47,4972.47,7961.01,884.05,2.059,3.704,18.46,10.0,90.0
18784.9,4462.03,651.97,587.39,2.903,4.356,5.0,11.98,90.0
25016.37,13994.31,952.59,1595.61,4.927,5.801,5.0,10.0,90.0
93135.83,15746.41,5723.47,300.84,6.811,9.695,25.86,10.0,81.83
83932.41,12524.16,9947.04,1949.41,2.792,6.454,13.62,10.0,90.0
41865.81,15375.2,3752.0,97.0,8.081,1.06,30.8,10.0,67.63
69023.87,5329.11,3771.56,280.55,8.125,3.257,21.32,10.0,73.12
58354.81,12510.73,1775.64,657.07,2.811,4.255,9.04,10.0,90.0
70941.18,16794.22,6906.19,1042.84,5.645,7.428,15.59,10.0,88.96
71440.4,11384.95,6643.43,471.47,3.554,4.524,22.68,10.0,84.11
66586.06,17306.74,1462.56,1485.62,1.988,6.625,5.0,10.0,90.0
33949.12,11828.59,4940.42,747.21,8.079,8.411,16.81,10.0,85.83
13510.58,9006.39,6837.21,125.15,9.916,1.133,33.67,10.0,67.28
51001.01,8286.52,5188.4,1761.56,5.701,7.681,9.72,10.0,90.0
90187.65,10861.65,6906.45,1890.54,9.148,7.481,10.53,10.0,84.86
61254.75,1554.15,8254.57,1256.2,6.457,8.215,14.27,10.0,87.67
84915.19,17044.6,7015.25,1622.75,5.701,9.565,12.97,10.0,90.0
99246.19,21282.54,6353.09,286.17,4.853,3.165,27.51,10.0,74.47
24725.46,9511.05,8609.11,574.2,2.434,4.347,23.46,10.0,85.97
72259.99,2104.8,9055.59,684.2,0.934,2.701,20.06,10.0,90.0
70686.42,24682.61,4194.42,1923.47,4.479,3.338,6.41,10.0,83.73
98195.99,7328.76,2145.87,1048.83,5.657,3.365,5.25,10.0,78.43
98704.07,4038.91,8269.67,64.46,5.144,8.711,39.71,10.0,70.69
71801.08,9874.06,2530.65,791.36,6.986,0.723,9.97,10.0,69.4
31925.33,18725.37,9325.03,65.11,2.002,2.107,43.06,10.0,68.64
81870.03,8054.0,717.34,513.72,3.607,6.145,5.0,10.0,90.0
19632.62,14792.88,9252.08,936.67,4.214,7.675,19.86,10.0,90.0
80262.94,10973.44,6097.24,680.62,1.947,7.004,18.53,10.0,90.0
91917.65,3826.34,7860.05,113.83,9.074,0.561,34.52,10.0,68.73
44455.01,8926.89,4285.68,276.85,6.847,4.593,23.36,10.0,74.03
66757.18,18396.89,9921.3,1124.23,1.009,1.926,18.11,10.0,88.48
48712.85,15688.09,2661.74,1406.43,7.157,9.883,5.69,10.0,90.0
49398.85,3874.68,3011.26,838.87,5.523,9.989,9.99,10.0,90.0
37933.38,4919.74,988.61,1476.39,5.287,0.604,5.0,10.0,68.51
78591.67,16377.6,9434.5,368.5,9.899,6.71,27.8,10.0,74.29
94255.89,20521.97,4832.28,288.01,6.22,8.149,24.2,10.0,81.78
94667.58,9387.39,6911.1,1686.93,8.978,3.315,11.39,10.0,73.28
25730.32,15287.46,7030.69,711.47,9.144,6.967,19.78,10.0,78.29
88726.93,5095.45,8807.77,892.88,1.104,1.958,17.82,10.0,87.49
76368.83,8473.03,6816.79,1897.78,0.183,1.367,11.11,14.59,90.0
32755.37,1486.48,5839.2,877.02,4.409,9.26,14.46,10.0,90.0
16055.62,19438.62,7248.03,56.81,7.716,6.461,42.37,10.0,67.0
34119.75,10624.24,7634.22,1879.05,8.26,8.188,11.38,10.0,85.14
92098.74,20587.01,2266.32,77.53,7.896,5.374,28.64,10.0,73.28
66986.08,18000.95,1541.84,1341.46,4.528,1.632,5.0,10.0,75.2
74894.92,20889.86,1211.06,679.64,7.525,3.829,5.0,10.0,78.35
33143.71,7855.81,4053.51,967.26,7.216,8.828,12.33,10.0,88.49
74744.93,5442.61,5231.0,1117.21,3.207,0.255,12.47,10.0,66.87
12530.94,24325.74,6348.67,846.5,1.77,2.151,17.06,10.0,89.34
43778.92,18215.87,9601.33,1560.02,6.252,2.608,16.13,10.0,73.79
66407.8,21017.01,3642.48,1864.88,6.803,2.704,5.3,10.0,73.45
23148.69,1315.2,7728.3,218.5,5.723,1.076,28.98,10.56,68.53
84070.32,9507.08,5547.9,1610.49,2.21,8.497,10.24,10.0,90.0
31152.82,18827.6,2590.85,300.91,2.839,1.679,18.18,10.0,76.33
68705.3,2871.59,6345.4,206.54,7.114,8.314,27.32,10.0,75.83
46467.74,14616.16,9688.17,1913.87,9.63,3.615,14.78,10.0,75.17
63643.92,11297.75,1680.93,1004.13,9.454,4.627,5.0,10.0,75.74
19670.55,1422.8,5319.16,347.58,5.245,4.682,22.34,10.0,79.6
11522.15,6663.41,990.28,1161.42,8.877,7.16,5.0,10.0,87.06
91860.8,7835.01,3551.55,563.31,0.392,7.34,14.81,10.0,90.0
34266.7,3684.64,6395.73,955.4,8.625,6.443,16.04,10.0,82.35
83770.93,16156.89,8490.04,1268.09,4.814,7.76,16.4,10.0,90.0
99941.53,6817.55,7438.12,1745.08,7.837,0.182,10.83,10.0,65.96
29028.81,7662.87,4897.14,56.01,0.155,5.098,38.51,10.0,72.88
33865.37,22557.73,9137.62,467.57,8.699,5.288,25.01,10.0,75.35
69657.38,12210.95,3375.79,237.73,5.99,2.469,22.49,10.0,75.75
96890.38,10411.08,7662.84,239.34,2.478,5.608,30.22,10.0,75.67
92423.29,18372.9,5003.09,1894.27,3.54,4.725,8.25,10.0,90.0
55258.8,22830.73,9037.04,1875.36,2.087,4.774,13.37,10.0,90.0
81559.93,1600.87,8075.61,1511.15,4.302,1.273,11.81,10.0,72.42
22217.13,11757.73,9063.96,1303.97,3.367,4.409,17.39,10.0,87.23
97969.44,15658.75,2535.35,1703.54,5.392,7.688,5.0,10.0,90.0
96791.79,8645.51,6847.43,163.9,8.166,4.159,32.2,10.0,72.62
24735.61,19537.79,7515.4,283.0,9.825,4.926,28.78,10.0,70.43
36948.08,24315.45,7552.94,668.37,2.589,9.678,21.4,10.0,90.0
19013.95,23642.26,5288.0,1673.36,1.154,8.731,10.79,10.0,90.0
34454.58,7383.58,606.88,970.85,4.017,9.294,5.0,10.0,90.0
83436.02,6432.12,2983.59,1031.97,1.521,0.869,7.84,12.77,77.81
44048.4,23979.77,3571.36,497.07,8.359,6.224,17.85,10.0,82.34
17955.73,12007.08,8594.35,1314.36,5.061,2.312,16.67,10.0,75.09
40800.3,5999.15,8488.42,1781.29,6.238,4.102,12.94,10.0,81.16
98324.5,17967.93,1494.46,692.55,1.591,6.83,7.01,10.0,90.0
66671.52,7826.09,9523.44,1257.41,7.521,5.831,17.95,10.0,81.52
47454.49,7413.93,2233.35,697.3,9.738,5.107,8.72,10.0,76.69
24988.47,22101.98,4436.41,1595.8,4.876,8.163,8.21,10.0,90.0
98755.91,4899.5,2543.99,976.17,9.628,6.858,5.91,10.0,82.52
83876.41,2545.43,8673.16,711.96,0.444,8.228,20.07,10.0,90.0
35332.96,7460.47,7619.32,869.1,0.454,9.326,19.09,10.0,90.0
16306.18,15566.69,3858.52,227.89,9.604,7.149,24.79,10.0,74.77
15096.3,3954.11,6977.85,1738.93,7.033,4.014,12.38,10.0,78.65
20834.03,12318.27,2251.49,1918.23,1.968,2.207,5.0,10.0,90.0
62269.17,16056.09,4131.82,980.96,3.702,2.782,11.76,10.0,82.92
93588.71,21369.69,4082.52,481.61,5.127,4.027,19.04,10.0,80.83
54706.91,6516.87,2760.4,1346.08,7.056,7.427,5.91,10.0,88.58
85865.09,20616.31,8824.96,932.14,8.436,0.498,19.99,10.0,69.91
50129.8,6637.75,6949.03,541.99,0.918,8.161,21.49,10.0,90.0
73772.52,17242.4,3159.42,124.94,6.6,7.606,27.39,10.0,77.39
75868.55,11336.17,2800.15,1784.92,4.819,5.044,5.0,10.0,90.0
25656.73,3752.35,670.56,1603.63,6.016,4.057,5.0,10.0,81.79
42509.45,18142.32,3792.53,1666.56,5.134,1.216,7.63,10.0,71.81
67357.19,6226.3,5504.33,907.69,4.562,2.968,15.24,10.0,78.62
16362.69,5238.96,3138.25,1518.85,2.135,1.185,5.96,12.77,78.7
42538.62,9599.75,7154.35,1183.39,4.776,8.207,15.8,10.0,90.0
58131.95,16678.97,4411.62,780.81,1.978,5.142,15.23,10.0,90.0
99660.2,6615.92,3505.02,1693.35,0.542,2.543,5.0,12.71,90.0
52708.02,5407.88,9421.05,1997.58,3.801,0.279,12.77,10.0,67.91
83445.11,1238.89,2996.61,1803.6,0.347,5.287,5.0,10.0,90.0
48886.06,12319.43,4283.45,1563.57,5.669,7.546,9.18,10.0,90.0
81675.17,11287.49,4131.76,1507.64,0.817,7.688,8.42,10.0,90.0
63587.33,6612.83,2791.38,1317.99,4.432,2.223,6.08,10.0,78.31
89793.59,2287.65,2566.03,1714.55,9.803,9.951,5.0,10.0,88.14
46984.83,11302.14,3372.61,1011.51,0.198,5.731,10.45,10.0,90.0
64387.4,19916.92,8710.24,404.37,3.732,3.387,25.88,10.0,76.78
66701.68,18166.77,7787.29,1547.7,6.765,3.989,13.61,10.0,77.15
47564.46,21659.08,6969.5,1843.04,1.673,1.332,10.36,10.0,84.33
22988.08,1229.98,4842.48,715.64,5.651,4.984,14.38,10.0,85.08
18420.35,24194.06,5323.66,1576.82,2.656,7.558,10.78,10.0,90.0
11500.44,9193.89,3037.82,583.76,2.305,4.153,13.88,10.0,90.0
88618.08,24769.55,1206.0,1888.07,8.96,8.682,5.0,10.0,88.09
31282.74,7062.87,3644.89,1382.75,2.112,4.82,8.47,10.0,90.0
29035.61,12316.87,5208.05,1160.09,3.828,9.016,14.33,10.0,90.0
76243.19,9494.26,1044.47,1570.75,1.779,7.062,5.0,10.0,90.0
38801.45,9538.26,1338.22,1635.8,2.91,0.645,5.0,10.0,71.47
55544.02,21214.77,2998.74,1790.12,3.002,0.763,5.0,10.0,72.25
24626.0,18914.05,3987.26,1807.18,3.335,8.021,7.0,10.0,90.0
96377.11,24811.63,4236.51,152.75,6.447,3.633,28.72,10.0,73.53
86642.33,15724.35,1619.92,289.67,7.452,1.974,14.55,10.0,70.44
87741.07,12118.16,2645.3,1660.82,5.156,8.667,5.0,10.0,90.0
46609.64,3161.77,2985.65,1894.8,6.144,9.835,5.0,10.0,90.0
78612.51,24917.47,1142.53,649.96,8.151,8.107,5.0,10.0,88.64
22948.85,14236.74,3597.95,66.77,9.996,7.279,33.97,10.0,72.27
10775.71,17811.46,1186.1,679.28,4.619,0.109,5.0,10.0,65.43
11797.56,10761.82,7182.85,796.59,9.371,1.149,18.61,10.0,66.3
62794.16,14145.18,4167.45,1534.02,4.955,6.742,9.0,10.0,90.0
50985.54,23621.87,3604.15,142.79,7.842,4.155,27.59,10.0,74.3
56621.38,4994.07,1701.96,464.65,5.775,0.293,10.92,10.0,66.15
10671.68,8016.94,2651.78,1793.24,8.852,7.435,5.0,10.0,85.5
48041.8,4649.43,2710.7,351.9,4.542,4.246,17.2,10.0,85.0
74626.13,20013.18,9859.44,1530.53,6.989,6.622,16.33,10.0,86.25
49842.43,2489.09,8435.82,754.56,4.717,4.737,18.71,10.0,83.23
75899.73,2959.16,644.99,1342.19,8.585,0.362,5.0,10.0,67.59
30971.71,8163.86,6359.95,194.0,9.944,6.396,29.57,10.0,74.05
83182.78,13340.52,2931.15,608.79,2.509,7.902,13.19,10.0,90.0
62958.81,10750.6,1491.58,878.34,4.796,1.644,5.0,10.0,74.22
28968.68,2075.59,7203.2,1721.56,0.904,8.922,10.96,10.0,90.0
31304.84,23979.8,1750.25,1148.82,1.496,1.897,5.0,10.0,90.0
66522.74,23868.87,4715.54,138.19,9.299,4.286,30.34,10.0,72.71
84694.56,7704.55,6505.57,1613.64,5.482,5.319,11.34,10.0,87.37
47406.5,18556.61,5767.7,156.32,4.012,3.207,30.67,10.0,72.71
33247.04,14885.81,9787.48,1872.01,6.748,5.055,14.25,10.0,82.77
88031.04,6699.44,7964.55,462.85,5.646,7.212,23.87,10.0,81.4
70234.15,7292.12,7854.84,1001.46,2.958,7.173,16.48,10.0,90.0
50327.69,12787.68,3878.16,190.95,2.343,9.231,26.03,10.0,86.75
53911.02,11061.69,579.76,1145.34,5.943,8.635,5.0,10.0,90.0
28383.08,7989.5,7476.9,1019.6,1.964,9.853,17.22,10.0,90.0
66412.24,20380.28,9997.45,849.98,1.478,5.994,21.21,10.0,90.0
42286.83,12555.11,4355.85,119.37,3.252,4.065,31.57,10.0,75.59
99608.07,16716.35,9862.43,1763.93,8.627,2.477,14.33,10.0,69.86
53216.52,5542.56,1846.23,1615.14,0.465,2.515,5.0,22.68,90.0
53729.7,13804.18,3316.87,1284.41,8.349,1.594,7.19,10.0,70.36
60926.66,8631.43,2121.91,1165.85,6.248,7.294,5.08,10.0,90.0
92508.04,13633.93,5014.17,1405.15,0.5,6.577,10.9,10.0,90.0
82073.63,19739.82,8071.32,330.78,6.06,2.994,27.32,10.0,71.62
50601.71,19453.92,3736.29,1868.66,4.318,8.932,5.49,10.0,90.0
74682.93,9501.3,9109.17,605.11,8.427,5.568,23.19,10.0,78.75
62761.19,17662.65,5675.89,1330.16,9.081,0.783,12.53,10.0,66.73
54313.03,23590.96,4921.53,1233.17,2.936,0.708,11.35,10.0,67.66
27308.42,16016.06,7976.84,1291.4,7.863,1.518,14.78,10.0,71.55
51754.26,4561.84,1463.71,1763.96,3.167,2.192,5.0,10.0,83.03
32123.67,17313.01,7850.65,627.03,3.027,8.886,21.16,10.0,89.41
92335.79,3517.71,2808.04,1510.45,2.007,7.807,5.0,10.0,90.0
40186.61,21930.65,3167.72,1216.86,6.817,2.097,8.2,10.0,74.74
95703.76,13399.85,6194.81,198.32,2.691,2.56,29.65,10.0,75.55
57974.98,10243.38,9068.38,857.6,4.702,6.404,20.2,10.0,87.08
66838.99,2368.16,5994.87,1684.01,8.14,8.728,9.2,10.0,88.54
58864.64,10138.81,6665.02,664.93,7.94,3.236,20.01,10.0,74.1
21644.26,22676.96,7877.65,990.41,8.569,5.302,18.14,10.0,80.15
43823.91,1503.59,2963.59,1002.85,1.695,8.915,7.45,10.0,90.0
18923.15,12391.56,8358.72,1255.12,5.91,7.729,15.89,10.0,89.45
66065.86,23347.79,4470.62,1773.83,9.157,8.926,7.27,10.0,87.7
50218.68,10476.18,2168.73,388.4,0.516,2.853,14.49,16.15,90.0
80018.65,11276.22,3826.12,1034.0,7.966,6.94,11.65,10.0,83.81
29842.34,14885.44,2838.25,877.32,2.538,1.229,11.3,10.0,77.2
24810.95,12110.5,2672.78,627.04,6.73,6.2,12.8,10.0,86.35
46569.9,5046.44,3184.35,1843.24,7.202,3.11,5.0,10.0,75.51
93392.68,1445.33,2218.84,65.93,9.263,7.045,29.07,10.0,75.14
73937.96,15635.48,6843.17,288.1,5.137,1.505,28.11,10.0,70.6
47703.13,23099.36,6009.92,1480.02,8.497,6.689,11.64,10.0,80.82
56554.5,3552.74,6660.2,563.71,0.549,7.114,20.89,10.0,90.0
17579.17,6062.87,3765.38,1460.2,4.263,8.586,8.93,10.0,90.0
98611.83,9885.51,7812.47,1672.89,4.451,6.902,12.15,10.0,90.0
69976.66,20409.81,1731.28,546.5,5.429,5.276,9.4,10.0,89.47
35686.37,7462.25,5925.8,424.29,4.865,7.863,24.15,10.0,86.6
62722.76,22169.31,3116.8,333.34,9.683,2.916,19.84,10.0,71.6
19853.41,2318.99,5512.29,440.17,0.878,6.807,21.26,10.0,90.0
96925.3,23582.96,3574.55,571.01,2.724,7.273,15.84,10.0,90.0
25730.65,14457.93,8009.86,1744.06,9.689,3.986,13.56,10.0,75.3
68322.73,16810.66,8967.08,1551.51,4.508,9.891,15.55,10.0,90.0
32090.9,9824.55,7554.52,53.6,5.754,3.625,43.56,10.0,70.65
74580.52,19767.86,2168.05,1754.53,0.902,0.936,5.0,10.0,88.44
79913.92,4997.59,3111.24,203.68,2.912,3.104,21.81,10.0,78.86
70607.78,2173.88,9233.9,1327.77,0.493,1.084,14.66,13.94,90.0
65304.95,10492.41,4653.59,345.38,1.461,3.459,21.89,10.0,89.27
90322.22,21488.7,9441.21,171.44,6.37,1.366,34.19,10.0,71.54
17076.4,19118.24,4228.29,1531.55,7.66,4.451,8.71,10.0,78.49
39782.33,13411.74,9541.86,961.05,8.714,7.802,20.01,10.0,81.82
32345.87,14731.31,9294.52,1218.17,2.589,0.768,16.85,10.0,71.66
98921.26,4117.43,6775.01,879.44,3.395,5.675,16.75,10.0,88.98
45045.08,21176.36,583.86,180.99,5.737,0.534,9.75,10.0,66.75
75935.14,19887.03,4303.18,1492.26,0.928,8.858,8.65,10.0,90.0
71625.26,16755.29,9156.73,1649.68,8.087,9.222,14.73,10.0,89.53
29087.31,12188.58,8908.55,130.77,4.885,4.974,35.4,10.0,69.79
31509.79,24147.02,2280.18,782.65,9.659,7.715,9.42,10.0,81.82
35315.61,22096.77,4292.23,1136.77,1.261,5.97,10.99,10.0,90.0
47001.46,16466.33,8437.34,1230.11,1.42,3.473,15.67,10.0,90.0
31089.26,9923.22,5989.84,1177.4,3.551,2.527,14.1,10.0,81.87
11768.63,15832.53,8549.34,1401.23,2.147,7.61,15.74,10.0,90.0
89145.38,14810.58,8352.39,1935.29,6.996,4.357,13.45,10.0,81.63
96904.88,10461.81,9121.08,811.64,9.473,9.21,20.64,10.0,83.25
40741.33,8360.18,1613.6,1135.42,0.99,9.759,5.0,10.0,90.0
40465.62,10768.26,1879.54,1413.2,2.498,2.183,5.0,10.0,86.31
10638.26,14773.87,1286.69,1205.23,2.455,5.655,5.0,10.0,90.0
71222.56,11275.24,9385.05,804.16,5.14,5.416,21.14,10.0,82.89
84289.59,7325.79,5014.04,1266.95,4.575,8.694,11.1,10.0,90.0
23194.75,19263.12,1111.09,1317.72,7.296,6.941,5.0,10.0,90.0
24369.97,13755.22,3554.53,1190.69,7.353,6.113,9.02,10.0,83.76
81107.49,2624.2,3838.42,449.97,5.77,6.822,16.89,10.0,83.31
65466.17,9839.6,8190.82,1036.66,5.951,3.956,17.21,10.0,76.09
14037.45,22237.92,7487.03,1774.5,8.439,9.607,12.82,10.0,89.77
66029.23,19125.68,7049.18,1743.77,4.03,0.67,12.21,10.0,69.09
37802.6,8757.92,707.7,1514.04,0.222,0.388,5.0,86.05,90.0
43185.26,23516.4,9151.61,1409.53,2.209,4.214,15.95,10.0,90.0
79275.83,2838.47,2547.78,348.89,0.45,1.63,15.93,29.71,90.0
82984.17,24069.63,6476.08,945.96,3.996,5.494,16.7,10.0,88.53
46032.1,6896.92,1087.28,266.36,3.643,0.189,11.92,10.0,64.95
95243.76,1218.26,1274.5,1643.7,1.076,4.651,5.0,22.73,90.0
46581.64,11411.39,590.98,617.53,7.575,3.02,5.0,10.0,75.87
79465.24,9615.29,5876.31,1545.39,5.575,2.103,10.99,10.0,74.06
53548.95,13938.14,6479.11,1638.43,2.334,4.502,11.8,10.0,90.0
90777.91,20122.55,979.39,1790.37,7.615,8.56,5.0,10.0,90.0
91698.51,21218.34,3259.61,1519.97,6.713,6.588,6.47,10.0,88.18
17867.51,10629.52,8588.82,1151.22,1.997,1.683,17.55,10.0,80.22
94284.4,11316.3,1462.43,1216.46,9.831,5.039,5.0,10.0,77.13
84298.14,4556.27,2557.2,675.14,1.857,9.324,9.84,10.0,90.0
81217.96,2141.14,4531.72,395.14,7.74,4.448,18.84,10.0,75.32
28082.02,16389.16,8501.6,304.74,9.686,4.758,28.65,10.0,73.35
82460.73,2546.5,2921.07,404.95,7.282,9.419,15.23,10.0,86.38
86511.95,18611.92,9972.8,1871.21,6.691,1.445,15.44,10.0,73.02
36023.53,13938.16,3874.99,370.64,9.043,7.377,19.63,10.0,82.85
95703.41,5765.99,4171.26,1461.29,2.764,3.062,7.2,10.0,88.98
14487.41,13948.55,1660.01,410.03,2.844,8.672,12.78,10.0,90.0
23491.83,5391.95,6961.88,1951.82,6.447,0.638,11.21,10.0,67.4
58382.3,11529.69,2812.92,764.84,8.833,9.905,11.07,10.0,90.0
61821.32,20189.45,6474.24,853.67,6.212,7.709,16.64,10.0,86.85
68063.51,12086.06,2620.0,838.8,9.773,2.915,10.45,10.0,72.6
11527.22,4568.78,4184.79,1642.1,2.307,7.632,7.81,10.0,90.0
96433.01,18371.89,8638.38,475.67,8.276,9.237,24.52,10.0,80.53
14012.93,5482.44,7519.61,1670.5,9.28,1.218,13.11,10.0,69.22
22875.58,18725.2,1968.61,1331.26,4.327,9.144,5.0,10.0,90.0
11261.31,12504.45,6273.23,479.55,9.624,3.666,22.5,10.0,74.38
61017.26,11889.8,6472.09,177.54,2.101,0.164,30.87,10.0,68.15
93904.02,21434.44,1360.4,1561.24,9.533,1.213,5.0,10.0,70.01
69935.24,18006.48,4925.15,476.98,9.038,8.859,20.21,10.0,82.32
84039.17,1789.86,2976.35,1783.68,0.755,9.828,5.0,10.0,90.0
11195.31,8108.18,4937.74,303.08,5.261,8.964,24.22,10.0,87.49
58781.38,21902.1,7882.17,1251.91,5.336,4.471,15.48,10.0,82.9
51360.67,1439.83,2003.47,1399.73,0.664,9.618,5.0,10.0,90.0
54907.11,14086.08,1671.39,1332.52,0.491,4.128,5.0,12.81,90.0
16499.19,18467.82,3058.51,666.26,0.15,1.226,13.0,30.87,90.0
71599.18,15924.55,9546.62,1757.27,5.293,3.475,14.54,10.0,79.44
55289.84,19252.77,7604.33,1551.12,4.692,9.984,13.33,10.0,90.0
78863.4,18416.6,684.83,1044.9,9.411,6.297,5.0,10.0,81.91
53676.16,17608.74,4309.55,1226.42,3.489,3.466,10.57,10.0,86.78
23444.35,20716.96,2945.28,1154.42,6.616,6.279,7.8,10.0,88.01
68343.13,16496.58,6562.37,1896.06,0.175,4.348,10.44,10.0,90.0
25514.77,10658.04,4863.28,1798.01,6.669,0.591,8.66,10.0,68.02
88515.51,12325.82,9662.74,509.22,9.143,2.091,25.97,10.0,69.13
65180.46,18201.39,2580.3,562.38,3.612,0.29,13.5,10.0,67.89
24148.35,22031.34,6084.64,1963.8,3.209,2.622,9.61,10.0,84.46
96610.43,7533.25,7152.0,511.29,6.298,7.422,21.35,10.0,84.68
56652.89,9209.84,8342.86,1909.28,3.353,2.014,11.69,10.0,79.7
16560.86,23337.75,4366.22,1317.02,4.084,5.328,10.04,10.0,89.45
66414.96,14884.28,7025.76,147.71,2.804,7.046,32.85,10.0,73.03
32787.9,5295.08,3380.41,704.67,3.514,5.532,13.42,10.0,90.0
82332.41,16928.68,4637.02,978.5,6.826,0.252,14.18,10.0,66.17
83603.99,24778.29,9008.46,1674.53,9.232,3.697,14.31,10.0,75.87
98105.26,20762.89,9524.12,690.74,5.873,4.472,21.9,10.0,77.53
55168.26,18897.79,7328.76,655.63,0.199,3.493,20.77,10.0,90.0
50946.12,5993.12,4056.34,1844.51,2.713,5.508,6.23,10.0,90.0
77812.8,22027.35,8290.55,204.12,9.527,5.18,32.69,10.0,74.82
21922.36,13618.93,745.74,1125.47,9.112,1.956,5.0,10.0,70.23
59222.4,22342.96,1476.09,1033.27,1.245,7.545,5.0,10.0,90.0
59162.28,8915.87,6783.05,161.8,9.093,1.696,32.57,10.0,68.22
18052.58,2489.23,3266.86,221.13,9.649,4.644,22.31,10.0,75.16
47618.57,12423.42,9538.17,794.84,3.313,7.587,21.74,10.0,88.45
86795.63,7476.1,4642.58,311.61,7.04,7.003,22.28,10.0,81.31
87053.83,18165.5,4578.97,982.24,5.644,4.379,13.72,10.0,82.34
18931.39,23970.56,6941.76,1237.33,3.437,7.91,14.92,10.0,90.0
18164.88,17583.38,7791.9,1398.22,1.618,7.166,14.8,10.0,90.0
33642.59,22286.41,5017.81,1115.62,3.733,3.907,13.3,10.0,88.08
88728.95,11872.58,2533.01,790.34,9.285,8.966,9.82,10.0,87.61
21601.23,19519.38,7846.43,303.03,8.131,1.505,27.6,10.0,68.47
74799.71,21233.04,3543.34,532.6,3.374,3.649,16.09,10.0,87.09
19104.91,18061.02,2163.55,867.87,5.522,7.008,7.08,10.0,89.39
66082.41,13186.65,6500.58,1852.02,4.119,8.742,10.3,10.0,90.0
42046.06,16020.79,1359.31,445.07,4.716,3.294,8.54,10.0,82.84
81002.26,17812.17,9727.85,856.02,7.636,5.656,22.13,10.0,79.51
31032.14,7074.03,6507.77,1478.0,5.476,0.217,12.72,10.0,67.62
67528.16,20429.9,9866.01,1425.15,1.892,3.771,16.96,10.0,90.0
31211.43,23807.79,3719.49,1932.91,2.763,3.376,5.22,10.0,90.0
74229.43,12165.74,9726.45,422.26,5.721,8.44,27.29,10.0,79.9
88631.02,17825.61,1882.84,82.21,6.959,0.832,27.41,10.0,67.61
21412.16,18688.62,886.6,678.53,5.13,0.715,5.0,10.0,67.4
87993.61,16893.94,813.35,341.9,6.24,4.483,7.3,10.0,82.82
63421.77,14130.76,4916.27,1119.51,7.915,4.133,13.21,10.0,77.7
21439.94,22159.55,1288.54,1802.62,5.499,1.699,5.0,10.0,72.64
48478.77,11774.24,5365.59,1392.04,9.774,2.707,11.77,10.0,72.84
24477.43,2466.47,3611.25,314.81,2.432,9.745,20.67,10.0,90.0
73031.31,21269.35,3688.48,276.38,9.205,5.181,21.81,10.0,77.43
78298.13,17175.55,6538.29,1827.33,2.552,0.97,10.0,10.0,76.78
19521.69,21382.21,2049.43,1000.84,5.363,0.592,6.04,10.0,68.11
55552.59,4325.14,7782.26,1851.16,4.613,0.515,11.07,10.0,66.93
83316.26,1738.07,6029.29,1485.62,3.792,3.951,10.02,10.0,86.21
94254.67,23424.99,9191.97,1987.03,9.631,8.67,13.7,10.0,85.0
56216.61,4545.48,3965.99,1748.89,2.796,8.346,6.73,10.0,90.0
95525.13,20431.66,9835.79,857.71,6.781,3.742,21.36,10.0,75.4
58212.01,20757.04,5970.36,1528.54,8.06,7.767,12.04,10.0,86.6
45477.14,18008.92,9747.32,968.89,2.05,7.547,19.93,10.0,90.0
86338.28,4150.29,757.08,504.49,9.734,4.882,5.0,10.0,77.34
54368.44,17017.57,7415.78,520.01,5.512,4.103,23.19,10.0,77.94
52471.23,22338.08,8257.9,824.78,9.153,1.887,20.0,10.0,71.0
54128.12,11212.76,1005.15,267.36,6.672,2.86,11.63,10.0,76.28
86210.65,10924.4,6000.21,396.64,6.529,3.453,23.28,10.0,71.94
84874.74,11628.6,8118.45,1026.19,3.521,8.146,17.42,10.0,90.0
46316.8,2974.53,5829.87,1910.15,7.729,5.574,7.82,10.0,83.36
39996.99,22408.61,1106.23,1176.49,0.395,2.089,5.0,20.68,90.0
54273.52,21860.39,7087.75,846.57,5.603,1.049,19.1,10.0,69.14
61549.53,24949.82,1075.67,523.27,0.418,5.017,5.96,12.2,90.0
31450.35,15044.4,8265.95,432.01,3.138,6.697,27.0,10.0,84.13
81455.96,19028.6,908.82,1333.89,1.053,8.207,5.0,10.0,90.0
53783.45,5864.13,1805.28,1704.23,9.125,7.993,5.0,10.0,89.72
40064.1,17020.69,3113.52,827.77,6.32,8.259,12.05,10.0,90.0
19613.89,16593.59,6516.97,1123.79,6.718,4.534,15.16,10.0,79.5
31496.06,22629.01,9775.41,1428.12,8.526,8.67,16.94,10.0,86.17
95435.31,20939.03,1619.32,163.68,7.357,4.502,20.54,10.0,77.84
37458.97,23523.2,1855.72,734.25,1.33,1.764,7.61,10.0,90.0
25197.34,21852.0,4004.27,1473.02,6.214,4.034,8.41,10.0,82.12
51460.55,21848.65,8444.08,1385.01,9.784,3.466,16.0,10.0,72.46
37637.9,2529.36,4938.69,154.03,2.22,3.983,27.93,10.0,77.42
13164.33,21303.09,3555.3,513.75,6.235,6.62,15.66,10.0,84.78
39083.07,15579.48,5831.44,1375.92,5.68,6.603,12.94,10.0,89.89
58969.78,10130.67,2974.97,579.26,3.977,2.327,14.19,10.0,78.5
59654.11,2356.35,4311.02,1638.1,9.551,3.228,6.39,10.0,72.16
42090.3,17264.17,3659.75,107.53,3.628,5.994,30.62,10.0,76.18
50257.25,8876.84,8139.34,421.18,1.027,0.933,26.64,10.29,78.01
96896.61,12226.63,9280.43,598.56,9.629,6.918,23.97,10.0,78.15
43961.36,17361.48,7715.94,1854.32,7.319,1.871,11.87,10.0,72.56
33240.41,22882.59,4671.29,1602.82,3.49,8.522,9.3,10.0,90.0
31912.03,20810.49,5291.18,1774.08,2.877,4.076,10.03,10.0,90.0
51198.82,11814.33,1688.2,908.93,9.287,2.286,5.82,10.0,71.93
78356.81,10306.8,7595.21,1654.0,2.808,6.711,12.17,10.0,90.0
28538.94,6754.71,6166.52,1714.31,5.418,5.585,10.73,10.0,86.46
73836.65,9938.24,9073.18,829.92,2.228,1.802,19.9,10.0,79.24
11903.48,3665.11,2405.81,1989.2,9.953,8.289,5.0,10.0,86.23
47703.97,24306.53,7717.4,1709.92,7.718,4.588,12.57,10.0,78.7
79827.86,14774.02,7004.38,1949.49,5.72,1.607,11.7,10.0,71.4
40485.97,4067.34,3025.53,1739.67,7.484,7.982,5.0,10.0,89.96
60736.34,9467.34,6840.1,1563.6,9.172,1.421,12.45,10.0,70.25
28448.13,14128.94,9281.55,1890.5,9.635,9.684,13.12,10.0,86.8
76779.59,13789.26,9225.14,868.65,7.882,4.474,19.93,10.0,75.73
14705.12,1852.08,7336.45,1577.5,8.506,7.309,13.23,10.0,82.88
86728.84,23820.18,956.69,465.14,4.038,4.574,6.57,10.0,90.0
27837.67,7609.02,8786.51,1478.95,3.979,1.957,15.34,10.0,73.65
88695.82,1388.43,6748.9,1581.44,8.102,7.605,9.31,10.0,87.23
41727.63,2834.66,3449.13,1447.22,7.62,2.965,5.88,10.0,74.57
75041.52,14924.68,2278.88,1707.14,9.02,6.856,5.0,10.0,86.65
38730.28,4306.85,1603.94,856.0,1.417,2.648,5.0,15.71,90.0
91532.05,2001.4,977.25,1112.3,6.939,2.487,5.0,10.38,74.59
21397.34,10111.04,7663.98,70.8,6.512,4.629,40.02,10.0,68.39
26066.78,15946.27,2740.51,334.8,8.005,8.181,18.33,10.0,84.01
54372.71,3684.16,730.4,1306.18,0.343,6.175,5.0,27.31,90.0
17374.46,8519.87,4274.07,1146.52,8.28,0.74,10.96,10.0,68.46
27638.22,11026.26,5084.77,434.8,3.332,7.365,21.38,10.0,87.87
94938.97,4827.04,2107.69,524.76,6.903,5.84,9.79,10.0,84.12
97884.07,13145.77,918.46,720.96,6.204,6.273,5.0,10.0,90.0
43863.34,3045.14,2296.69,1447.01,4.458,3.6,5.0,10.0,86.71
93095.74,2116.44,6951.48,1238.95,7.486,5.606,12.72,10.0,82.21
59034.22,13476.05,1281.31,185.66,9.616,3.782,16.3,10.0,75.38
34276.82,6949.53,5772.85,1531.88,3.302,0.907,10.91,10.0,70.04
73215.88,3288.97,1890.91,562.19,7.51,8.46,8.95,10.0,88.45
69301.16,11173.9,2359.05,1359.93,3.214,6.812,5.0,10.0,90.0
99021.28,22963.38,4234.24,290.56,8.472,6.737,22.56,10.0,77.72
33854.26,18380.62,1457.84,1995.95,4.429,2.017,5.0,10.0,77.57
70485.36,20574.78,2145.43,206.65,4.548,6.67,19.95,10.0,87.99
14682.14,21925.94,3815.05,1496.38,7.742,2.397,7.9,10.0,73.07
20228.14,24343.07,3631.86,1105.59,5.012,6.907,10.65,10.0,90.0
10352.65,19317.92,7618.08,217.58,2.74,3.402,30.54,10.0,77.13
99951.46,15601.79,1210.43,102.28,9.956,1.659,21.03,10.0,69.5
82204.63,9770.22,8674.28,757.2,6.24,9.072,21.12,10.0,84.26
80805.07,5359.44,8254.21,1614.34,6.487,1.136,12.39,10.0,67.97
55875.35,17479.84,7776.92,130.24,6.501,7.642,35.07,10.0,70.61
37006.04,24878.8,3439.04,1423.58,8.845,1.108,8.09,10.0,70.52
23613.79,12216.61,8317.38,1327.98,1.92,6.879,16.32,10.0,90.0
35620.73,18368.3,2236.62,567.8,0.686,1.193,12.26,14.92,90.0
43837.41,12882.22,1681.89,201.11,3.928,5.137,18.49,10.0,88.6
78067.91,11366.4,927.09,1834.88,5.693,1.961,5.0,10.0,74.69
58569.56,10847.33,9423.45,635.68,2.929,8.679,22.69,10.0,88.15
16973.53,13110.99,3426.1,267.2,6.923,4.075,21.42,10.0,76.66
11622.61,9805.5,9217.37,1378.96,0.832,0.253,16.41,23.91,71.59
19209.9,18970.56,3089.83,472.53,7.928,6.319,16.27,10.0,82.84
46944.88,21982.53,9121.88,977.48,7.209,4.507,19.2,10.0,77.37
93987.36,22189.25,9087.33,148.29,2.218,8.611,35.55,10.0,73.17
67366.22,6464.77,9274.92,1986.32,3.055,4.388,13.45,10.0,90.0
82164.33,22501.82,5213.46,922.86,8.089,4.17,15.73,10.0,76.02
51973.71,9197.23,8726.49,1998.26,7.756,4.596,12.05,10.0,80.07
42549.95,8423.38,9532.28,802.07,8.156,8.613,21.47,10.0,82.64
19756.03,18442.15,3583.86,728.31,3.29,5.91,13.82,10.0,90.0
88833.97,8312.71,4479.31,1833.42,9.699,6.727,7.43,10.0,82.91
80484.4,2271.19,7332.78,692.46,7.182,7.232,19.36,10.0,82.73
25130.63,9966.83,3353.42,892.41,0.745,9.381,12.51,10.0,90.0
56103.45,18315.17,7661.19,202.32,4.83,8.391,31.83,10.0,75.71
53863.73,8847.0,1201.98,1913.15,6.679,9.28,5.0,10.0,90.0
66258.24,16109.42,5473.23,216.04,1.77,3.499,27.76,10.0,79.78
95156.82,16842.87,1661.98,1553.81,9.028,2.227,5.0,10.0,70.56
62179.43,18609.66,3286.57,1100.3,7.566,2.114,9.01,10.0,71.93
58619.55,22531.13,2956.94,169.74,0.906,8.592,25.15,10.0,89.28
14529.06,11381.55,8469.85,53.32,9.141,8.323,43.84,10.0,68.48
15661.67,4994.37,2338.41,1874.33,4.103,6.539,5.0,10.0,90.0
26861.21,8654.22,8180.26,1497.24,4.579,0.723,15.51,10.0,67.85
12922.37,11372.01,8042.62,1388.55,7.853,3.249,14.34,10.0,75.94
76901.76,18133.4,5239.39,905.19,6.476,7.369,14.04,10.0,89.25
75099.73,1314.93,2721.51,515.3,4.432,2.561,12.8,12.08,79.9
22245.06,8578.85,2655.52,1375.73,2.67,6.278,5.48,10.0,90.0
85247.1,19716.22,4916.78,1236.19,5.217,5.473,12.06,10.0,87.95
23930.74,17100.58,583.69,1466.37,5.834,2.7,5.0,10.0,76.58
37105.8,18561.76,5547.83,763.3,6.346,9.35,17.46,10.0,90.0
32407.92,20483.46,9551.41,1974.5,6.09,2.642,13.49,10.0,74.84
43507.64,19797.66,1969.72,180.67,6.211,8.958,21.13,10.0,86.75
32919.74,17372.4,5946.78,205.42,4.81,5.455,29.63,10.0,76.56
54005.58,11551.88,9636.9,1837.91,5.663,1.009,15.01,10.0,68.17
46666.71,24606.36,8674.96,1313.03,2.958,8.353,16.97,10.0,90.0
98791.25,14657.76,8578.61,686.35,1.668,7.935,21.62,10.0,90.0
15033.37,5866.46,8307.57,1535.81,6.109,8.327,14.93,10.0,90.0
22796.32,8027.51,3435.72,932.91,0.565,6.418,11.44,10.0,90.0
14754.33,17645.5,8960.86,91.19,0.746,7.145,40.02,10.0,69.34
66325.71,23193.75,9442.73,1319.65,2.548,9.08,16.34,10.0,90.0
14905.83,5289.28,5210.03,524.07,2.024,1.364,20.23,10.04,76.88
85279.58,2976.32,3868.42,274.9,3.804,0.922,21.26,10.86,72.63
56074.48,22156.75,4435.18,489.28,3.776,1.338,19.97,10.0,72.61
57430.69,22966.67,3674.96,978.51,1.257,8.714,11.99,10.0,90.0
60543.51,7633.1,2517.98,147.22,2.54,5.673,24.39,10.0,86.35
25373.23,10054.86,6375.26,1772.15,0.145,1.843,10.99,12.89,90.0
27792.13,16844.51,5844.67,1141.84,3.575,1.503,13.62,10.0,75.56
38693.56,8918.32,4894.56,621.34,7.985,4.51,18.69,10.0,76.39
63414.68,22051.81,1410.53,1389.66,2.735,8.176,5.0,10.0,90.0
28910.6,3581.89,8070.48,1618.26,6.469,8.071,12.67,10.0,89.41
20469.86,1911.57,2161.87,1247.15,1.073,8.527,5.0,10.0,90.0
97310.52,6003.67,1588.34,444.86,0.222,7.713,9.09,11.7,90.0
11978.36,7866.11,6419.18,265.06,5.034,0.71,27.76,10.0,65.68
82242.77,3710.24,4287.12,1726.8,4.669,7.23,5.98,10.0,90.0
80923.16,2576.57,1068.18,507.64,1.996,5.238,5.0,14.66,90.0
36749.27,19134.59,3877.9,89.16,2.937,7.291,32.89,10.0,74.54
22206.4,4942.64,7831.91,1303.66,0.404,4.894,15.26,10.0,90.0
23106.58,22934.13,6344.87,348.13,7.998,4.887,24.94,10.0,74.46
72768.85,9831.99,3946.47,1982.39,3.083,1.349,6.39,10.0,75.4
67852.59,17094.54,2322.15,1745.98,2.273,9.062,5.0,10.0,90.0
80447.11,6409.65,6502.06,1236.47,8.066,3.809,12.13,10.0,74.85
94373.31,6767.75,8931.78,1676.04,0.489,5.866,12.69,10.0,90.0
72273.46,14793.02,6639.59,967.54,2.917,2.151,17.1,10.0,82.18
24026.64,14455.43,8222.59,1587.55,2.701,3.752,13.6,10.0,89.77
31909.84,19449.5,5454.51,1310.74,2.703,8.719,11.89,10.0,90.0
85797.44,19187.52,7320.73,105.86,0.214,2.175,37.15,10.0,72.49
28837.55,17096.51,9014.15,1900.08,9.353,2.14,13.24,10.0,71.45
16527.01,11779.13,7845.2,1728.79,8.655,2.679,12.1,10.0,72.17
73295.2,22375.37,9143.61,1909.14,4.203,5.789,14.1,10.0,90.0
46227.37,15941.88,4595.83,1476.16,4.51,5.255,9.68,10.0,89.16
92803.6,24764.76,9090.09,853.52,5.289,1.836,20.61,10.0,69.97
68522.96,20664.88,6404.89,453.62,4.835,6.95,22.86,10.0,85.33
18137.71,2063.44,8765.46,400.99,7.813,9.085,26.93,10.0,77.38
95307.09,8694.25,874.08,332.59,4.935,2.068,7.13,10.0,74.46
33270.15,14725.02,6749.6,480.19,1.969,6.762,23.21,10.0,90.0
40349.12,18315.27,8555.76,1123.74,1.258,5.905,18.22,10.0,90.0
46203.44,14208.08,2154.92,1383.3,9.191,3.356,5.0,10.0,73.89
14610.19,19867.13,6786.98,662.41,0.579,6.217,19.8,10.0,90.0
54686.39,7783.74,8337.07,1120.06,8.986,2.178,17.98,10.0,72.4
21098.66,5413.89,3235.52,715.44,6.936,8.356,13.52,10.0,88.79
46087.33,2294.0,4349.84,1408.19,4.107,0.32,7.38,15.49,67.38
41563.88,14759.53,5910.42,1977.55,1.953,5.714,8.81,10.0,90.0
79555.61,17526.39,5432.09,1393.58,3.174,3.256,11.81,10.0,87.62
82285.35,8827.59,872.3,165.11,5.346,8.825,14.15,10.0,90.0
23807.16,15726.02,1437.38,980.61,6.603,5.044,5.0,10.0,82.78
42989.61,2251.77,1454.43,1552.26,6.946,8.045,5.0,10.0,90.0
43601.78,3383.04,2991.55,1107.37,4.528,9.246,7.68,10.0,90.0
23626.94,17842.11,2835.71,1904.57,3.802,3.41,5.0,10.0,87.84
81860.82,9833.67,7551.11,156.8,7.706,8.815,33.81,10.0,73.0
73650.55,17112.02,5941.07,617.75,9.262,7.29,19.55,10.0,80.38
27134.36,20961.31,7757.77,480.4,9.153,1.171,23.77,10.0,67.6
43004.97,21462.94,1164.01,1546.86,5.561,1.129,5.0,10.0,71.79
19522.45,5132.02,5109.54,1071.4,0.882,8.192,14.18,10.0,90.0
66538.59,12670.85,3575.87,319.77,0.826,4.736,20.9,10.0,90.0
20923.47,18614.24,8574.42,606.91,4.087,5.002,22.47,10.0,85.2
98734.08,19575.53,7224.0,1069.19,7.355,8.923,16.48,10.0,88.48
80261.39,19832.22,8757.96,1992.45,5.024,9.048,12.25,10.0,90.0
45121.47,6476.02,941.06,760.37,6.311,1.216,5.0,10.0,70.25
62070.75,5620.84,7347.82,355.81,8.449,3.799,25.95,10.0,71.3
92020.76,15160.3,5630.08,1019.28,0.499,8.963,13.63,10.0,90.0
59868.94,18786.06,8337.5,654.86,9.246,8.217,22.35,10.0,80.88
25704.86,8659.35,5318.03,1153.64,3.376,7.238,12.99,10.0,90.0
44083.3,3512.92,5631.99,960.09,0.563,1.109,13.95,18.85,90.0
85883.04,18201.91,991.79,1394.51,8.371,6.25,5.0,10.0,83.19
67979.17,8192.75,6850.97,1832.87,9.348,5.86,10.54,10.0,82.86
68565.19,4992.71,3094.83,441.0,7.709,1.755,16.03,10.0,71.04
88013.93,4545.36,687.09,1651.3,8.065,7.761,5.0,10.0,88.96
90457.58,8557.83,1131.15,1901.07,8.726,3.189,5.0,10.0,74.26
92781.33,15224.27,9594.21,778.54,5.271,6.244,21.16,10.0,82.8
18536.43,9601.65,3787.73,271.64,6.837,3.682,23.72,10.0,73.98
58971.34,1495.88,8746.72,1652.73,2.936,0.936,12.43,13.1,75.32
76645.86,3325.8,9616.93,1417.14,2.572,5.295,14.23,10.0,90.0
78123.42,7972.08,9461.04,464.79,6.129,3.136,25.1,10.0,72.68
64604.46,16832.91,8876.39,918.19,7.373,0.806,19.06,10.0,67.77
25010.86,3364.36,9001.02,1177.08,4.032,2.065,16.99,10.0,75.23
81767.85,14455.76,3245.58,381.22,4.063,6.227,17.95,10.0,88.84
74810.02,3877.26,1938.96,1444.08,9.547,1.104,5.0,10.0,67.86
17752.22,6078.77,6572.99,1395.27,5.233,0.966,14.67,10.0,69.46
51742.88,5132.52,5137.0,1779.9,9.864,9.446,8.51,10.0,86.82
25657.97,2613.49,1438.09,1156.18,8.642,1.164,5.0,10.0,68.45
40372.93,17111.92,6936.64,1169.91,6.433,3.823,14.45,10.0,76.53
11627.3,12121.69,5847.17,1257.81,0.19,1.421,12.84,17.39,90.0
46029.69,20945.28,8699.14,583.88,3.03,9.399,22.58,10.0,88.84
59488.92,3373.38,6287.25,1529.28,4.235,4.863,10.68,10.0,88.53
65762.43,4473.59,5952.49,1341.87,6.563,1.2,11.9,10.0,69.28
69714.13,8354.99,4687.14,1686.33,4.016,7.711,7.96,10.0,90.0
85266.22,19380.78,4896.48,1548.74,8.295,7.83,9.75,10.0,86.17
29391.66,8338.21,9566.62,1295.22,6.663,9.022,17.13,10.0,89.6
20843.36,10802.05,1815.24,363.74,3.537,7.086,14.24,10.0,90.0
86638.35,8238.49,4739.08,1842.34,7.866,0.642,7.62,10.0,66.97
24095.15,2925.38,6730.36,766.06,3.101,5.548,19.56,10.0,90.0
97728.41,23546.41,4613.6,1930.38,0.722,3.902,7.06,10.0,90.0
85828.44,14164.94,3190.55,833.65,1.808,7.511,11.88,10.0,90.0
55078.89,19908.0,3229.9,334.58,0.127,5.95,19.31,10.0,90.0
98327.93,16800.57,2719.73,1775.44,8.34,7.279,5.0,10.0,87.78
18763.91,13342.1,3767.08,1600.36,6.308,1.886,8.1,10.0,71.78
37275.92,3152.28,8780.91,1583.28,5.749,4.427,14.91,10.0,83.56
67440.2,16425.61,5299.63,224.35,6.654,4.378,27.54,10.0,74.39
41500.62,4728.89,2782.27,1764.6,6.571,9.812,5.0,10.0,90.0
93553.53,10945.2,4153.0,1212.98,5.698,0.289,9.72,10.0,67.85
15906.35,16098.72,1505.39,967.19,8.44,8.179,5.0,10.0,89.28
59447.06,19773.5,9088.34,1830.68,4.465,1.061,12.76,10.0,71.42
63177.96,17441.08,4377.88,1348.78,8.068,0.896,10.54,10.0,68.1
68745.53,17116.8,9813.72,309.41,7.888,3.349,29.68,10.0,70.92
33009.96,4577.01,3801.62,1063.1,2.075,7.038,10.56,10.0,90.0
42810.98,9307.08,8445.38,1291.4,4.592,6.817,15.62,10.0,90.0
85931.25,2029.89,2935.66,1802.17,8.366,6.316,5.0,10.0,84.21
27544.85,18267.45,1223.45,595.79,8.325,7.768,6.17,10.0,88.34
84418.11,23862.06,801.47,1598.76,0.338,2.401,5.0,19.44,90.0
60638.99,7338.65,6258.6,1609.64,2.308,6.375,11.38,10.0,90.0
78596.88,3104.72,3459.95,299.7,4.296,6.417,19.79,10.0,87.74
74224.66,12413.68,4713.44,83.6,0.567,6.578,34.83,10.0,73.99
28676.03,21560.76,8277.15,1183.75,2.68,5.985,17.2,10.0,90.0
61193.15,14247.38,2857.03,1589.48,2.657,2.293,5.0,10.0,87.43
88095.08,2122.65,3432.2,1131.14,2.224,9.152,7.41,10.0,90.0
48890.46,24382.53,8530.69,1636.03,4.027,9.762,15.02,10.0,90.0
96993.17,20887.6,5181.24,1263.49,8.149,6.923,12.59,10.0,82.63
50699.36,4158.26,8362.82,1323.92,2.517,4.496,15.16,10.0,90.0
22850.71,23123.15,4057.52,104.9,5.862,5.418,31.52,10.0,74.57
45049.12,11816.52,4284.51,222.77,5.62,1.173,25.09,10.0,68.98
95653.22,9925.55,2087.81,1463.81,8.197,3.698,5.0,10.0,76.44
38774.88,12065.28,9205.29,1537.54,4.001,9.764,15.76,10.0,90.0
88128.83,21029.73,9019.45,1107.25,2.313,5.522,17.09,10.0,90.0
89312.56,16827.51,9850.06,1200.82,8.926,5.65,18.99,10.0,78.93
41516.79,2421.96,4323.25,1248.01,8.346,9.544,9.4,10.0,88.53
17493.19,23982.5,8276.84,254.73,6.253,8.875,30.81,10.0,77.14
75210.21,4546.82,4442.06,1352.42,1.023,5.73,8.63,10.0,90.0
38036.11,18893.63,4815.84,983.02,0.26,2.763,13.79,10.0,90.0
80463.13,16267.28,8384.99,1224.92,1.908,1.258,16.73,10.0,79.64
49838.94,5500.67,2184.98,1148.13,2.047,8.65,5.0,10.0,90.0
53674.01,5097.57,2592.95,1537.85,1.449,9.209,5.0,10.0,90.0
80011.85,21887.86,3489.92,671.21,2.696,4.993,14.13,10.0,90.0
44412.7,11072.68,7987.7,778.38,3.445,1.036,19.85,10.0,71.53
49881.46,16709.84,4040.19,813.63,7.569,6.102,13.69,10.0,84.71
43857.14,13097.7,3902.6,1536.79,7.124,3.738,7.62,10.0,77.67
43060.65,18456.48,9988.76,890.67,1.133,1.663,21.32,10.0,87.81
57335.19,12501.82,4146.16,395.3,9.773,9.2,20.0,10.0,81.37
82791.95,7897.12,2853.82,1966.93,7.546,2.471,5.0,10.0,73.6
42559.15,9721.2,6420.53,1012.09,1.718,7.14,16.57,10.0,90.0
57182.92,21617.86,8117.86,263.03,1.333,4.351,30.24,10.0,78.72
70365.46,12232.83,1161.27,1357.04,0.967,8.296,5.0,10.0,90.0
34249.55,6122.78,6379.48,1491.37,7.345,7.038,13.02,10.0,87.97
34977.05,23430.53,839.49,1025.43,2.439,1.319,5.0,10.0,79.0
94007.18,20118.41,5500.16,1310.59,0.822,4.551,11.55,10.0,90.0
75118.11,2335.99,2941.42,386.72,4.276,2.672,15.45,10.0,78.03
61946.8,24974.63,3413.1,767.45,7.116,7.164,13.03,10.0,86.74
68294.8,17678.24,4937.41,365.57,3.115,5.492,22.37,10.0,87.62
12636.95,4846.4,9307.52,805.11,4.878,3.468,21.39,10.0,77.29
65629.27,6692.02,7251.34,1147.46,2.007,3.362,15.29,10.0,90.0
55855.8,17618.69,9400.03,912.95,4.349,1.233,19.12,10.0,71.91
59117.47,19714.27,6769.72,1206.77,3.654,2.217,14.79,10.0,79.38
42348.14,6736.86,567.52,1028.43,4.396,7.163,5.0,10.0,90.0
17332.65,7167.25,3023.06,669.74,4.711,6.138,13.01,10.0,90.0
27400.53,8370.9,9104.84,329.66,1.014,3.62,28.09,10.0,80.6
95567.02,15352.44,6612.73,542.71,1.024,8.378,21.74,10.0,90.0
46782.96,5123.59,9825.65,441.39,2.68,4.896,27.17,10.0,81.33
52001.48,3501.84,1981.66,1429.47,1.246,7.965,5.0,10.0,90.0
14743.88,17292.74,3319.1,1648.94,2.603,7.834,5.02,10.0,90.0
13380.96,19698.35,3942.49,1454.76,0.343,8.495,8.47,10.0,90.0
74546.33,13022.31,3602.3,1305.28,3.572,8.513,9.18,10.0,90.0
58428.52,9731.99,2893.92,650.31,2.213,6.823,12.83,10.0,90.0
55783.54,11369.03,4712.92,1436.42,8.932,7.519,9.94,10.0,84.99
31881.21,10321.79,6601.83,1229.91,8.596,7.791,13.96,10.0,83.59
77027.57,24039.64,3456.94,141.44,3.074,1.775,28.02,10.0,70.66
25141.29,19434.16,1257.15,1819.84,4.807,3.072,5.0,10.0,81.6
27094.13,5994.09,7231.06,205.91,9.562,1.132,29.82,10.0,66.46
51464.1,10220.54,4860.66,1030.28,5.289,1.975,13.45,10.0,74.1
35765.19,14056.29,5786.58,1050.48,8.499,7.805,16.01,10.0,83.48
32271.67,15711.66,4826.31,1682.16,8.281,9.476,8.78,10.0,89.69
68071.39,12236.41,8958.4,1830.48,9.419,6.769,13.5,10.0,81.15
68587.46,20443.04,5808.08,1882.37,3.126,8.872,9.66,10.0,90.0
84206.54,19422.54,9271.13,1160.86,0.53,3.248,17.7,10.0,90.0
47593.77,13123.79,5350.47,1374.13,1.129,8.473,12.24,10.0,90.0
16577.66,21506.31,3279.59,222.61,5.756,3.454,24.23,10.0,72.9
34629.97,19026.15,3876.7,1001.44,5.35,8.952,10.84,10.0,90.0
98200.49,19685.96,5460.23,1800.82,3.055,8.001,9.0,10.0,90.0
63663.27,23953.62,5534.9,938.61,2.562,9.838,15.95,10.0,90.0
73876.34,7395.21,7029.71,185.71,7.123,8.29,31.3,10.0,75.52
10662.2,7423.56,2632.7,441.25,3.471,4.042,15.68,10.0,87.65
56638.52,22334.85,6759.01,887.54,6.079,1.19,17.9,10.0,71.17
13377.58,19533.43,7896.59,513.18,7.152,8.755,23.76,10.0,81.06
61230.72,23237.09,6927.62,814.97,4.362,5.755,18.74,10.0,87.63
92869.38,2515.12,5077.37,699.28,2.015,8.596,15.05,10.0,90.0
97157.72,16066.17,9920.97,671.91,8.622,3.933,23.05,10.0,72.09
58649.74,4471.08,4345.73,227.77,1.026,0.387,24.18,26.98,70.7
51238.43,13093.53,1512.61,1771.29,8.312,0.619,5.0,10.0,67.34
95051.54,4737.93,8304.29,1400.78,8.383,6.738,13.69,10.0,83.14
70624.88,4073.88,2515.91,1265.59,5.753,1.233,5.0,10.0,69.38
15840.94,1292.04,7276.21,1232.62,6.332,7.48,13.45,10.0,89.26
51915.3,16125.73,2200.27,823.18,3.644,4.252,8.33,10.0,90.0
31622.05,9616.54,660.34,1655.46,8.432,5.675,5.0,10.0,82.9
52282.39,3524.52,2018.09,1863.58,2.711,8.032,5.0,10.0,90.0
50991.9,8748.11,4081.39,60.95,5.642,2.605,36.16,10.0,70.58
62393.03,5054.66,1512.87,204.44,0.118,4.188,16.37,22.91,90.0
42109.34,23600.68,2377.95,1366.2,9.404,7.323,5.0,10.0,85.27
24784.34,8680.12,7763.95,510.33,9.488,9.192,24.21,10.0,79.25
55334.75,9014.88,7813.89,1827.82,7.133,2.974,11.79,10.0,72.79
84718.26,21156.59,8266.14,1351.46,4.29,6.265,15.21,10.0,90.0
69761.1,16546.14,8490.97,768.17,1.868,9.517,20.3,10.0,90.0
40453.11,18044.12,4494.14,859.8,4.975,6.524,14.3,10.0,90.0
94197.07,16264.04,8741.72,1397.22,7.935,8.939,14.97,10.0,87.41
92098.68,23708.71,5496.4,324.88,6.092,9.403,25.17,10.0,82.57
28841.36,5968.02,4970.67,1772.65,5.322,9.3,9.0,10.0,90.0
13547.58,24736.94,7326.1,59.3,8.509,7.609,42.1,10.0,67.48
76717.78,20942.95,2531.27,1958.95,3.2,5.566,5.0,10.0,90.0
84484.92,15135.34,8000.23,376.91,8.614,1.058,26.17,10.0,66.54
97107.81,16896.92,4579.93,1497.12,4.451,2.305,9.93,10.0,78.81
90085.28,16571.82,1709.31,127.85,0.124,2.632,22.62,25.34,90.0
64048.13,2401.51,1633.46,891.29,7.346,0.429,5.0,10.0,67.85
57704.71,6232.4,2066.61,1279.11,8.791,1.109,5.0,10.0,71.36
12505.69,24075.3,8960.44,186.94,4.895,3.018,33.33,10.0,71.72
32199.08,13824.75,9913.91,914.42,4.602,0.998,20.84,10.0,68.82
51365.33,10080.49,3891.25,641.12,8.074,1.778,15.16,10.0,69.75
66565.35,19288.92,3275.37,1021.58,8.859,0.639,9.77,10.0,65.78
60152.66,13588.45,2578.32,1033.92,9.747,4.224,7.78,10.0,74.51
76837.24,1315.91,8326.26,1581.2,3.522,8.231,12.33,10.0,90.0
35179.02,18669.7,2487.47,290.83,5.987,8.141,18.13,10.0,86.58
60845.73,18573.22,9278.86,211.3,8.247,9.058,31.61,10.0,73.25
17932.8,4963.57,6839.83,833.69,5.365,7.481,18.31,10.0,84.76
47229.9,23959.84,9022.71,1780.66,4.672,2.52,14.21,10.0,75.96
77514.47,6373.8,5763.09,1717.78,5.762,7.054,9.69,10.0,90.0
72406.08,11985.98,7061.46,1141.99,3.633,7.563,16.56,10.0,90.0
99157.85,3753.66,6384.85,1783.11,2.002,5.477,8.3,10.0,90.0
35010.2,15478.78,8396.36,1620.42,0.76,8.089,14.99,10.0,90.0
54837.04,10010.83,8440.68,591.98,6.139,0.806,24.13,10.0,69.49
39657.74,9476.16,6103.03,381.71,3.853,5.988,24.82,10.0,85.06
49654.28,20847.45,6508.82,637.26,8.841,4.851,19.93,10.0,75.19
87125.51,1229.48,9257.82,492.88,2.307,8.072,23.69,10.0,85.65
71578.82,20150.72,9333.73,1264.3,3.176,1.367,16.86,10.0,76.38
89419.71,14714.77,6810.37,1190.55,9.708,2.205,14.59,10.0,69.11
28316.0,24666.36,573.67,1216.95,5.607,5.631,5.0,10.0,90.0
88602.5,15146.64,1491.91,419.14,3.533,9.477,11.17,10.0,90.0
15378.6,2329.1,8650.45,1594.13,8.623,0.924,14.82,10.0,69.71
89973.94,2215.49,1304.78,895.57,7.459,7.459,5.0,10.0,90.0
39616.64,22195.67,2528.43,971.28,5.774,2.133,7.51,10.0,75.17
38312.89,21189.14,2690.19,1994.08,8.902,1.144,5.0,10.0,67.24
56087.97,9301.36,6202.23,600.43,1.03,4.008,20.27,10.0,90.0
94662.12,15832.78,5978.01,818.57,4.005,5.872,16.9,10.0,90.0
14300.32,12750.19,3249.47,1369.1,8.124,8.287,8.33,10.0,88.23
41700.79,24211.94,2472.31,1766.81,3.921,6.383,5.0,10.0,90.0
87091.48,23799.06,7763.05,297.22,9.275,4.968,27.79,10.0,71.33
45644.9,24612.14,9386.83,1483.34,1.61,2.928,14.99,10.0,90.0
27924.12,21794.77,1001.65,1840.65,3.433,2.996,5.0,10.0,86.97
48231.48,22829.24,1765.21,874.7,4.315,7.729,5.79,10.0,90.0
44699.73,6214.69,6600.56,609.12,6.901,1.229,20.34,10.0,68.56
92387.46,20944.16,8142.19,1371.59,2.034,1.55,15.21,10.0,84.22
78574.09,18012.57,8016.29,529.84,0.198,7.225,24.17,10.0,90.0
55460.4,24106.88,7336.99,799.37,9.767,9.614,19.6,10.0,84.09
98953.35,14710.28,8930.57,1798.98,8.998,1.29,13.61,10.0,70.19
51874.98,3044.01,2564.81,1201.15,3.072,6.133,5.0,10.0,90.0
15241.4,15337.57,1519.26,235.21,4.886,2.468,16.31,10.0,75.13
33604.69,17477.94,6345.95,692.91,4.94,0.355,19.83,10.0,67.68
49246.34,6287.7,8311.62,1273.17,8.705,8.339,16.0,10.0,83.88
24121.24,10458.72,6029.41,988.92,6.011,5.135,15.34,10.0,82.9
95280.86,15364.08,9648.48,1337.66,8.282,0.337,16.33,10.0,67.81
79016.4,9978.54,8057.86,1534.81,9.129,8.965,14.02,10.0,87.03
34145.85,9998.75,7157.52,987.2,5.703,5.403,16.5,10.0,84.71
63172.41,4194.08,1072.44,1974.56,2.926,7.397,5.0,10.0,90.0
74930.42,23577.92,1523.55,1833.61,5.037,4.293,5.0,10.0,83.63
94715.1,19011.87,7955.96,166.82,8.524,1.93,33.99,10.0,71.42
89347.18,1029.84,2383.26,569.54,5.878,4.709,10.32,10.0,84.55
56367.3,19374.72,773.93,636.06,8.968,2.948,5.0,10.0,72.67
79718.74,18755.08,9152.23,409.37,8.965,3.038,27.65,10.0,69.39
60593.03,1233.54,8962.65,658.43,3.796,6.474,20.71,10.0,85.88
59743.35,9870.5,2575.6,878.4,4.536,1.031,10.24,10.0,69.61
20326.78,15561.94,7911.96,150.52,6.811,4.03,35.08,10.0,72.28
21352.39,11866.02,955.81,298.24,1.2,5.512,9.81,11.33,90.0
57658.03,19671.67,3208.05,237.68,4.709,7.128,23.98,10.0,84.37
34197.54,11211.0,6424.84,140.32,1.579,6.366,33.08,10.0,73.41
11893.32,4692.71,7750.2,988.92,8.495,8.874,18.5,10.0,84.66
75055.53,24433.97,598.79,700.92,9.434,9.925,5.0,10.0,90.0
12923.79,6808.96,3598.98,1874.12,1.501,9.38,5.75,10.0,90.0
63574.92,18224.62,2536.28,250.38,6.707,7.665,20.65,10.0,82.85
58527.44,4435.75,9988.41,1855.77,6.402,6.892,13.27,10.0,86.44
97193.32,8896.3,6874.33,218.76,7.625,0.451,29.2,10.0,68.47
53579.18,11608.66,4353.88,1257.47,6.988,5.382,10.61,10.0,83.23
15724.13,5613.57,1218.7,533.07,2.25,6.671,6.52,10.0,90.0
59651.92,11799.03,6187.37,1662.27,2.983,4.188,11.77,10.0,90.0
85698.66,4771.91,6596.16,169.88,1.736,3.909,29.45,10.0,74.53
99716.44,14416.16,8255.86,1907.39,9.219,5.471,12.56,10.0,80.34
48730.89,16929.12,3241.48,142.15,5.266,9.076,27.08,10.0,80.13
38826.89,2498.42,9823.57,520.17,9.764,2.683,23.82,10.0,70.08
91598.8,21907.17,4674.92,955.16,4.548,4.051,13.65,10.0,84.94
27211.79,5443.38,3311.47,1524.31,5.572,6.566,6.43,10.0,90.0
65388.6,6408.7,3810.27,1904.67,7.914,1.941,5.64,10.0,71.75
46514.3,16872.4,5436.07,884.68,7.993,8.366,15.84,10.0,85.96
13697.41,12250.03,9398.66,1526.75,2.388,6.694,15.21,10.0,90.0
41255.96,12985.49,7484.01,1467.97,2.954,3.587,13.99,10.0,88.99
33870.57,4075.72,5982.54,1163.78,1.068,7.249,14.48,10.0,90.0
71748.2,20337.66,2046.7,1397.29,8.074,2.866,5.0,10.0,72.24
95391.14,15809.3,1918.86,124.23,7.959,7.767,22.7,10.0,80.67
34124.25,4249.17,5270.87,911.08,0.904,0.8,15.31,20.12,84.4
83031.93,9975.98,7422.73,1582.43,2.649,4.325,13.1,10.0,90.0
14982.38,20449.84,7634.62,974.73,4.554,2.69,17.55,10.0,75.91
58430.89,14640.52,2646.19,1753.33,5.464,8.185,5.0,10.0,90.0
16349.51,3607.57,1450.95,1675.59,5.273,7.552,5.0,10.0,90.0
94062.97,9946.65,4152.38,1733.72,9.832,8.434,6.41,10.0,87.0
78971.62,6824.67,9222.64,303.49,7.665,6.55,29.0,10.0,74.32
69215.49,13419.17,5680.99,526.08,1.221,7.974,21.38,10.0,90.0
84150.67,21240.67,3540.95,107.71,3.006,4.444,30.38,10.0,75.68
68276.78,11470.41,3574.56,1966.46,3.52,6.813,5.06,10.0,90.0
97205.0,11400.21,1754.83,510.47,3.22,0.408,10.02,10.0,69.39
74256.22,22728.42,4995.63,765.83,7.881,8.819,15.72,10.0,86.31
93219.27,14828.45,8017.95,586.11,3.67,6.879,22.5,10.0,86.38
56541.87,14588.59,9701.31,127.6,4.975,8.674,36.98,10.0,70.01
20535.8,7285.84,5265.15,559.45,5.381,7.732,19.94,10.0,87.35
57535.99,15585.35,2088.54,241.48,2.777,2.935,18.33,10.0,85.03
21418.55,14821.85,6988.03,818.85,3.295,2.802,18.15,10.0,82.28
63324.41,10524.44,7689.52,1935.31,7.822,8.016,12.89,10.0,87.09
53424.38,24776.69,1181.15,1411.61,8.68,1.929,5.0,10.0,72.31
66031.79,22165.38,8576.32,1428.46,0.467,1.196,14.87,10.0,90.0
10904.23,18990.07,8378.56,933.69,6.091,0.249,18.59,10.0,66.36
27535.64,13896.29,4989.14,1632.04,6.371,3.054,9.54,10.0,77.45
54219.74,12089.44,5824.01,1821.15,7.399,1.083,9.87,10.0,70.61
95545.32,5437.54,7277.38,1925.02,6.969,8.037,9.31,10.0,89.39
44524.81,8337.7,6929.11,243.03,8.787,4.897,29.58,10.0,74.58
48193.48,19575.06,657.09,1765.31,0.877,2.6,5.0,11.21,90.0
74322.65,11889.97,1663.14,488.91,3.945,6.061,10.38,10.0,90.0
64341.35,22174.47,2044.61,824.67,7.843,0.796,7.49,10.0,67.09
36903.35,4549.87,7678.92,723.68,8.481,7.289,19.63,10.0,79.86
46973.48,13200.33,4680.79,1366.5,2.721,5.064,10.27,10.0,90.0
29592.98,16527.18,5682.27,1215.95,5.894,0.164,12.89,10.0,65.39
96941.93,13404.36,7840.53,262.75,1.89,3.26,28.57,10.0,76.56
21757.09,22341.45,3739.33,1576.5,8.524,7.527,8.0,10.0,84.91
43465.31,24749.52,7614.46,907.31,7.331,1.962,18.88,10.0,72.27
12325.51,3780.03,4701.84,54.33,2.298,9.623,38.45,10.0,70.0
29960.15,4118.92,4083.21,858.28,6.275,8.977,13.91,10.0,89.28
80242.4,4127.78,3663.85,1056.85,5.142,7.805,9.09,10.0,90.0
28105.77,17348.25,9666.98,184.31,2.662,0.878,33.8,10.0,69.91
17205.71,9944.23,7833.75,344.71,8.942,3.603,26.34,10.0,71.6
52700.79,18599.55,691.86,1987.47,1.564,3.052,5.0,10.0,90.0
10897.23,10731.32,9595.45,1748.83,4.728,1.462,14.98,10.0,69.94
17628.95,16062.56,7866.68,309.99,5.87,9.996,27.4,10.0,80.47
82686.33,19476.59,1917.16,1181.6,8.253,1.557,5.0,10.0,69.38
79432.6,14157.18,1225.21,789.52,1.587,3.222,5.0,10.0,90.0
92362.49,13948.09,3427.84,1110.29,6.131,8.813,10.32,10.0,90.0
86906.39,3117.62,6429.72,967.54,0.165,1.529,14.49,15.18,90.0
71485.8,10858.76,6357.19,143.89,8.244,4.748,32.68,10.0,71.49
14709.96,14098.65,3120.58,665.07,2.424,9.759,13.16,10.0,90.0
80456.38,12087.54,4733.91,294.77,7.237,2.548,24.6,10.0,70.97
86095.97,22618.77,2512.96,1003.49,6.059,7.06,8.13,10.0,90.0
81917.39,22756.74,980.5,1819.27,0.596,0.892,5.0,14.04,90.0
55763.11,20726.02,5411.22,1991.29,1.914,6.049,8.99,10.0,90.0
30961.17,10007.15,3796.42,1891.29,2.751,3.457,5.6,10.0,90.0
86079.7,18215.18,5657.38,1972.11,8.879,7.026,8.52,10.0,84.42
75444.65,10486.92,9491.82,79.73,4.86,4.386,41.0,10.0,70.83
98268.51,6582.25,1862.02,1472.42,9.144,3.06,5.0,10.0,73.18
24012.33,9229.66,518.64,582.25,0.57,5.505,5.0,24.63,90.0
30309.81,2703.15,1230.34,1737.96,0.165,1.483,5.0,68.98,90.0
29061.83,8962.66,4895.73,1636.78,9.488,8.163,9.06,10.0,84.64
81328.58,12057.81,7215.85,876.17,7.267,7.532,17.79,10.0,85.12
26821.66,23931.54,6017.25,972.86,7.855,5.495,15.11,10.0,80.6
15999.38,8521.85,5201.5,566.93,9.166,3.734,19.46,10.0,72.06
99870.47,22658.88,3862.65,613.17,9.847,9.161,14.96,10.0,84.66
12233.55,6492.6,3444.75,1963.29,1.067,6.381,5.0,10.0,90.0
85171.97,5583.25,4074.72,1783.26,1.667,2.92,5.5,10.0,90.0
42883.02,13455.89,6310.53,424.14,1.967,8.086,23.91,10.0,89.4
85745.39,17140.27,2093.66,587.27,8.202,6.387,10.58,10.0,83.06
59915.84,2063.97,7827.94,261.86,3.62,1.357,28.01,10.0,69.8
91146.81,6305.58,5964.91,1978.3,5.973,1.231,7.4,10.0,71.31
93357.37,11936.41,3056.99,1819.06,8.567,9.387,5.3,10.0,90.0
10818.84,8944.1,5260.95,1126.59,6.863,2.95,12.61,10.0,77.72
16787.1,18102.91,9646.4,1401.14,0.748,6.668,16.21,10.0,90.0
32532.29,13267.85,694.67,1508.5,4.512,0.461,5.0,10.0,67.6
70238.39,4848.62,2395.47,447.43,0.768,5.609,11.94,10.0,90.0
89944.5,22467.17,4759.61,1872.6,4.841,2.388,7.62,10.0,76.4
51394.78,8029.74,6565.18,1077.15,2.271,1.482,15.68,10.0,79.36
64627.58,18547.15,2516.17,230.28,0.113,7.758,20.75,10.0,90.0
26964.99,19717.98,9348.34,824.31,8.15,8.114,21.02,10.0,81.19
82447.02,24115.78,6604.43,1223.21,9.697,7.181,14.52,10.0,82.89
97059.53,12964.18,8835.6,738.01,9.645,0.211,20.02,10.0,65.74
34173.9,15780.05,3628.52,1413.45,3.062,2.921,8.19,10.0,86.33
54534.34,9037.03,8375.06,1770.0,8.305,3.674,12.96,10.0,75.89
17750.45,17276.3,4093.08,1555.19,6.82,6.939,8.18,10.0,87.64
60322.3,12121.2,2901.14,1303.18,8.021,7.58,5.99,10.0,87.5
55250.51,11503.66,9160.73,1048.71,8.478,6.316,19.0,10.0,80.54
22999.28,21531.22,1376.08,546.2,9.805,7.912,8.26,10.0,84.01
49785.96,2204.05,9457.44,937.15,1.602,4.33,17.49,10.0,90.0
40069.42,22167.1,4855.89,621.26,7.72,5.464,17.89,10.0,80.67
56964.78,21449.68,9929.94,1871.35,7.368,0.736,15.23,10.0,68.44
62708.89,13152.79,5626.15,1819.26,2.949,4.329,9.71,10.0,90.0
10764.6,12764.87,7696.14,353.86,3.987,4.383,25.7,10.0,79.3
78490.54,9683.38,567.17,1654.11,1.85,6.154,5.0,10.0,90.0
74171.29,24860.17,5218.33,1420.68,9.141,3.841,11.27,10.0,74.06
42965.77,3668.06,7505.81,1951.66,8.805,2.461,11.88,10.0,71.82
14764.23,15165.17,7936.86,953.45,6.179,2.452,17.76,10.0,73.51
77943.93,17360.36,2001.46,1458.24,5.165,1.425,5.0,10.0,71.7
95965.76,23423.92,4480.22,1059.87,2.406,7.04,11.85,10.0,90.0
31613.64,19724.88,4481.18,185.33,7.917,6.263,28.05,10.0,75.43
39117.22,16452.33,1484.59,141.19,0.181,5.835,20.17,14.44,90.0
26543.16,3803.5,4708.93,288.12,4.682,5.357,22.62,10.0,81.76
61924.25,9969.6,8167.38,627.57,8.619,3.739,21.86,10.0,73.69
23935.73,4332.2,3351.72,555.27,6.223,7.71,15.36,10.0,89.86
42057.45,22149.11,4609.46,1470.24,6.388,9.228,10.05,10.0,90.0
72731.17,18990.91,9629.11,1446.05,0.8,4.456,16.43,10.0,90.0
60410.44,19180.88,801.23,1944.22,2.938,4.15,5.0,10.0,90.0
44781.63,16654.16,6119.46,655.26,6.771,1.711,19.26,10.0,71.78
47822.46,13169.04,7562.64,1879.98,0.591,6.74,12.01,10.0,90.0
60589.98,4599.31,7728.38,1245.06,3.376,5.625,14.45,10.0,90.0
10527.83,8912.68,7301.41,1015.85,3.604,9.881,16.88,10.0,90.0
17065.89,4285.98,7401.29,1352.29,5.037,5.885,14.92,10.0,87.43
89313.23,18397.92,1060.62,1420.37,3.688,2.957,5.0,10.0,85.78
17009.11,4845.49,5574.3,385.26,4.596,5.673,23.07,10.0,84.01
73612.32,17850.73,7938.21,1515.85,5.515,9.848,14.0,10.0,90.0
92803.43,17614.13,1393.62,1464.09,1.371,7.261,5.0,10.0,90.0
34361.52,12023.31,614.47,1995.19,1.887,1.373,5.0,10.0,83.68
43344.23,4245.49,8238.34,1828.3,8.342,3.497,11.99,10.0,75.31
61202.93,8555.22,7266.8,1385.09,4.652,3.057,14.19,10.0,82.58
89353.81,8682.23,4415.96,1439.11,3.616,8.583,9.2,10.0,90.0
94771.5,17809.24,9433.77,1894.67,4.395,6.151,14.29,10.0,88.19
76560.69,3729.83,7782.68,1936.0,1.831,8.12,10.77,10.0,90.0
17795.78,20897.65,9694.68,1662.58,2.474,1.845,13.76,10.0,79.92
70223.87,19264.17,9328.49,1546.42,5.204,9.09,15.39,10.0,90.0
46927.33,5471.37,5072.29,267.16,3.653,0.677,24.12,10.0,70.15
52363.09,18259.95,7669.74,1669.13,4.807,3.811,13.73,10.0,82.89
14423.36,17044.32,6857.32,543.73,1.582,0.24,21.96,11.56,68.29
27195.59,18954.9,8208.73,1149.38,1.649,1.924,17.6,10.0,85.98
81146.22,5534.29,7983.04,840.48,3.901,9.626,17.67,10.0,90.0
50856.29,4782.17,1955.7,723.93,3.851,0.877,7.3,10.0,69.0
37149.6,6675.62,2720.49,654.99,8.845,1.54,11.69,10.0,68.87
44561.72,9780.92,3024.45,1718.08,0.431,9.256,5.0,10.0,90.0
86895.96,20047.96,8275.74,1549.82,9.929,7.131,14.69,10.0,81.59
77409.91,18710.17,8202.05,1070.73,9.57,4.129,17.58,10.0,74.83
34508.39,23210.84,5205.69,1345.74,5.468,0.781,11.78,10.0,70.53
20575.17,2407.11,6017.91,1969.83,7.216,7.872,9.13,10.0,87.79
32679.84,1277.35,8355.76,825.19,9.359,4.978,18.67,10.0,75.4
92868.08,17779.33,3469.64,1124.65,2.587,3.298,9.68,10.0,90.0
62343.0,7702.9,976.7,1090.37,3.225,3.671,5.0,10.0,90.0
58013.22,9017.89,5084.67,1875.15,1.198,5.102,8.57,10.0,90.0
63675.42,14123.25,9180.31,735.55,5.682,5.557,21.57,10.0,79.8
42942.54,3457.91,8009.45,1973.2,1.679,8.199,10.9,10.0,90.0
82639.63,16424.67,3982.86,644.16,9.316,7.74,15.89,10.0,80.98
57095.76,8803.54,1115.33,262.37,4.373,7.694,12.71,10.0,90.0
20507.31,16185.16,6550.74,423.18,9.205,7.32,24.19,10.0,78.21
21615.86,21016.17,8427.66,881.13,2.13,7.602,19.47,10.0,90.0
58317.32,5106.67,6817.01,1317.02,6.971,6.808,13.53,10.0,84.81
94291.32,23340.95,4538.21,1057.81,6.511,8.693,12.21,10.0,90.0
37751.69,13736.52,1671.86,783.74,4.057,5.619,6.88,10.0,90.0
88258.71,23150.27,9152.36,1145.96,8.994,5.256,17.45,10.0,78.4
78768.6,5985.52,3121.6,1685.67,4.405,7.043,5.0,10.0,90.0
32303.12,15509.5,2630.73,1685.92,2.064,1.743,5.0,10.0,85.1
13270.67,10693.29,8251.78,1466.14,9.772,7.792,15.02,10.0,83.68
19166.25,19581.33,9821.59,1907.27,4.471,9.368,14.34,10.0,90.0
75564.45,15541.81,6771.52,1200.9,2.16,3.033,14.72,10.0,87.11
27970.28,12868.37,6435.7,64.93,3.7,6.149,38.92,10.0,69.5
43414.38,22911.65,3534.59,617.31,6.174,0.423,14.75,10.0,67.98
55152.92,10050.81,693.93,690.03,5.169,7.682,5.0,10.0,90.0
75292.14,6279.52,2322.08,1117.29,6.388,5.641,5.06,10.0,87.81
20190.81,15594.43,6052.09,1814.53,6.652,6.769,10.66,10.0,86.53
46572.98,15976.68,1937.51,1684.32,1.321,1.516,5.0,10.0,90.0
53656.56,11538.27,8896.44,502.74,3.217,8.114,23.83,10.0,85.36
58674.44,12678.64,2287.37,1062.81,7.512,2.634,6.85,10.0,73.5
83652.46,24029.28,5459.99,1335.34,6.539,6.879,11.96,10.0,90.0
25451.04,18584.46,5364.13,1975.65,0.975,5.972,8.8,10.0,90.0
82704.83,3654.44,6237.48,111.04,3.22,6.573,32.72,10.0,71.42
72359.06,6091.12,3610.62,954.56,9.32,0.597,10.91,10.0,67.14
60028.37,24413.84,8798.57,1976.81,8.634,7.444,13.57,10.0,85.54
72957.51,18435.17,4720.86,1955.55,6.739,7.973,8.24,10.0,90.0
47081.6,22961.08,7151.46,694.92,0.821,4.801,19.86,10.0,90.0
22455.78,8292.68,6541.15,50.03,6.11,4.148,42.03,10.0,70.78
69918.87,18804.8,1612.98,1194.13,0.221,3.491,5.0,17.99,90.0
57220.51,18136.07,6415.07,1740.53,6.645,9.286,12.16,10.0,90.0
67543.73,8072.56,5731.68,682.38,7.339,7.575,17.53,10.0,85.34
40419.89,14219.59,9036.74,1871.83,5.023,7.016,13.01,10.0,88.54
91617.99,16057.96,8868.33,698.77,0.138,9.264,22.3,10.0,90.0
62863.29,12547.16,1934.07,1239.89,6.699,3.553,5.0,10.0,76.64
17686.22,20852.29,1276.01,1457.99,8.215,6.338,5.0,10.0,83.23
50482.36,20988.86,3298.63,723.56,5.9,6.892,12.81,10.0,88.52
78072.04,21414.41,9872.82,736.8,7.121,9.963,22.6,10.0,85.61
81472.11,20282.17,704.95,966.49,0.994,4.329,5.0,10.0,90.0
54513.73,12714.0,6892.48,1678.69,7.182,4.062,11.62,10.0,77.79
90527.28,10154.52,6280.88,246.66,6.181,0.936,27.76,10.0,67.6
34090.16,20953.03,6642.49,1281.38,3.377,1.075,13.63,10.0,72.53
46953.88,12764.84,2573.72,1370.83,6.885,5.167,5.58,10.0,85.06
90873.72,6912.91,2653.81,1137.85,6.491,1.795,5.84,10.0,71.72
90663.1,13176.24,4591.1,1874.88,6.035,0.822,6.83,10.0,68.0
71714.15,4404.4,1410.65,1223.88,1.911,9.652,5.0,10.0,90.0
87308.25,17599.11,1208.83,1287.42,3.033,9.519,5.0,10.0,90.0
17989.59,9062.11,1339.41,1219.53,9.915,3.32,5.0,10.0,72.33
87849.55,7255.81,5943.3,1457.94,4.388,7.92,11.19,10.0,90.0
38855.79,23956.21,4278.55,314.05,0.688,8.738,22.63,10.0,90.0
26049.84,19645.14,3289.36,1793.84,9.0,4.701,5.26,10.0,79.35
31543.29,19889.67,3500.28,132.86,1.812,2.315,27.45,10.0,74.4
47617.17,15969.33,2469.19,1299.45,4.095,1.385,5.66,10.0,74.81
32607.28,21140.15,4409.3,1250.19,2.852,1.494,11.15,10.0,77.18
38851.08,19219.9,2429.05,455.84,9.642,7.99,13.99,10.0,81.9
22148.06,15370.57,7131.44,129.39,3.843,3.906,34.07,10.0,71.86
36655.91,24066.99,1677.36,320.73,7.116,6.966,13.82,10.0,86.2
61505.54,5598.28,9508.3,579.76,6.024,5.433,23.64,10.0,79.82
49766.83,23641.11,1353.28,1770.11,0.525,4.007,5.0,11.72,90.0
41204.69,10634.52,9462.88,1718.68,3.905,1.326,14.01,10.0,73.2
77180.69,13681.58,8416.3,174.52,3.961,3.401,34.51,10.0,72.6
90415.9,3945.74,6966.77,614.07,9.899,8.418,19.09,10.0,80.49
78111.03,13962.58,9166.87,1784.17,8.138,8.133,13.86,10.0,87.02
39880.06,15668.96,1822.58,511.49,8.581,0.381,10.62,10.0,66.4
76999.8,24944.84,2174.99,1992.13,3.204,1.489,5.0,10.0,76.35
23678.22,24404.62,2895.45,550.84,3.358,7.583,15.27,10.0,90.0
21728.62,24193.54,2825.71,1491.27,5.204,3.424,5.92,10.0,83.71
41106.43,9361.31,3453.06,863.27,6.347,6.472,13.09,10.0,86.56
82693.21,24790.4,5968.49,315.68,7.31,5.67,25.62,10.0,77.94
32171.34,11931.48,767.64,547.55,8.226,6.555,5.0,10.0,86.8
15692.81,21444.07,4131.59,1366.48,8.745,0.632,9.71,10.0,65.74
21853.86,6191.68,2840.66,707.26,0.344,9.318,12.24,10.0,90.0
87287.05,13140.0,6262.98,1228.05,7.981,0.308,14.2,10.0,67.82
67040.5,24184.29,9859.11,450.79,6.147,0.18,26.49,10.0,66.21
32788.1,23728.75,5417.72,924.73,5.368,2.339,16.21,10.0,73.23
59976.62,17409.64,4544.01,1048.88,6.322,9.936,11.99,10.0,90.0
57482.17,20147.54,3998.31,854.93,8.831,0.818,13.48,10.0,68.71
68989.24,5234.24,7957.02,435.94,5.498,8.758,23.66,10.0,82.62
30986.88,18319.81,1183.82,950.03,1.706,1.675,5.0,10.0,87.54
87796.27,15833.22,9617.82,1401.16,4.424,1.18,16.66,10.0,69.91
37843.17,3197.24,4470.22,1931.57,9.252,7.812,7.0,10.0,85.83
72471.85,3715.82,3480.16,1589.57,8.163,8.482,5.0,10.0,88.37
11451.22,3602.65,9753.65,364.87,2.11,7.943,28.57,10.0,82.13
43539.14,18384.57,9390.85,581.77,7.17,2.486,23.07,10.0,72.22
41653.88,4401.16,6598.37,203.71,2.637,8.81,30.18,10.0,78.31
58913.6,12225.57,675.82,314.52,3.551,0.812,6.28,10.0,72.67
16546.26,9567.56,7611.08,538.83,4.742,3.486,23.21,10.0,76.83
81111.82,14212.1,3687.8,439.08,4.465,4.686,18.74,10.0,83.51
29600.27,17955.44,4188.66,466.62,0.39,0.771,19.1,20.85,90.0
70933.4,17433.34,2008.05,500.0,7.763,5.84,10.94,10.0,83.27
82289.09,13372.48,5472.85,636.32,8.479,5.638,19.17,10.0,77.53
60568.93,12144.04,7573.25,294.89,5.356,9.923,28.92,10.0,79.25
76679.49,10547.57,3093.61,591.78,1.812,6.254,14.48,10.0,90.0
69567.43,21685.84,9417.96,1392.4,2.555,4.036,16.14,10.0,89.75
41997.68,8940.44,2350.0,510.98,1.351,7.923,13.71,10.0,90.0
82797.27,7224.78,1129.49,385.08,1.778,3.416,8.39,10.63,90.0
36523.12,18839.57,6621.46,182.01,8.776,5.375,31.12,10.0,70.94
61409.16,9634.32,8568.53,1024.94,4.854,0.649,18.8,10.0,67.6
77085.8,21327.97,9554.76,1691.87,1.199,3.294,15.24,10.0,90.0
44106.03,8869.33,7788.12,165.08,2.622,5.328,32.13,10.0,75.07
37249.08,17846.68,2396.68,1107.54,9.5,7.053,6.74,10.0,81.08
51341.14,2082.62,9787.78,1318.71,5.142,1.08,16.0,10.0,67.86
83616.71,10253.51,9234.64,1205.3,5.205,7.992,16.64,10.0,89.59
93692.96,9237.52,2050.09,1761.37,5.304,9.012,5.0,10.0,90.0
59057.51,20600.29,5808.47,1739.47,1.205,2.882,9.54,10.0,90.0
69531.96,24209.33,5777.42,161.75,9.706,7.677,30.86,10.0,70.61
91294.63,12061.15,4704.08,753.84,0.936,1.885,15.86,10.0,90.0
18869.22,20796.07,9850.67,1358.12,7.03,5.282,17.04,10.0,81.15
30887.07,17792.67,1066.41,1907.27,0.672,7.997,5.0,10.0,90.0
73801.0,24217.26,6458.48,1619.14,4.492,3.926,11.21,10.0,85.03
84137.0,20466.6,2450.38,394.35,9.007,0.36,16.14,10.0,67.43
87132.61,2859.47,5509.65,594.46,7.708,5.446,17.36,10.0,79.4
47359.65,18118.76,7907.54,1539.01,3.413,8.463,13.7,10.0,90.0
18040.59,13851.99,2843.9,969.38,5.558,1.172,9.52,10.0,70.58
49400.33,1394.47,4236.92,1117.24,1.736,0.393,9.54,40.11,71.38
30766.11,7031.51,9532.3,1237.51,9.566,8.11,18.33,10.0,83.2
36207.68,23122.13,7734.07,251.42,7.116,2.745,30.0,10.0,72.38
79504.08,23225.47,5940.87,1719.13,3.806,3.707,10.87,10.0,84.44
16797.44,20172.41,2608.98,1733.11,3.248,0.961,5.0,10.0,70.42
84482.31,24562.71,4540.4,963.07,2.463,1.057,13.43,10.0,75.77
48490.22,20357.09,7853.58,1272.35,7.887,6.184,15.44,10.0,84.43
63645.75,1244.9,8295.16,1336.81,4.403,5.567,13.82,10.0,88.88
18068.7,7908.02,2823.76,419.96,3.369,2.995,17.1,10.0,83.21
40362.32,1734.98,6789.57,269.54,9.062,4.582,25.87,10.0,73.93
18073.08,3258.59,1402.53,90.31,1.587,3.943,22.9,16.17,88.93
96538.94,6252.18,720.52,1830.12,2.712,6.981,5.0,10.0,90.0
82653.55,13085.41,5712.4,724.14,3.513,8.635,18.1,10.0,90.0
51366.95,21340.77,2631.61,217.37,2.673,7.675,22.38,10.0,90.0
30124.23,21687.2,1249.66,958.31,5.895,0.144,5.0,10.0,67.13
94010.96,15788.84,7433.37,197.47,6.05,1.086,31.16,10.0,70.33
41013.69,23276.22,5230.76,216.24,0.642,4.351,27.74,10.0,85.36
24488.6,13001.5,8064.63,1003.33,1.531,8.533,18.23,10.0,90.0
60684.79,22336.87,6807.47,1042.23,2.065,2.446,16.43,10.0,88.61
94939.67,11897.57,7433.15,1181.28,0.796,8.802,14.39,10.0,90.0
10344.73,7653.4,3419.93,1329.81,1.335,1.189,7.87,16.46,86.62
31431.24,22993.91,3001.12,1353.12,2.473,0.819,7.11,10.0,75.38
94460.29,10310.44,6208.31,894.34,3.522,9.143,16.92,10.0,90.0
25397.74,13081.7,2400.78,1304.89,7.934,1.704,5.0,10.0,69.66
20191.91,8892.66,8246.42,644.24,2.257,4.691,21.86,10.0,87.16
61316.85,16908.1,5467.74,910.55,6.733,3.327,15.33,10.0,76.52
87565.94,24880.75,2656.4,816.99,0.673,1.562,10.06,10.0,90.0
52939.88,1612.33,6439.1,691.76,6.617,6.358,17.8,10.0,80.67
99510.78,22596.35,9477.84,515.21,7.968,9.64,24.78,10.0,81.54
71125.45,1094.23,1279.9,203.0,6.088,6.615,14.42,10.63,85.23
16666.74,9741.47,1538.78,1036.53,2.094,3.602,5.0,10.0,90.0
99354.89,5046.56,8516.47,1097.71,3.371,7.147,15.59,10.0,90.0
46710.48,19176.2,1541.14,705.5,8.071,1.518,6.49,10.0,66.37
35866.23,2214.66,874.07,1952.9,4.377,5.842,5.0,11.02,90.0
60209.13,14283.64,3805.34,1136.07,2.627,4.748,10.07,10.0,90.0
37387.68,8078.23,4933.71,1783.57,9.334,3.664,8.64,10.0,75.88
17781.18,4208.09,5909.72,1161.67,6.41,7.422,13.25,10.0,85.99
10128.55,19523.64,5319.35,420.34,8.077,1.273,22.44,10.0,70.26
50462.5,6218.0,9175.25,1950.51,0.343,5.375,13.92,10.0,90.0
85317.71,6368.21,7802.35,1776.4,3.459,8.559,10.97,10.0,90.0
61508.37,7601.84,9846.2,968.98,4.643,2.097,18.96,10.0,74.68
99928.66,15082.4,5026.33,523.96,5.915,2.719,19.84,10.0,74.55
35816.2,16831.98,1301.13,484.21,1.981,6.641,8.3,10.0,90.0
35240.96,1422.46,9577.54,1621.74,5.03,7.749,13.08,10.0,89.39
24377.45,6804.87,539.08,184.78,6.888,2.905,9.12,10.0,75.55
24765.72,11343.3,7872.91,1294.22,3.524,3.663,15.0,10.0,85.65
35666.79,8967.45,797.18,1298.26,6.945,7.425,5.0,10.0,90.0
81355.6,22220.1,7731.53,405.79,3.958,2.925,24.85,10.0,75.84
91518.11,19905.01,9410.42,1424.58,4.748,6.696,15.65,10.0,90.0
97757.85,16021.37,4197.97,1425.54,1.429,1.672,8.56,10.0,88.59
30906.07,9113.02,2789.17,732.56,6.548,4.172,11.58,10.0,80.96
89316.78,17816.14,2649.65,992.58,2.32,6.918,7.45,10.0,90.0
39542.96,21247.31,5171.32,1673.89,8.306,4.653,10.78,10.0,79.06
20155.65,15275.93,2123.43,1070.15,5.579,0.29,5.71,10.0,68.02
88302.24,19827.08,6892.77,1255.41,5.647,4.123,13.58,10.0,80.14
67249.51,18978.52,3999.35,854.9,9.134,2.955,12.76,10.0,72.98
24825.78,14721.7,3569.54,341.72,1.757,1.103,20.62,10.0,78.07
48684.81,8492.4,4882.21,1996.23,5.349,0.19,8.24,10.0,67.59
35853.19,18898.77,5654.58,1086.5,3.884,0.551,14.34,10.0,67.9
76311.51,5963.11,1848.34,706.07,9.667,9.498,7.16,10.0,87.35
50807.46,19707.72,7223.75,1441.89,7.948,7.523,13.15,10.0,87.58
99035.2,20309.12,8888.0,1260.6,7.599,9.403,17.54,10.0,86.55
14927.05,20731.48,3140.88,504.17,2.121,1.236,16.13,10.0,78.19
41951.37,12349.98,2213.71,1760.0,2.45,5.748,5.0,10.0,90.0
53371.02,5619.54,7724.8,188.26,0.389,0.925,31.78,17.75,75.79
55282.02,3393.37,2243.65,1231.11,6.422,0.365,5.0,10.0,69.02
38434.22,18840.67,891.92,981.88,3.771,4.716,5.0,10.0,90.0
75631.62,22270.27,6382.81,670.49,3.189,6.499,19.93,10.0,90.0
88727.24,16620.12,2777.64,1661.44,6.407,0.729,5.0,10.0,69.18
94484.74,4459.84,2132.2,1329.74,8.304,3.714,5.0,10.0,75.79
82458.4,23437.51,9825.23,1531.02,1.417,0.993,15.9,10.0,79.34
86552.22,24738.45,3272.72,858.58,9.195,3.685,10.43,10.0,74.59
59549.08,11401.09,9082.71,1887.68,0.439,4.771,12.6,10.0,90.0
84329.94,15275.81,2193.08,722.21,1.042,3.442,9.72,10.0,90.0
37315.35,19653.48,8280.28,1085.54,8.397,5.805,18.03,10.0,78.68
45863.09,18673.35,5269.18,1870.62,4.978,5.887,9.45,10.0,90.0
38522.17,24226.89,1246.65,212.22,9.399,3.396,14.65,10.0,72.67
52064.86,3757.19,7469.25,262.18,4.67,3.957,28.36,10.0,75.35
35702.17,14937.4,8974.7,1988.67,9.269,4.467,13.51,10.0,75.01
96545.03,17606.35,2048.66,1944.21,2.472,3.819,5.0,10.0,90.0
38156.02,22362.36,7393.11,1554.82,6.203,7.63,13.56,10.0,89.39
18824.01,21978.63,4728.0,994.17,9.945,1.485,12.66,10.0,69.3
57413.54,24472.0,7661.77,1036.82,3.823,8.585,16.99,10.0,90.0
15138.92,13289.88,7282.32,551.57,0.114,3.379,22.64,10.0,90.0
19948.88,20938.26,752.7,893.83,0.734,7.267,5.0,12.54,90.0
29745.05,11254.76,2197.85,891.13,8.605,8.849,8.63,10.0,89.07
51791.52,11135.53,4974.76,120.38,4.97,8.886,31.43,10.0,76.48
48992.58,7080.36,9369.14,933.66,5.414,4.578,19.7,10.0,80.79
81972.27,20637.69,3749.7,985.6,8.014,2.64,10.91,10.0,69.66
76552.72,24659.56,6474.3,1348.28,8.135,6.097,14.29,10.0,83.08
48368.65,7152.2,614.8,1057.08,4.826,1.921,5.0,10.0,77.43
40033.38,2347.16,7255.71,1730.28,8.595,7.927,10.45,10.0,85.88
38482.19,20573.02,6229.15,766.75,4.737,7.142,18.06,10.0,88.27
79659.56,15885.52,7296.25,848.95,6.783,7.977,18.07,10.0,86.01
14686.52,24032.77,9094.28,1164.39,0.43,4.389,18.42,10.0,90.0
11153.95,7053.74,1891.74,445.31,1.466,5.619,12.59,10.0,90.0
81599.0,2704.66,2985.1,817.32,8.529,1.117,9.37,10.0,67.81
52943.17,12818.61,9959.92,1388.03,3.2,6.908,17.27,10.0,90.0
21779.3,3051.18,1984.7,853.03,3.414,4.92,6.62,10.0,90.0
31200.93,7282.96,7345.96,1817.9,6.664,5.141,12.98,10.0,86.83
93925.36,4023.47,7388.22,1249.84,5.966,8.485,14.21,10.0,88.62
87355.27,6379.17,6988.44,349.85,0.914,7.746,24.24,10.0,89.01
73880.65,3547.47,2660.69,1000.52,7.681,5.398,6.34,10.0,83.22
53400.27,23893.74,2543.77,1541.32,6.211,3.616,5.0,10.0,78.53
56829.13,7685.51,6830.24,1304.52,8.568,4.52,14.64,10.0,78.09
97772.01,11653.54,2269.38,1776.26,5.401,3.573,5.0,10.0,84.61
96919.34,22566.68,6784.85,1512.47,4.202,1.601,13.22,10.0,75.02
29374.21,17255.72,5179.02,170.15,3.776,6.493,29.68,10.0,77.04
82999.41,15832.9,4172.97,269.4,0.144,6.946,23.69,10.0,90.0
27751.84,17933.52,3352.21,1317.01,0.494,9.715,7.12,10.0,90.0
29218.37,20891.73,9501.98,514.9,1.399,4.611,25.05,10.0,86.49
70848.37,22064.06,5326.89,1196.28,9.302,9.973,13.05,10.0,88.48
46450.1,16423.35,5831.89,1594.82,8.818,1.952,10.04,10.0,70.04
93839.0,22360.17,9517.93,1175.02,5.022,6.601,18.12,10.0,86.44
18010.88,13849.54,6711.83,860.2,1.884,9.948,17.39,10.0,90.0
56037.31,7654.98,9599.6,1310.23,1.547,6.439,17.79,10.0,90.0
92666.94,22121.84,1510.48,330.06,2.636,4.578,12.93,10.0,90.0
91370.23,13995.35,8543.08,1460.26,9.096,5.201,14.96,10.0,77.58
24087.63,22747.3,3686.44,1409.2,5.263,8.471,8.24,10.0,90.0
42997.39,1964.03,8199.63,1053.09,8.06,9.397,15.82,10.0,86.02
65720.93,10540.38,8628.55,593.69,5.117,4.594,23.41,10.0,79.14
24345.54,23747.32,3079.13,1605.25,6.134,7.746,5.44,10.0,90.0
97122.0,6991.6,4383.89,1045.57,6.14,9.344,10.55,10.0,90.0
92327.44,23596.87,7397.14,165.39,0.41,2.893,33.28,10.0,75.48
25025.52,23893.66,1441.03,1841.29,4.508,4.982,5.0,10.0,90.0
20903.99,22171.42,7677.57,1547.05,8.654,9.955,14.2,10.0,89.18
17686.76,14528.03,1549.49,1190.37,4.942,3.599,5.0,10.0,84.41
91849.93,16526.55,9187.33,901.81,4.41,6.235,20.14,10.0,88.56
27426.14,21870.81,3125.22,1921.8,5.313,6.605,5.0,10.0,90.0
47465.64,19621.53,5968.19,1561.29,3.87,1.626,11.87,10.0,74.15
50396.62,16122.25,1612.96,1093.24,5.202,8.086,5.0,10.0,90.0
63910.99,24574.23,3060.18,1323.65,1.44,4.188,7.47,10.0,90.0
16456.18,17456.24,4337.57,597.46,9.683,5.053,16.6,10.0,76.46
30408.28,24411.57,5126.96,431.65,0.438,6.464,20.98,10.0,90.0
93834.13,2377.32,500.64,582.97,4.884,4.164,5.0,11.47,86.41
91756.91,4335.05,8942.23,621.62,2.179,3.318,20.67,10.0,85.26
80316.16,11835.01,572.91,1492.49,0.678,5.51,5.0,15.94,90.0
11746.11,10237.11,7850.0,323.12,6.552,3.533,27.66,10.0,72.31
39430.61,19785.64,4970.5,1566.3,9.853,4.398,9.66,10.0,76.44
66516.29,4854.74,5476.86,1070.62,7.521,1.173,11.61,10.0,67.67
34767.12,24426.28,2478.52,799.92,2.615,8.463,10.05,10.0,90.0
91862.8,8561.58,6270.0,635.77,4.985,4.176,19.7,10.0,82.69
67050.05,11294.17,5603.7,1050.74,0.593,0.92,14.78,13.74,90.0
16471.6,7593.88,2060.25,669.16,5.364,7.921,9.25,10.0,90.0
91810.5,14904.73,2762.13,887.43,1.085,0.294,9.84,10.78,73.51
96199.0,2407.09,1135.58,1491.08,7.967,6.034,5.0,10.0,85.05
16994.12,4592.26,1129.69,1270.7,0.661,7.056,5.0,15.29,90.0
57912.42,18899.14,630.87,1508.57,0.193,1.993,5.0,37.81,90.0
37302.79,5476.01,2594.51,1440.3,8.629,1.399,5.0,10.0,69.82
45355.52,6652.35,6956.78,1639.39,9.431,1.227,11.76,10.0,70.34
26168.61,20031.57,3504.05,443.3,0.957,9.934,17.17,10.0,90.0
62026.49,3239.23,3755.98,1990.49,2.861,7.575,5.0,10.0,90.0
96218.14,11499.37,1753.1,977.75,7.443,3.196,5.0,10.0,75.47
55276.53,1553.52,5966.97,1450.55,5.443,3.422,9.43,10.0,79.01
17462.31,9323.38,3750.36,1371.61,9.497,6.521,9.09,10.0,81.39
65800.12,17775.55,6925.01,1153.99,3.953,4.631,15.14,10.0,86.82
40620.07,3162.48,7543.86,1991.84,0.133,2.786,9.77,10.0,90.0
87033.27,22320.03,6054.58,473.77,0.295,0.665,21.11,16.99,90.0
49121.03,22827.98,3122.66,872.37,5.692,7.86,10.6,10.0,90.0
27355.56,3519.77,5331.77,299.07,7.546,8.893,24.62,10.0,77.6
27199.51,24777.58,2893.34,404.58,7.927,2.139,17.54,10.0,72.94
79188.78,8140.71,9077.67,1440.28,9.124,0.728,15.41,10.0,67.24
33902.88,3018.44,7780.66,59.44,2.368,1.274,41.41,10.0,67.71
79051.01,1121.61,5183.56,1785.15,7.41,4.201,7.54,10.0,78.53
28529.86,10804.55,9671.84,1284.71,8.288,3.064,17.52,10.0,73.2
38951.77,16115.44,5694.18,909.76,8.379,0.827,15.1,10.0,68.54
51893.83,8972.3,3621.09,696.15,4.174,4.603,13.9,10.0,88.82
94887.63,21081.22,1406.94,296.23,6.297,2.119,13.09,10.0,73.45
93855.83,18198.55,5665.58,1847.05,5.56,0.763,9.48,10.0,68.78
28618.47,9403.88,8673.96,1439.03,6.015,6.613,15.27,10.0,86.44
42239.71,18623.43,8733.83,705.97,2.892,5.768,21.37,10.0,87.16
23445.94,23571.71,6243.39,188.33,6.864,8.281,31.1,10.0,75.78
55898.66,3234.3,4237.66,685.08,7.129,3.093,13.8,10.0,75.39
51452.43,8346.5,6677.81,410.04,2.04,1.445,24.25,10.0,75.78
91068.41,12119.82,7740.33,1583.23,4.492,3.666,13.41,10.0,82.15
93700.48,12951.76,4410.44,1453.22,4.279,7.809,9.76,10.0,90.0
44521.07,14012.7,5024.41,1021.41,7.515,2.493,13.69,10.0,72.18
54256.41,8215.05,6965.85,1777.39,6.698,2.625,12.1,10.0,72.83
90661.26,17014.23,8828.2,402.33,4.814,1.561,25.2,10.0,69.87
82603.7,16482.03,8014.6,931.33,6.56,9.866,18.57,10.0,89.2
10329.07,14867.72,712.72,1435.71,2.702,9.676,5.0,10.0,90.0
38805.36,3730.28,1681.54,182.21,2.4,6.615,18.84,10.0,90.0
47959.68,12447.23,8601.39,776.72,2.475,2.227,20.22,10.0,78.94
30674.47,9549.45,8421.32,1164.75,0.392,7.689,16.72,10.0,90.0
27961.45,12784.92,4193.66,765.27,6.942,5.881,14.18,10.0,84.58
13400.61,23124.79,6050.64,986.39,9.86,7.521,15.97,10.0,79.93
67903.28,12532.75,9105.53,1235.83,3.159,8.618,17.61,10.0,90.0
33625.93,1335.54,9159.81,768.36,9.305,3.253,18.7,10.0,70.07
14711.25,11532.08,7939.38,256.73,6.105,9.146,29.86,10.0,77.5
30788.14,20695.56,2491.09,321.92,2.327,8.996,17.29,10.0,90.0
82172.26,19721.46,7437.69,1077.66,0.217,5.517,17.51,10.0,90.0
86634.03,13321.36,1460.44,390.74,7.265,6.877,11.49,10.0,86.52
53475.96,6994.46,8992.42,1785.18,6.996,4.169,13.55,10.0,77.71
47446.36,12162.13,1916.91,1676.66,2.37,6.586,5.0,10.0,90.0
98006.83,14528.85,6792.31,730.61,3.394,5.535,19.75,10.0,88.56
28050.82,24996.91,6297.31,1670.42,8.991,3.296,11.51,10.0,74.35
29382.34,16460.27,7880.55,1089.72,1.657,3.296,16.23,10.0,90.0
36268.05,17662.36,5739.99,360.15,8.371,6.551,24.74,10.0,77.39
25548.16,12794.9,1065.88,1247.71,1.775,9.571,5.0,10.0,90.0
44142.9,9507.75,7205.54,1374.93,4.869,2.095,13.96,10.0,74.01
91975.08,20510.87,4139.97,213.59,5.04,3.986,25.9,10.0,78.06
65381.31,12878.38,3542.71,663.18,4.774,8.077,14.07,10.0,90.0
47075.19,24872.56,9920.9,60.5,2.951,1.318,43.91,10.0,70.4
94096.97,11970.89,6108.8,667.04,2.608,9.942,18.84,10.0,90.0
14361.78,2632.01,7251.83,704.12,7.358,6.814,20.36,10.0,82.28
28924.86,17381.88,5500.1,1278.91,2.829,9.117,12.85,10.0,90.0
60929.97,2119.39,7814.74,438.13,6.138,8.397,23.49,10.0,81.65
65399.74,7012.04,7644.69,108.68,8.482,7.794,36.71,10.0,71.16
13560.18,9489.72,6742.89,665.49,8.387,0.426,20.79,10.0,69.16
46273.49,18747.61,9978.56,1659.96,1.755,4.124,16.36,10.0,90.0
68423.86,12861.66,4868.04,828.33,6.582,2.098,15.35,10.0,73.23
72826.35,1687.5,7208.83,859.43,6.063,8.726,16.3,10.0,87.01
67432.59,15804.4,8078.89,964.6,2.892,6.835,18.23,10.0,90.0
38850.69,10874.47,4072.33,1515.99,3.975,1.16,7.5,10.0,72.72
18416.81,23124.03,4843.16,986.05,2.923,3.66,13.8,10.0,88.38
48440.12,12989.5,9707.09,228.0,5.417,0.786,32.15,10.0,68.28
21587.9,18015.4,806.76,452.48,8.056,7.426,5.0,10.0,87.61
95286.13,6252.84,3685.31,416.4,8.787,4.241,16.91,10.0,77.38
52765.38,19263.37,5119.02,1040.33,7.256,2.42,12.7,10.0,72.54
38553.33,18302.93,513.92,108.36,4.886,5.225,13.36,10.0,85.55
78967.37,22697.96,9041.71,603.05,9.585,0.516,23.51,10.0,68.18
54815.37,1811.72,3219.32,1234.03,5.682,2.647,5.55,10.0,77.66
37903.06,11740.02,2948.2,741.57,4.838,1.836,12.56,10.0,76.66
83077.1,17299.73,8293.1,1430.04,8.582,9.313,15.33,10.0,86.35
88043.69,3283.93,3140.84,812.88,1.928,3.833,10.38,10.0,90.0
70570.73,10854.5,6747.41,1959.55,1.663,5.886,10.71,10.0,90.0
14226.8,23611.52,8304.28,1932.44,7.847,5.079,12.81,10.0,80.88
60969.06,11462.43,8028.53,1609.69,8.719,6.626,14.53,10.0,82.98
78696.54,24649.71,7928.53,1911.06,0.82,2.863,12.91,10.0,90.0
22285.27,2364.14,1342.06,449.32,7.664,1.296,9.99,10.0,69.88
30580.37,18227.91,1258.55,1514.3,4.302,0.906,5.0,10.0,70.44
89424.56,14944.39,3414.32,677.23,7.067,2.015,13.43,10.0,70.98
11810.95,13012.95,841.5,1464.32,1.436,4.88,5.0,12.51,90.0
77745.44,24300.34,5254.08,779.09,9.733,2.437,15.99,10.0,70.42
52639.6,4111.61,4250.43,614.37,8.825,4.397,15.9,10.0,75.9
50209.49,22503.97,5791.75,1919.65,4.119,0.39,10.88,10.0,68.8
10638.69,17589.77,3338.49,459.28,8.944,6.313,17.95,10.0,80.02
83745.84,7215.91,5114.66,1529.21,8.96,8.794,9.54,10.0,86.63
42384.24,22640.06,3680.08,1365.61,4.666,0.571,8.93,10.0,69.12
58668.91,11303.08,2354.48,641.78,9.474,2.259,10.83,10.0,70.67
70957.06,20541.46,6668.98,943.77,9.771,3.246,16.63,10.0,71.61
73236.66,10332.08,6897.64,328.74,2.25,2.944,25.64,10.0,80.16
96038.21,21422.34,8377.7,1846.36,0.76,0.5,12.5,10.0,81.17
57820.6,16279.1,8810.14,1937.83,3.378,1.155,13.32,10.0,72.86
45974.76,4385.12,7192.39,1478.3,4.939,9.133,13.85,10.0,90.0
95833.33,16591.92,7031.23,1706.37,1.017,7.142,12.61,10.0,90.0
67789.92,5592.27,1038.42,211.1,1.493,9.589,13.57,10.0,90.0
36833.53,10886.14,1542.9,798.74,9.72,4.461,6.0,10.0,75.97
21381.78,5087.09,8219.35,695.08,7.399,8.802,21.3,10.0,81.7
85829.91,1528.39,2713.04,1151.66,8.762,8.184,5.17,10.0,85.75
42596.34,6085.28,3877.87,407.54,9.714,8.762,19.58,10.0,83.13
69442.27,13872.93,1880.32,1148.59,3.844,0.488,5.0,10.0,67.47
52373.48,12557.46,2353.94,1326.01,6.91,6.56,5.0,10.0,88.37
27903.68,13035.93,7866.46,308.09,1.922,5.71,27.68,10.0,80.68
64151.79,6944.49,2987.67,306.86,5.562,5.498,19.92,10.0,82.85
15461.48,17443.87,4765.83,119.08,2.178,5.093,31.32,10.0,75.02
47200.82,17902.32,1940.88,1533.74,1.688,7.98,5.0,10.0,90.0
59195.34,9591.23,6940.33,695.47,1.075,9.684,19.95,10.0,90.0
49244.23,22148.08,7418.56,489.57,5.839,8.306,23.74,10.0,81.58
77380.5,16456.56,3936.08,1567.28,9.504,8.717,7.61,10.0,88.43
84513.25,18112.94,7955.09,329.35,1.31,4.891,26.77,10.0,83.03
79411.88,7656.16,2779.11,883.01,5.073,6.937,9.6,10.0,90.0
13493.17,1014.68,7073.09,1502.33,6.902,4.214,12.41,10.0,80.81
27471.59,21769.01,7434.66,1168.97,5.009,3.667,16.27,10.0,80.32
58294.68,20738.19,9702.25,1130.3,9.127,8.963,18.51,10.0,85.63
94133.98,3956.61,2707.06,357.05,1.746,9.062,15.02,10.0,90.0
85146.11,9978.52,1390.25,402.82,0.339,6.854,10.05,13.82,90.0
85828.11,16872.14,2998.84,1185.99,3.893,8.395,8.11,10.0,90.0
37288.74,16650.66,1667.19,95.96,5.599,3.668,24.33,10.0,74.53
48650.31,21648.41,2112.1,1744.78,2.62,4.394,5.0,10.0,90.0
52363.54,4366.44,3674.09,733.42,1.767,8.228,12.32,10.0,90.0
24163.44,11318.55,4432.91,862.4,8.068,4.041,14.42,10.0,76.0
12796.13,3333.39,9085.38,553.94,1.967,0.496,24.43,16.53,70.4
95221.26,10350.29,2358.35,1759.51,4.483,3.598,5.0,10.0,86.26
31664.13,1362.58,9731.71,1302.88,9.549,4.042,14.39,10.0,75.59
31595.4,22558.55,8196.46,927.32,6.166,1.631,19.46,10.0,72.81
17504.11,13649.06,8873.98,1191.35,5.027,3.507,17.95,10.0,78.78
93565.7,21395.25,9329.72,791.72,3.666,9.351,21.88,10.0,90.0
62176.34,2437.71,7655.79,957.89,5.252,8.599,16.11,10.0,90.0
70033.32,6458.99,7993.41,747.38,7.37,4.515,20.0,10.0,77.27
92041.92,7225.12,4659.27,850.82,8.243,7.128,13.66,10.0,83.57
41105.82,10280.6,5349.28,664.2,6.533,1.603,17.53,10.0,71.01
65935.66,20268.79,9358.61,201.4,7.924,7.55,32.8,10.0,74.27
13491.95,10277.39,4093.43,122.83,0.975,4.81,30.52,10.0,80.06
26809.53,5911.68,898.5,389.51,0.242,7.253,6.98,20.47,90.0
84812.12,2559.77,7746.17,540.69,7.371,6.476,21.47,10.0,78.35
79009.15,2907.8,5945.0,1786.42,2.691,2.404,8.26,10.0,85.31
41557.84,19241.13,8241.32,1241.93,8.789,8.363,15.63,10.0,84.62
43912.96,11675.27,1217.74,1918.68,5.405,5.765,5.0,10.0,90.0
58019.9,18428.35,6401.7,712.31,4.837,7.864,18.59,10.0,89.45
10021.69,17374.89,2853.21,833.39,7.751,1.03,11.02,10.0,70.82
31711.99,4248.7,9081.05,1453.52,7.437,6.192,15.35,10.0,82.09
28740.86,4429.31,1544.14,1176.91,7.072,2.99,5.0,10.0,76.15
32543.47,19128.21,8509.16,1079.37,6.93,8.623,17.04,10.0,87.68
82531.53,18310.44,1341.27,1172.35,5.202,9.5,5.0,10.0,90.0
35170.65,10072.74,738.42,1189.06,9.272,0.653,5.0,10.0,67.49
27236.92,2858.13,2733.06,1543.19,8.917,7.27,5.06,10.0,84.63
55383.71,1290.35,3663.92,1352.76,3.361,1.119,6.72,18.89,73.36
87908.05,7915.77,6452.02,1916.76,8.066,8.589,10.18,10.0,86.81
31721.47,1221.33,1751.38,1898.53,8.922,1.333,5.0,12.7,71.06
17068.26,6521.74,4654.63,872.75,6.221,2.031,14.47,10.0,72.23
42076.43,11068.02,2440.5,119.66,5.6,2.591,26.83,10.0,72.03
77288.66,3913.98,8625.38,71.6,6.752,7.306,39.67,10.0,66.85
59562.15,3502.67,927.18,290.23,1.714,2.996,7.81,19.01,90.0
83511.4,22514.5,3881.41,196.05,0.965,6.001,25.76,10.0,87.47
96363.29,15051.28,6498.05,778.06,8.219,5.762,17.94,10.0,79.85
81339.62,23426.94,9174.34,153.11,5.776,4.082,35.2,10.0,70.46
64342.28,9299.83,8745.94,1268.58,1.313,5.441,16.21,10.0,90.0
54400.74,17251.48,9004.32,420.84,4.222,1.27,26.35,10.0,69.21
13606.22,5912.6,1097.11,1052.23,3.053,8.774,5.0,10.0,90.0
98588.98,15840.17,8488.77,251.0,8.767,2.15,29.5,10.0,70.03
44513.3,4110.06,7909.17,1664.07,5.121,8.814,12.99,10.0,90.0
23700.54,1049.94,9073.1,1570.92,5.817,5.236,13.28,10.0,83.9
70003.8,23356.76,3459.97,803.65,2.429,6.178,13.27,10.0,90.0
35585.95,14317.47,9161.77,1825.66,8.011,2.647,13.75,10.0,72.02
62720.04,23246.58,4325.09,412.12,9.308,2.301,20.9,10.0,72.96
62809.11,9011.96,6523.95,1637.18,7.946,4.958,11.3,10.0,79.73
50115.68,8866.87,4529.7,1114.42,4.979,2.747,11.75,10.0,78.14
85250.68,10615.72,4562.66,692.68,8.367,4.289,16.23,10.0,75.94
33847.04,17944.98,5693.05,214.5,1.961,4.458,28.72,10.0,79.0
50376.93,14579.41,3881.3,384.06,1.223,2.782,19.85,10.0,89.37
58392.29,23208.52,8031.0,1732.58,4.438,2.988,13.35,10.0,79.94
69726.22,1610.58,6519.57,1233.43,1.897,9.732,12.37,10.0,90.0
80557.47,17996.7,7052.68,512.34,2.666,5.916,23.02,10.0,88.58
45532.66,8927.86,2694.83,1016.91,5.893,8.336,8.22,10.0,90.0
68144.22,5325.61,9710.97,260.28,4.099,0.553,30.09,10.0,70.5
23554.99,13249.49,6771.67,242.74,8.672,0.119,29.34,10.0,65.63
93938.33,13121.53,2373.36,1820.14,2.334,5.239,5.0,10.0,90.0
44475.29,4288.26,7629.66,942.82,9.968,8.285,17.88,10.0,80.24
75656.93,5845.51,2150.28,755.06,3.658,6.148,9.04,10.0,90.0
11830.7,10795.95,1102.16,1900.69,5.202,6.226,5.0,10.0,90.0
28466.84,10811.47,5511.76,828.05,1.41,1.48,15.86,10.0,85.59
53837.43,8621.4,5758.48,705.67,5.835,9.788,17.54,10.0,89.99
89042.72,4565.08,2295.17,582.32,9.617,5.344,9.48,10.0,77.67
57452.96,1104.97,3809.6,1151.87,7.519,1.116,9.09,13.12,70.07
93688.34,24285.64,9484.81,1138.9,2.516,4.201,16.95,10.0,90.0
53541.72,23643.98,3207.53,81.58,4.482,0.813,32.06,10.0,69.26
54140.42,12607.61,1977.9,1325.42,4.312,4.24,5.0,10.0,89.47
20777.21,24881.24,9929.34,1587.2,1.07,7.144,15.9,10.0,90.0
82239.06,17167.7,3371.9,1251.13,8.87,3.303,8.58,10.0,73.48
32226.89,2652.58,6962.41,1746.28,3.876,3.2,11.46,10.0,84.58
90965.12,3825.24,2699.82,589.01,4.993,5.192,11.08,10.0,88.08
91974.18,22986.66,5726.15,424.36,2.983,5.035,22.38,10.0,85.84
94897.91,16121.25,4169.68,1409.69,1.609,4.725,8.18,10.0,90.0
56820.74,21236.41,9635.0,417.69,9.031,5.217,28.31,10.0,72.17
70938.44,22558.47,4611.66,227.65,0.47,0.575,26.18,15.45,78.18
80066.43,11750.61,6049.65,238.4,4.059,4.795,28.04,10.0,77.5
21791.32,2164.62,9475.28,1548.37,7.334,9.921,15.7,10.0,88.95
64086.15,5518.73,9897.73,106.04,3.158,7.667,38.51,10.0,71.37
13086.81,2597.73,1465.75,614.44,4.516,2.947,7.59,11.52,81.12
54780.95,5529.76,8426.05,301.91,5.688,6.809,28.73,10.0,78.05
23935.84,10852.79,4130.11,1522.07,9.951,3.366,7.86,10.0,73.1
26463.06,3836.72,6150.87,1031.81,7.607,1.996,15.5,10.0,71.53
42854.28,5001.6,4062.96,450.71,9.674,7.758,19.74,10.0,80.36
48919.35,11699.72,4310.6,1513.3,6.962,2.175,9.83,10.0,72.34
66085.52,9164.1,2009.15,1513.21,2.764,8.6,5.0,10.0,90.0
16698.56,12223.79,5941.28,1069.89,2.946,3.866,15.79,10.0,88.13
55332.26,11300.13,5693.8,587.91,8.242,7.593,18.92,10.0,83.35
26436.26,16467.47,2298.88,1193.24,4.334,2.67,5.38,10.0,81.93
61657.77,23492.55,5646.44,1870.38,3.765,6.562,9.06,10.0,90.0
67366.42,3588.74,9744.47,150.69,9.456,2.204,35.95,10.0,70.05
60103.83,3382.24,7286.88,570.55,0.231,0.316,20.24,51.95,84.95
76446.6,21467.35,5069.33,605.69,5.297,8.165,17.63,10.0,88.46
40204.83,13153.52,9202.8,1282.03,7.773,8.576,16.47,10.0,85.27
78859.59,19393.72,5965.49,1319.77,7.388,8.818,13.02,10.0,86.94
48949.04,6170.13,1782.96,452.32,3.739,0.459,10.89,10.0,69.11
53576.6,20892.7,5701.34,471.4,5.403,7.633,22.5,10.0,85.61
68329.19,23172.32,2219.24,1860.01,0.155,8.375,5.0,10.0,90.0
11652.25,16251.59,7791.3,1524.78,5.395,3.186,14.29,10.0,79.34
68859.48,3541.1,9688.16,1871.83,5.945,4.757,11.75,10.0,84.61
65672.66,22487.08,3927.78,1667.84,8.76,4.138,6.68,10.0,76.26
37886.24,20019.71,4631.72,834.13,2.186,4.457,15.0,10.0,90.0
17721.49,19021.07,4504.22,287.72,8.269,8.482,23.92,10.0,79.68
18184.19,1881.48,3210.35,1277.62,7.209,4.237,6.85,10.0,77.59
93090.14,20175.1,8044.71,736.38,6.694,3.093,20.59,10.0,74.16
72035.14,4310.82,6368.42,879.55,4.004,1.391,15.16,10.0,74.49
21439.24,6337.27,1108.49,880.47,3.738,6.781,5.0,10.0,90.0
42105.09,14851.24,8468.66,1876.21,7.062,0.934,14.05,10.0,67.57
63323.47,7359.54,2277.34,184.28,9.903,0.706,20.4,10.0,68.0
85201.45,16872.36,9801.94,426.55,4.113,6.848,27.45,10.0,81.42
13929.48,15593.69,4078.3,1235.49,9.194,6.973,9.98,10.0,83.86
31296.98,3595.59,6356.27,1773.33,5.907,2.071,10.89,10.0,74.93
90077.41,16744.35,1239.32,1839.99,8.695,9.576,5.0,10.0,89.75
10824.9,23174.92,3774.3,1139.45,2.25,7.899,10.62,10.0,90.0
28125.92,4866.64,8122.36,117.39,7.646,6.896,35.97,10.0,68.07
96312.18,15329.49,5033.48,757.62,8.366,7.568,16.7,10.0,81.38
65206.17,9204.77,9093.73,1841.72,8.338,4.178,13.61,10.0,74.85
33550.42,12030.68,5963.82,1024.89,7.869,4.611,15.9,10.0,78.81
16029.2,7888.0,9321.44,1466.9,3.112,8.715,16.79,10.0,90.0
12537.22,9499.14,9834.79,574.93,5.267,0.352,24.73,10.0,66.68
32027.06,1693.88,4812.0,98.76,3.067,8.044,32.24,10.0,73.48
89333.72,24557.24,5868.99,1177.8,3.495,4.531,14.28,10.0,90.0
47432.23,15995.2,8431.75,1678.21,3.082,4.693,14.59,10.0,90.0
74830.0,13016.93,2604.56,1981.02,2.914,3.324,5.0,10.0,90.0
92645.65,10209.17,8685.48,1700.92,6.965,6.11,13.13,10.0,82.64
46723.64,13944.99,6123.24,1130.29,6.538,6.789,14.71,10.0,86.77
27214.96,10122.54,7392.25,1237.02,2.122,1.691,14.75,10.0,81.97
56540.61,9637.79,1258.61,1657.12,6.946,5.701,5.0,10.0,86.04
91727.53,12134.72,7778.78,88.63,2.982,4.703,38.31,10.0,70.01
82393.7,7623.59,3452.48,1905.71,2.097,7.841,5.0,10.0,90.0
15924.69,5321.2,8149.71,1085.88,7.498,5.498,17.29,10.0,79.58
72331.55,14358.54,5336.95,1906.5,3.692,4.353,8.69,10.0,89.64
61470.78,21226.37,3108.84,1540.81,5.737,5.336,6.5,10.0,86.56
91671.69,4667.88,9551.22,347.02,2.081,4.957,27.23,10.0,81.13
21023.33,1785.62,7768.09,372.26,6.176,9.358,25.63,10.0,80.73
58063.25,6923.48,9864.02,739.61,2.159,3.188,22.49,10.0,86.24
89151.64,24513.3,3962.46,564.78,1.752,0.47,17.13,10.0,72.46
46902.14,20890.19,6667.59,906.63,3.927,6.654,18.24,10.0,90.0
53379.54,15300.79,6310.09,1227.61,7.922,6.078,14.0,10.0,80.83
16341.46,23301.97,7031.79,901.33,1.848,9.109,17.43,10.0,90.0
35032.93,11686.7,864.01,160.02,1.259,1.263,14.65,13.1,84.6
39205.6,24598.73,3271.33,1952.48,0.413,5.274,5.0,10.0,90.0
95061.02,8111.25,9138.71,878.99,4.218,1.593,19.27,10.0,73.63
35440.06,6767.34,4526.29,1709.6,2.892,4.612,8.5,10.0,90.0
51478.19,16313.16,9626.11,194.21,2.992,8.014,33.55,10.0,73.49
70417.4,10075.7,2528.28,1629.63,9.821,8.588,5.0,10.0,87.74
24596.5,16032.77,9975.53,388.14,2.022,8.355,28.01,10.0,82.28
53779.81,8319.89,7127.02,1374.84,4.638,5.519,13.83,10.0,86.88
76468.51,15830.04,7875.74,1340.52,9.865,6.376,14.67,10.0,80.05
88016.97,7617.91,4270.18,1824.12,0.403,5.56,7.05,10.0,90.0
66363.33,2223.33,9116.58,675.32,6.997,5.656,21.28,10.0,78.82
70214.82,22891.26,5681.9,262.47,3.774,8.863,27.08,10.0,83.85
21365.51,22196.92,6968.91,1735.9,9.07,2.172,12.5,10.0,70.05
95119.88,24299.16,1400.68,696.58,9.128,4.444,5.73,10.0,77.3
21931.67,18196.65,6500.97,503.44,3.933,6.14,22.26,10.0,85.94
79720.56,17385.31,8851.25,998.11,2.292,7.677,18.41,10.0,90.0
33833.47,14416.07,2193.69,334.96,4.337,7.643,16.18,10.0,90.0
94023.38,4022.62,7508.4,629.08,9.657,1.261,19.51,10.0,67.62
74796.36,5541.65,741.31,801.3,2.886,2.297,5.0,10.0,84.77
77843.23,7947.27,9298.93,590.65,9.815,9.124,23.48,10.0,78.77
29715.33,22363.75,9837.71,928.01,8.212,3.639,20.19,10.0,73.93
49873.6,5151.27,3864.71,800.07,2.748,0.127,13.29,12.13,67.33
65603.19,23148.96,1517.2,1560.45,7.932,2.078,5.0,10.0,71.65
79297.63,13546.86,6756.48,1840.9,0.593,9.699,11.25,10.0,90.0
19356.34,18173.67,783.43,246.8,5.526,3.167,10.34,10.0,78.99
96612.88,3645.87,5083.62,1655.44,3.638,6.176,7.11,10.0,90.0
90119.86,7456.81,3081.9,1866.95,4.327,7.294,5.0,10.0,90.0
34331.37,24004.45,4996.72,1388.9,4.781,6.501,10.74,10.0,89.39
84048.42,7387.6,673.62,1993.02,5.077,3.838,5.0,10.0,83.87
56649.15,8116.52,990.32,703.33,6.598,4.361,5.0,10.0,80.83
51562.58,5742.34,651.77,1669.1,6.998,8.396,5.0,10.0,90.0
38299.07,4097.77,6381.75,1363.72,9.759,6.662,13.13,10.0,81.2
62287.17,6598.18,5820.88,680.69,7.652,0.332,17.42,10.0,67.31
75690.02,16415.85,2715.0,1424.12,6.909,2.114,5.6,10.0,72.77
46983.96,11928.83,6643.11,1043.76,3.985,2.934,15.82,10.0,82.05
66629.73,14290.14,8899.97,418.5,1.266,3.718,27.08,10.0,84.46
72938.16,3936.76,3134.56,389.07,0.682,5.811,16.0,10.0,90.0
74000.96,20250.79,8403.94,1441.13,4.829,3.728,14.79,10.0,82.08
14676.95,19818.27,6793.84,1438.26,6.716,8.268,12.78,10.0,88.15
87377.3,1518.16,821.29,1085.01,6.537,4.791,5.0,12.2,83.86
51242.8,10204.36,4063.92,1027.76,9.533,5.072,11.5,10.0,78.14
33617.45,2650.49,5323.69,401.07,3.886,4.331,21.88,10.0,82.13
31758.81,20010.54,7451.14,887.11,6.315,3.174,18.74,10.0,76.46
53471.27,18694.47,3227.74,1749.23,8.89,7.276,5.18,10.0,85.44
89814.84,22647.71,9835.94,1716.72,4.1,2.373,15.35,10.0,76.29
44051.28,6673.7,7003.13,1338.79,4.83,6.926,14.99,10.0,90.0
77475.32,11951.1,4041.73,1994.85,9.237,5.344,5.31,10.0,80.37
18713.69,5427.71,1421.74,1791.7,5.547,1.112,5.0,10.0,70.64
52845.1,9909.64,2222.99,333.2,8.016,0.278,17.27,10.0,65.68
99251.75,13533.84,5132.27,828.32,9.363,1.777,15.17,10.0,69.11
79339.4,2279.94,5199.61,307.28,5.753,7.634,22.89,10.0,82.14
28947.56,18156.89,7793.33,958.87,1.181,3.908,18.74,10.0,90.0
55129.73,14039.04,7398.68,1563.95,8.235,8.068,13.36,10.0,85.82
31026.23,20895.02,2412.09,353.79,8.196,5.069,16.96,10.0,78.84
46860.48,7522.73,6152.09,1766.82,1.238,0.424,10.46,15.52,75.32
80207.56,22679.71,695.91,1159.66,5.526,8.476,5.0,10.0,90.0
79410.23,24968.66,4286.2,1510.44,4.922,9.369,8.74,10.0,90.0
30529.03,23063.16,7759.0,138.05,8.487,0.835,34.47,10.0,66.62
93000.1,19669.42,4295.33,232.98,2.819,2.163,25.6,10.0,75.21
63331.14,20496.85,8438.16,1260.68,4.32,7.184,16.77,10.0,89.91
44193.19,14769.86,9773.48,1684.47,6.087,9.972,15.25,10.0,90.0
55174.2,5563.69,6268.52,1754.04,5.221,8.775,10.53,10.0,90.0
64456.41,17248.98,1877.54,1392.32,9.555,1.08,5.0,10.0,68.9
60390.15,18106.07,4106.93,441.83,9.611,6.112,18.89,10.0,79.01
53776.45,24649.24,590.09,430.29,0.908,6.686,5.0,10.0,90.0
55443.95,13991.23,6225.9,1768.66,3.049,6.345,10.96,10.0,90.0
25877.07,7512.86,8304.9,270.81,0.175,5.724,29.52,10.0,81.12
83145.96,17408.14,6484.43,1387.84,4.237,2.993,12.48,10.0,83.36
58758.43,24505.02,7967.82,1090.34,6.655,6.718,16.99,10.0,85.29
21797.19,5253.13,8099.09,871.77,4.766,7.312,19.12,10.0,88.13
78954.14,8823.95,8584.62,908.65,0.765,5.8,19.33,10.0,90.0
93919.96,14005.14,3033.31,1893.15,2.04,5.022,5.0,10.0,90.0
95257.62,5085.15,8777.05,1729.81,1.816,2.268,12.98,10.0,90.0
43211.6,1533.3,6713.89,1736.72,5.16,5.493,9.25,10.0,87.46
22196.52,9087.59,3252.39,842.91,6.809,1.37,11.92,10.0,70.63
56655.97,21768.9,9879.3,258.61,3.232,0.82,31.87,10.0,69.01
20134.83,2043.24,9526.73,1995.79,1.392,7.801,13.18,10.0,90.0
94058.87,11294.3,5957.19,333.42,8.006,6.795,24.52,10.0,77.65
26522.17,19292.82,8510.48,1055.39,8.598,6.525,17.74,10.0,78.84
32748.93,23876.38,2984.2,566.01,2.837,9.288,14.37,10.0,90.0
46597.29,24651.41,4452.35,1045.95,4.265,3.87,11.62,10.0,85.51
44484.8,11127.27,2247.73,644.62,0.911,4.057,10.26,10.0,90.0
81519.66,23809.22,5440.98,1798.93,2.354,4.196,9.01,10.0,90.0
51068.51,1850.06,5212.01,1938.27,7.693,4.706,6.84,10.0,81.42
25369.14,18902.01,2521.73,849.63,3.715,5.177,9.71,10.0,90.0
34048.89,16425.9,6891.62,186.87,6.086,7.802,30.73,10.0,73.57
55820.2,6988.52,1619.01,1343.51,9.467,2.255,5.0,10.0,71.15
23270.85,13175.64,1086.07,784.42,7.264,4.397,5.0,10.0,79.86
65049.01,4109.29,4156.6,1972.64,4.589,5.101,5.0,10.0,90.0
60917.26,21918.33,4393.34,224.28,3.732,1.774,26.21,10.0,74.67
74323.21,9589.55,3537.54,282.3,1.986,7.049,21.95,10.0,90.0
94393.42,16025.07,2950.49,1413.88,7.586,0.657,6.93,10.0,65.63
92102.91,4810.63,3718.38,1529.37,1.213,5.901,6.6,10.0,90.0
95146.81,5947.96,2052.07,968.64,0.708,2.101,5.0,19.26,90.0
32024.4,24806.95,4332.8,590.67,1.138,0.184,17.06,10.0,67.61
21840.88,19074.07,9093.73,654.13,2.505,3.226,23.21,10.0,82.19
37204.9,24087.32,2632.06,709.05,6.309,4.348,9.96,10.0,80.93
90557.67,8100.43,7002.29,489.3,8.627,8.191,22.23,10.0,80.53
97484.81,4949.51,1846.95,1708.75,9.927,4.138,5.0,10.0,72.58
87339.25,13073.64,3862.11,176.9,7.342,9.163,26.35,10.0,79.91
19901.59,12872.04,3551.16,844.19,1.545,8.441,12.79,10.0,90.0
95268.52,5198.72,9401.78,1507.83,2.849,2.008,12.89,10.0,82.31
48102.22,18597.27,4565.83,57.46,1.407,1.642,38.06,10.0,70.73
10837.93,9682.66,7059.43,1762.16,1.244,2.514,11.78,10.0,90.0
49815.44,5472.77,6223.4,1427.27,5.721,3.661,12.23,10.0,79.78
14146.23,8967.6,1839.79,193.08,9.077,5.876,19.05,10.0,78.36
58949.01,14527.81,9425.63,1795.24,6.875,1.328,15.07,10.0,71.42
40469.86,18435.3,3785.76,1000.24,8.026,5.367,11.52,10.0,79.97
52609.14,12565.38,925.2,1321.87,5.13,5.85,5.0,10.0,90.0
65185.33,13614.28,3354.22,1769.97,4.806,6.643,6.42,10.0,90.0
88192.1,4334.7,3688.52,1768.27,9.381,5.546,5.0,10.0,81.55
69571.14,22952.58,1381.08,847.05,7.247,8.269,5.0,10.0,89.86
49064.4,23289.38,6389.79,513.49,4.647,6.452,21.49,10.0,84.03
83748.51,17402.24,3794.26,551.97,3.393,9.253,16.22,10.0,90.0
91502.39,1423.15,6476.78,1543.59,1.022,7.039,10.6,10.0,90.0
20778.4,13889.78,564.04,1862.39,8.228,4.417,5.0,10.0,78.12
57873.97,16101.26,9829.46,190.85,1.776,2.176,35.11,10.0,71.78
35606.08,24871.7,2119.91,79.29,5.199,0.204,29.38,10.0,65.36
14235.51,24905.61,6763.64,1654.72,6.409,0.995,12.12,10.0,69.03
70169.2,21582.67,7299.95,803.88,7.466,1.978,18.29,10.0,67.49
87649.37,2531.94,2130.28,589.08,0.925,2.243,9.01,22.04,90.0
24661.24,23878.63,1561.27,417.33,0.206,7.446,11.94,11.5,90.0
83117.23,15703.87,1949.48,725.64,7.089,3.922,7.96,10.0,80.19
86805.62,20221.28,2844.77,1944.36,4.598,3.313,5.0,10.0,82.67
92290.64,10772.63,2098.21,1955.31,1.893,0.618,5.0,10.0,72.07
33875.66,8672.07,6902.99,696.45,9.822,5.433,19.21,10.0,76.3
91355.78,12117.86,4497.92,1929.2,7.934,6.168,6.71,10.0,84.73
38859.65,4524.99,5609.02,634.73,5.827,8.791,18.27,10.0,88.48
59710.42,9569.59,949.7,1716.24,7.051,5.078,5.0,10.0,82.14
14545.67,21582.82,8681.87,463.41,1.635,0.176,24.85,10.0,68.2
13949.3,1910.81,2120.43,1661.65,9.626,0.746,5.0,10.0,67.59
74833.59,4621.07,3921.45,739.77,9.964,2.783,12.29,10.0,71.37
50003.2,4002.79,1183.07,431.66,6.52,1.478,8.29,10.0,71.25
33066.31,10673.81,1799.53,1872.82,6.716,7.729,5.0,10.0,90.0
27137.21,24927.69,6825.09,467.66,7.074,1.168,23.49,10.0,67.65
70295.81,5160.59,7079.58,1984.08,6.691,1.692,9.53,10.0,71.81
10036.14,4491.58,6931.17,261.72,4.442,6.701,27.99,10.0,75.98
82530.21,22961.34,5745.3,69.54,5.453,2.472,38.8,10.0,69.56
17132.46,22169.21,9548.96,1748.05,2.899,9.694,14.49,10.0,90.0
27234.07,1773.77,5318.18,1193.88,4.524,8.646,10.8,10.0,90.0
44761.28,19040.94,4769.41,872.17,4.417,7.471,14.87,10.0,90.0
53637.29,16731.18,2851.68,209.83,2.953,3.497,23.81,10.0,81.04
41949.56,19425.78,1439.07,1171.04,7.888,0.662,5.0,10.0,70.6
38864.09,12868.06,5707.47,817.76,4.156,3.43,15.96,10.0,83.85
96752.44,24793.1,3491.46,993.06,5.562,3.83,10.94,10.0,80.62
67742.17,2052.33,5478.24,1279.26,1.645,1.362,10.97,14.6,82.52
12108.97,6624.92,2458.13,1297.87,4.802,1.294,5.27,10.0,70.46
48715.83,10517.1,8462.64,1923.17,7.638,6.714,12.42,10.0,85.28
88750.78,11794.67,9997.12,1327.35,4.501,2.401,16.59,10.0,76.89
37131.06,23112.82,3562.83,711.84,5.622,6.812,14.1,10.0,88.39
18510.07,14440.1,8502.11,692.78,7.047,5.528,22.7,10.0,81.16
78254.63,2082.66,8793.37,980.46,3.951,9.024,17.9,10.0,90.0
64541.24,10788.71,9962.7,555.69,3.597,7.992,25.0,10.0,82.73
61328.13,10995.77,3755.84,784.06,0.949,1.599,13.2,10.48,90.0
14821.89,24171.78,7682.39,1692.12,5.864,6.141,13.3,10.0,88.4
22644.91,15380.73,2673.69,1726.54,7.099,6.566,5.0,10.0,87.39
66029.45,16255.63,6435.56,1274.2,5.854,8.634,13.61,10.0,90.0
28704.15,18118.07,7196.0,1186.54,2.907,6.445,15.68,10.0,90.0
55366.31,19480.94,7540.65,882.84,2.697,1.493,19.18,10.0,74.71
59039.35,16241.23,2468.14,1290.0,1.679,2.659,5.42,10.0,90.0
35515.65,6692.66,8562.89,1621.8,0.565,6.412,14.17,10.0,90.0
95358.26,21977.1,4499.23,1488.8,4.326,9.128,9.33,10.0,90.0
85821.77,18570.88,2555.51,119.15,1.689,8.926,26.87,10.0,83.3
75013.62,18804.89,5654.05,1475.7,6.939,3.656,11.96,10.0,77.8
17019.45,24917.36,8701.89,1453.9,9.621,8.324,14.97,10.0,84.15
19551.7,20260.64,9687.34,243.03,0.827,5.162,31.88,10.0,77.09
54350.32,20899.63,7607.97,342.98,8.94,4.697,27.39,10.0,71.9
24464.2,23833.73,553.42,1586.42,6.611,3.574,5.0,10.0,80.86
98043.89,4627.22,1779.66,1140.03,8.617,6.814,5.0,10.0,85.01
24266.82,12945.46,1224.6,1652.18,1.634,6.036,5.0,10.0,90.0
53872.11,14933.61,1461.53,410.25,9.074,3.809,11.8,10.0,74.8
42770.9,8902.62,4138.83,109.7,9.583,7.652,31.21,10.0,71.24
67544.78,21145.68,3715.69,365.79,9.076,3.856,20.38,10.0,76.18
21613.28,19298.07,1580.01,932.51,7.876,5.885,5.0,10.0,85.35
48728.48,18301.19,8881.24,1070.42,0.994,3.985,18.83,10.0,90.0
34723.45,24931.59,6346.56,1722.52,2.285,1.257,11.45,10.0,75.89
89897.64,7225.15,8066.4,1446.59,9.14,1.696,14.38,10.0,70.24
13652.71,18650.97,4029.72,1981.26,2.371,6.602,5.82,10.0,90.0
92235.47,14233.71,4397.24,203.5,3.542,8.131,26.42,10.0,82.93
84969.47,8511.74,3517.4,303.93,0.6,4.738,19.97,10.0,90.0
36781.36,4854.08,4665.05,214.49,6.318,3.323,26.3,10.0,71.43
81036.16,22501.21,6298.58,1099.99,5.677,3.431,14.61,10.0,79.4
12809.22,15290.93,5183.35,570.38,9.622,6.017,19.3,10.0,75.81
97017.9,20798.41,8460.21,1383.08,8.934,4.73,16.07,10.0,77.22
57393.54,14088.28,9051.32,308.75,5.109,0.107,29.49,10.0,67.62
37295.29,6279.45,4962.0,251.22,6.132,7.738,26.09,10.0,79.69
42632.49,9101.17,2777.61,947.32,4.191,1.509,9.23,10.0,73.32
15976.48,10156.93,9479.33,783.0,1.411,6.781,21.53,10.0,89.74
99041.46,24350.44,7482.87,1666.87,8.691,3.508,12.32,10.0,73.29
13536.28,1135.2,6581.21,1683.23,5.54,5.822,9.94,10.0,87.24
68941.64,24655.98,7581.43,278.99,4.311,8.566,27.84,10.0,77.39
49846.23,24531.08,1221.83,1634.03,0.778,1.627,5.0,10.8,90.0
95402.46,24907.62,1142.45,1150.12,6.687,7.799,5.0,10.0,90.0
32139.98,12438.12,1954.65,1031.94,4.057,0.479,5.0,10.0,67.85
57887.81,24131.42,1900.78,234.79,2.612,9.222,17.67,10.0,90.0
53412.06,10494.38,4496.37,1492.28,8.78,2.096,9.17,10.0,72.03
73257.98,1631.07,1995.34,166.29,1.918,7.965,20.22,10.0,90.0
16120.92,6384.33,8617.99,591.5,5.199,0.765,23.17,10.0,70.25
27441.02,23687.11,5991.92,236.09,7.978,3.338,28.11,10.0,72.67
29310.83,1330.35,3998.49,1085.0,8.506,6.372,9.53,10.0,81.85
76433.57,14103.86,1161.41,1308.2,8.205,6.622,5.0,10.0,84.09
27022.48,2814.44,6114.76,1787.17,8.977,7.018,10.22,10.0,84.61
61614.26,7873.52,1607.06,1481.05,1.509,3.574,5.0,10.0,90.0
29371.94,3114.23,7560.59,1924.15,9.411,6.693,11.46,10.0,79.05
87546.25,21628.69,8126.2,1533.85,0.207,4.342,15.07,10.0,90.0
94796.69,15185.7,5667.77,631.24,2.633,5.703,19.15,10.0,90.0
56664.37,22650.56,1921.23,1117.79,0.932,5.518,5.0,10.0,90.0
41707.8,17520.48,7975.2,942.98,9.461,1.765,18.64,10.0,71.2
31065.2,24304.7,3424.36,1153.64,4.297,8.481,8.48,10.0,90.0
14480.29,13237.06,2615.2,1165.57,3.221,8.685,5.99,10.0,90.0
34165.01,16329.05,4970.29,1419.1,1.754,2.117,11.26,10.0,90.0
68881.22,14831.41,9265.14,211.94,1.643,4.224,33.3,10.0,76.14
58025.52,12622.25,3325.05,1506.15,6.178,4.702,6.41,10.0,83.25
94963.72,21303.02,9103.0,330.3,0.566,5.534,28.75,10.0,83.49
45664.95,16468.6,1009.71,101.1,5.984,0.32,20.21,10.0,67.58
72447.7,20231.49,1293.48,1061.87,7.769,7.612,5.0,10.0,88.43
54039.05,19872.73,7136.33,1183.88,6.05,8.633,15.47,10.0,89.99
56131.86,5585.08,2310.63,117.96,8.283,1.508,25.64,10.0,71.23
34099.69,16603.92,3507.9,1054.97,2.726,8.977,11.36,10.0,90.0
50945.57,5791.55,1795.54,1092.41,0.864,8.524,5.0,10.0,90.0
52370.65,14999.69,3656.36,152.37,7.238,5.468,27.52,10.0,74.47
73597.83,17258.43,3164.37,1437.59,8.298,2.82,6.16,10.0,71.35
94657.6,24933.64,7495.21,460.06,5.067,2.154,23.59,10.0,74.2
39638.91,1733.01,7169.22,1599.2,8.224,4.942,11.46,10.0,79.59
13798.04,3189.82,9571.81,656.1,4.633,5.121,23.73,10.0,82.7
54666.56,2848.64,7382.01,981.89,2.065,6.553,16.1,10.0,90.0
59001.52,10560.67,7100.77,1789.11,4.797,8.036,11.26,10.0,90.0
25159.65,20718.12,7094.94,1622.05,2.238,9.352,12.67,10.0,90.0
78441.81,21257.35,8888.19,1574.63,4.773,7.983,15.15,10.0,90.0
98643.62,18687.51,3314.25,362.85,1.561,9.1,17.89,10.0,90.0
95119.72,22525.08,3350.88,143.88,1.937,5.044,27.43,10.0,82.35
27739.54,8748.64,7541.53,1231.23,8.841,0.485,16.58,10.0,67.9
88782.69,3115.71,2672.7,850.85,1.247,0.613,8.5,28.88,79.06
73404.43,2395.67,9164.19,1822.7,2.32,2.758,10.82,10.0,88.15
50846.19,21451.19,5580.43,731.71,9.956,6.178,17.77,10.0,78.61
58654.99,18530.47,3351.19,850.57,5.803,3.419,11.91,10.0,78.88
86464.02,17766.77,7872.95,1075.7,5.9,1.745,17.26,10.0,71.93
53212.14,9152.23,3467.05,1602.98,8.465,8.52,6.54,10.0,90.0
43588.66,10117.72,9651.14,573.18,5.291,9.851,24.22,10.0,83.85
54392.27,23994.72,9838.4,1886.55,2.296,0.265,13.11,10.0,67.31
62121.68,2531.31,6834.56,1102.85,4.282,0.985,13.99,10.0,71.49
27016.99,19569.56,1579.52,1689.91,7.575,5.043,5.0,10.0,84.29
91081.7,8431.2,3000.48,1074.96,8.737,3.443,7.95,10.0,72.75
70676.83,1937.31,5396.46,1555.39,2.805,7.843,9.43,10.0,90.0
66994.2,18821.68,8588.75,150.27,2.694,6.578,34.2,10.0,73.05
18954.66,8941.89,2256.42,1608.46,3.343,0.778,5.0,10.0,70.82
64375.65,18331.54,1491.83,1071.72,6.002,5.494,5.0,10.0,87.76
20886.46,17983.71,1207.54,926.36,2.857,3.432,5.0,10.0,90.0
17082.79,13834.89,5316.19,267.64,8.942,9.655,26.4,10.0,77.97
57457.98,19656.96,8904.66,1496.05,9.782,4.805,15.18,10.0,73.02
46250.7,14944.92,902.41,305.77,6.823,9.284,9.98,10.0,90.0
62992.92,7879.28,2517.05,425.02,9.706,0.399,14.74,10.0,66.8
18030.0,18618.77,7085.94,296.53,2.95,1.122,27.6,10.0,69.75
48788.48,15139.36,8345.7,62.82,8.17,3.924,41.37,10.0,67.55
25730.8,1305.45,8170.3,1340.73,6.817,8.881,13.66,10.0,89.99
98839.01,22639.46,7958.15,578.15,2.706,5.492,22.67,10.0,87.08
60503.52,14095.45,1733.1,341.47,3.252,8.259,14.57,10.0,90.0
71869.32,21847.05,4273.76,673.95,4.937,2.907,15.18,10.0,76.82
39287.65,22185.68,9855.07,1023.22,7.937,1.204,19.47,10.0,69.6
18526.5,11679.2,9894.43,1031.65,8.735,2.536,20.31,10.0,74.05
97828.38,13183.84,6223.06,766.03,6.376,6.489,18.68,10.0,85.07
35763.31,10978.11,7238.04,1015.12,7.244,8.727,16.54,10.0,87.76
48142.74,11786.48,9537.2,883.32,2.712,4.604,20.19,10.0,88.38
68487.75,22483.53,4774.31,1654.2,7.437,2.017,8.26,10.0,70.74
12222.76,19915.46,1800.24,107.75,6.089,6.412,23.36,10.0,81.17
82923.32,4036.62,6855.01,1742.66,2.307,2.05,9.69,10.0,85.18
58292.04,15647.39,9620.97,525.63,9.507,5.746,24.81,10.0,77.01
35039.55,24901.76,7123.46,1457.48,5.177,1.113,14.76,10.0,72.35
15544.72,15293.22,8131.55,839.83,7.965,8.13,19.85,10.0,82.84
24624.86,19860.92,4516.11,623.95,5.304,8.071,17.04,10.0,90.0
90553.05,19457.48,1416.4,1249.93,9.336,5.458,5.0,10.0,79.48
71742.18,9407.62,2104.38,1549.32,1.499,0.478,5.0,11.97,74.23
32491.15,9924.38,9835.22,927.38,5.507,2.874,21.01,10.0,74.45
15904.07,18377.83,5185.25,959.78,0.349,1.469,14.74,14.75,90.0
72155.38,12999.6,614.2,164.77,2.054,5.282,11.22,10.0,90.0
61516.7,14693.7,9575.99,1851.79,2.882,1.107,14.21,10.0,74.76
46406.76,18109.74,5228.91,1701.45,4.779,8.71,9.64,10.0,90.0
42725.03,19661.8,8444.55,826.09,8.22,8.517,19.85,10.0,83.88
29513.28,7516.4,5710.35,1541.65,4.72,1.645,11.77,10.0,73.49
70265.01,4523.05,1466.17,660.89,5.656,6.979,5.0,10.0,89.82
97360.12,8003.07,6347.91,1474.32,9.248,6.995,11.17,10.0,83.99
25814.37,13180.92,9975.3,1057.55,7.59,4.028,19.44,10.0,77.9
63740.5,9211.39,830.01,948.5,0.597,1.615,5.0,25.88,90.0
48176.66,14640.71,8497.04,160.22,1.847,1.408,33.66,10.0,71.16
50201.98,2283.18,2737.07,1932.57,0.478,7.421,5.0,10.0,90.0
32873.26,13234.01,4241.73,1682.95,0.784,2.28,7.55,10.0,90.0
84262.14,9831.64,4040.74,1597.11,3.455,6.074,8.76,10.0,90.0
53673.0,13832.0,9038.57,644.59,7.306,8.672,22.85,10.0,81.67
58906.53,11140.8,5292.62,614.7,2.519,5.972,19.29,10.0,90.0
37428.48,7821.42,4748.16,1167.73,3.984,9.742,12.14,10.0,90.0
26362.76,22698.59,8271.24,1700.14,3.999,6.49,13.86,10.0,90.0
17731.93,5434.36,964.62,1872.53,5.944,3.215,5.0,10.0,79.53
74270.72,17352.77,1321.33,574.41,8.94,8.539,6.98,10.0,87.65
27661.09,23191.47,706.04,1234.46,9.834,3.178,5.0,10.0,74.41
72106.78,13928.08,7035.84,1461.61,6.086,9.719,13.14,10.0,88.74
45133.88,22033.8,5493.35,491.46,5.1,4.83,20.89,10.0,82.38
47419.73,3996.44,8822.21,844.56,6.851,9.537,18.65,10.0,87.53
52225.97,12850.93,5236.06,415.57,6.714,1.918,21.96,10.0,68.92
43093.77,11968.61,2607.29,1412.86,5.287,0.213,5.0,10.0,66.02
19055.8,1194.85,8148.9,1734.38,7.396,2.042,11.48,10.0,70.91
37866.86,11638.18,3296.08,1761.19,4.964,1.074,5.5,10.0,70.99
69736.09,9856.71,9389.05,1356.67,9.965,7.366,17.23,10.0,80.35
69920.6,17075.17,2879.03,726.95,0.585,2.719,11.98,10.26,90.0
35760.19,23519.91,2093.35,1339.03,4.488,6.431,5.0,10.0,90.0
51409.24,3058.99,5186.58,1735.32,4.031,6.72,7.19,10.0,90.0
27410.25,8859.43,979.89,1270.42,7.726,6.914,5.0,10.0,86.92
28933.49,11657.55,845.91,855.14,1.989,8.343,5.0,10.0,90.0
12074.24,11924.45,5212.14,1843.62,4.397,1.575,8.61,10.0,73.77
90707.19,19595.43,2543.52,1678.67,7.01,0.6,5.0,10.0,68.86
28963.6,11641.5,588.85,1770.75,6.072,0.394,5.0,10.0,67.79
30478.05,1651.87,3312.54,1811.22,5.497,1.128,5.0,13.42,69.87
35164.13,18042.5,5034.99,817.93,4.406,3.854,15.33,10.0,84.85
21466.73,22235.91,4245.74,1726.3,7.545,9.677,7.61,10.0,90.0
67533.66,13333.71,1786.96,1162.18,6.5,3.597,5.0,10.0,79.05
16762.87,14946.6,6006.91,124.41,8.76,4.584,33.39,10.0,72.22
22078.22,4910.47,7248.16,1289.88,7.357,8.163,15.24,10.0,86.78
68028.11,6295.5,6917.62,967.71,1.49,9.194,16.92,10.0,90.0
40569.46,6644.09,4240.74,586.55,6.233,9.717,17.38,10.0,90.0
73715.3,11337.81,1807.16,1942.25,0.541,8.282,5.0,10.0,90.0
60168.23,23275.49,5245.12,157.39,3.935,5.075,29.82,10.0,76.98
33041.91,13522.83,8959.1,1894.46,4.178,2.372,13.09,10.0,75.91
68574.52,5610.34,4952.87,360.57,8.563,6.024,21.15,10.0,77.54
20464.63,7386.11,2358.97,785.13,1.886,2.048,9.29,10.66,88.16
58276.93,10216.36,1384.01,863.61,6.471,0.652,5.0,10.0,68.5
49343.33,15958.22,9467.3,1475.49,2.005,9.202,15.59,10.0,90.0
34108.62,11560.8,7558.59,470.44,9.492,4.899,24.3,10.0,72.87
64360.45,10418.68,3473.19,1972.9,5.342,5.132,5.0,10.0,86.39
88420.02,14553.49,3305.85,1510.57,7.111,6.131,6.4,10.0,87.43
99901.42,6804.04,9004.58,1590.41,6.501,4.569,12.27,10.0,80.5
64698.65,2893.68,2186.9,257.54,3.106,4.5,16.61,10.0,88.19
46423.53,1585.94,5582.85,978.81,9.022,9.16,13.07,10.0,85.72
30268.64,7030.22,7278.29,1893.94,6.31,8.184,11.25,10.0,90.0
33138.65,3198.21,4265.71,576.63,5.152,2.205,16.96,10.0,73.29
53150.95,9072.18,879.07,333.5,5.331,2.989,8.27,10.0,78.59
43054.99,19550.4,2663.71,996.52,8.918,6.64,8.76,10.0,82.32
92243.31,18191.06,9067.18,1864.27,0.685,5.754,13.88,10.0,90.0
43146.59,15662.26,5469.63,999.24,3.952,7.685,15.03,10.0,90.0
43610.01,21460.01,8246.69,839.43,8.432,7.304,20.61,10.0,82.97
44518.11,7769.62,5779.01,1318.03,0.471,7.115,12.7,10.0,90.0
85295.82,22241.29,9464.22,1876.92,6.428,8.814,13.45,10.0,89.08
68570.95,10581.74,9136.77,145.66,4.092,7.689,35.49,10.0,70.54
65275.2,10621.44,5087.44,349.12,2.125,2.504,22.84,10.0,81.88
40072.87,10728.44,3523.6,308.87,6.153,8.741,20.56,10.0,85.11
83611.38,3354.26,6215.85,216.4,8.328,3.422,25.9,10.0,70.58
13452.75,24411.77,6911.43,639.11,4.727,9.118,20.76,10.0,90.0
88371.75,4324.16,5234.37,497.15,1.553,8.26,18.46,10.0,90.0
56147.49,9181.26,8311.69,1119.95,3.131,0.833,18.14,10.0,72.56
45842.52,8663.21,2241.62,688.21,9.815,7.736,11.0,10.0,82.6
54745.06,2792.31,3676.91,840.16,1.2,5.051,11.15,10.0,90.0
70067.4,4654.24,7020.58,1886.64,1.691,9.773,9.69,10.0,90.0
11148.89,2076.6,2843.5,353.53,9.903,4.638,17.51,10.0,76.38
88439.67,8017.71,4678.53,807.49,8.833,0.763,14.63,10.0,67.06
50206.56,21799.77,9655.47,551.31,7.101,3.002,24.73,10.0,74.7
40866.99,9146.61,6445.82,1120.87,1.595,4.359,15.12,10.0,90.0
22442.1,3968.6,9516.04,1485.86,2.481,5.96,15.54,10.0,90.0
49551.88,16496.65,7363.19,1643.13,1.884,1.606,13.14,10.0,84.3
54669.05,24918.42,7384.33,1054.83,6.346,5.199,16.14,10.0,79.87
46328.2,6575.77,6122.64,1717.09,4.049,4.886,12.28,10.0,89.1
71079.41,7709.7,1850.98,1580.9,0.573,8.383,5.0,10.0,90.0
47880.69,24324.33,5437.29,356.16,2.984,3.094,24.27,10.0,80.51
96527.58,5290.63,2900.33,528.59,8.62,4.55,12.14,10.0,76.53
63934.98,13269.14,9987.39,1359.86,7.981,3.947,16.34,10.0,75.59
82673.01,6751.65,3036.14,1950.85,6.466,6.359,5.0,10.0,88.77
19842.03,23376.45,2691.52,783.45,0.947,8.378,10.53,10.0,90.0
45756.22,24556.5,6426.89,498.13,8.84,6.789,23.07,10.0,77.96
40316.29,20552.75,5354.01,1744.8,5.392,4.704,9.99,10.0,84.66
61253.41,8554.81,702.85,439.24,4.996,6.415,5.0,10.0,90.0
87500.22,10683.7,1730.57,1409.95,9.347,3.29,5.0,10.0,74.61
17050.44,6815.34,8204.91,116.79,0.188,1.527,36.94,11.78,72.08
16531.73,22378.19,5095.07,87.01,5.603,3.265,35.43,10.0,70.59
86528.59,22949.4,1887.14,930.56,7.933,4.493,6.54,10.0,76.87
29156.51,11052.9,4919.8,1330.25,0.731,4.449,10.94,10.0,90.0
70187.79,16756.79,2904.92,327.75,3.636,7.402,19.32,10.0,90.0
58859.03,4973.28,2624.12,1539.57,9.777,9.37,5.0,10.0,87.95
84960.42,11438.46,9598.39,301.04,2.197,3.951,29.3,10.0,77.17
21258.0,16155.98,3939.23,1090.73,5.359,0.956,12.08,10.0,67.19
21680.47,10249.67,941.1,651.18,7.486,0.431,5.0,10.0,68.52
60113.65,9582.39,9718.1,1516.89,3.965,0.139,15.08,10.0,65.75
95174.08,1023.98,8050.98,1618.03,4.138,9.387,11.54,10.0,90.0
47349.8,20303.04,2916.93,178.88,0.726,9.957,23.65,10.0,90.0
39424.79,22344.1,4384.47,425.58,1.982,0.609,20.29,10.0,70.54
64602.04,24267.12,8691.75,1790.66,8.818,3.646,14.45,10.0,75.4
93740.37,18262.51,3895.43,860.45,8.201,6.727,13.06,10.0,81.62
85323.5,14171.02,5890.34,979.63,3.116,1.872,16.15,10.0,78.0
99593.52,7462.83,5581.14,377.65,3.879,5.985,22.41,10.0,83.3
12031.17,24983.19,4312.3,1990.04,4.46,8.155,5.35,10.0,90.0
20157.23,15154.07,6575.27,1849.94,3.525,8.595,11.41,10.0,90.0
64852.1,17347.7,4996.26,53.95,6.574,7.094,38.92,10.0,70.15
83851.88,17377.75,701.69,1123.93,0.227,0.909,5.0,41.3,90.0
35671.99,21286.04,8236.64,1750.92,8.814,3.549,13.36,10.0,73.55
31529.0,1232.14,1574.98,889.54,3.076,9.677,5.0,10.0,90.0
80827.82,6285.93,4908.85,901.79,8.736,2.008,13.67,10.0,72.82
15074.37,16972.82,6009.06,789.73,4.598,4.594,17.88,10.0,84.1
43244.44,22483.5,7202.31,106.22,7.786,3.408,37.1,10.0,68.67
55522.83,17448.13,4402.57,1591.05,8.275,2.135,7.99,10.0,71.08
60431.38,10923.79,7487.71,940.73,3.083,3.303,18.36,10.0,85.33
75575.36,9677.33,1747.83,1085.58,6.439,1.976,5.0,10.0,70.35
41936.12,18710.75,6707.73,548.59,6.113,8.785,21.33,10.0,84.31
65141.59,18789.7,8350.22,1579.03,4.813,1.827,14.76,10.0,71.9
62683.79,15569.39,8949.72,1597.81,4.749,6.273,14.09,10.0,88.06
59285.45,7995.21,6005.88,1128.2,3.122,9.429,14.69,10.0,90.0
67643.5,23203.72,3472.5,1814.02,3.171,9.531,5.47,10.0,90.0
33350.43,14245.12,2051.89,275.97,5.527,6.044,17.3,10.0,86.27
17618.39,19971.82,3782.81,1583.92,0.419,2.782,6.4,11.28,90.0
20734.45,6143.4,5629.76,1139.24,9.343,2.554,14.22,10.0,71.7
30212.41,9256.98,2365.14,500.48,6.535,7.5,13.51,10.0,86.99
55017.81,21989.91,9548.89,307.99,4.49,9.809,29.51,10.0,77.61
85639.85,2202.57,9022.79,636.96,0.712,0.868,20.55,16.83,84.18
73116.4,13295.57,813.09,1719.82,6.337,7.916,5.0,10.0,90.0
81013.65,12560.93,5838.64,1585.86,0.276,1.318,11.25,14.43,90.0
41587.81,19029.52,7998.43,1308.01,6.831,3.052,15.66,10.0,71.79
46418.84,7765.45,2831.22,226.14,0.818,5.71,21.24,10.0,90.0
45431.37,6257.6,5477.01,1911.92,6.595,3.043,9.0,10.0,76.26
27268.59,23227.19,4356.92,645.61,4.118,6.538,16.66,10.0,88.76
15509.5,14721.03,2367.19,1233.65,6.66,4.23,6.27,10.0,82.24
63182.45,3512.55,6340.01,1616.05,1.471,2.269,9.27,10.0,90.0
99029.5,5632.87,9940.08,309.07,1.262,5.356,27.78,10.0,79.77
25014.67,24971.83,3970.23,1321.78,2.549,0.338,10.48,10.0,67.48
14201.63,5694.62,5747.6,112.98,4.174,7.437,34.14,10.0,72.48
80157.85,15651.41,3614.62,248.49,2.605,5.271,23.2,10.0,87.58
32732.74,11083.07,8831.01,1460.13,0.912,9.472,16.02,10.0,90.0
84667.94,22254.38,8713.73,352.41,3.318,1.118,28.64,10.0,69.9
73354.3,19124.05,2198.35,914.84,7.087,7.35,6.91,10.0,90.0
95110.62,15326.83,9049.51,534.25,5.873,3.079,25.44,10.0,75.82
46803.45,1257.74,1939.33,871.4,9.637,3.794,5.0,10.0,75.37
69577.29,22115.08,1406.68,200.58,4.416,3.55,16.95,10.0,82.88
51836.93,11672.02,6702.88,1522.06,3.395,3.644,12.76,10.0,86.89
66752.98,23357.86,4166.09,204.13,6.967,4.365,26.85,10.0,73.58
50463.9,12892.94,5542.04,1683.93,4.178,0.308,10.7,10.0,67.05
26976.9,17661.39,6699.42,1342.09,6.221,8.483,13.84,10.0,90.0
55710.77,2663.02,1001.95,862.34,9.468,8.83,5.0,10.0,87.69
57572.58,18883.64,3283.06,1739.65,5.042,0.492,5.3,10.0,67.14
82954.35,9111.9,4878.61,412.96,5.032,7.782,20.33,10.0,85.66
76196.86,9432.62,3032.58,565.9,7.774,0.815,14.67,10.0,67.77
69741.25,3847.74,965.23,317.39,7.585,8.097,7.31,10.0,89.7
20204.84,4524.57,1323.43,794.06,5.211,6.169,5.0,10.0,89.78
74855.47,5458.22,8116.6,1974.13,0.741,3.133,11.1,10.0,90.0
55027.46,8876.95,9158.17,364.0,9.81,6.177,28.19,10.0,74.52
90468.96,22407.28,1946.22,1670.4,3.835,5.116,5.0,10.0,90.0
92788.38,9838.25,2867.99,1321.17,3.235,6.394,5.85,10.0,90.0
14964.09,18384.7,6696.37,80.84,9.817,4.806,38.57,10.0,70.72
83857.74,2985.94,9565.58,1892.54,8.734,7.751,11.67,10.0,84.17
13392.77,15186.37,3346.1,1943.63,3.369,0.548,5.0,10.0,68.34
43045.27,12565.39,8624.53,1853.56,3.152,3.508,12.59,10.0,86.89
58807.0,24470.99,5307.23,1028.39,7.237,5.637,14.78,10.0,81.54
23329.07,21308.99,9587.31,479.73,3.41,5.924,26.07,10.0,83.12
77168.24,11915.91,1794.46,812.97,2.589,1.778,6.62,10.0,82.2
10751.92,19603.43,9749.89,1247.67,9.799,0.838,18.02,10.0,65.86
25173.91,5632.93,4689.3,788.73,5.701,0.308,15.28,10.0,68.78
62271.71,14496.07,9552.91,1430.93,7.649,4.189,16.38,10.0,76.89
74294.88,2790.86,4857.56,1601.37,7.159,3.371,8.28,10.0,76.99
92497.88,9354.14,5535.78,458.32,7.58,5.721,21.62,10.0,79.49
73494.7,6420.69,8145.36,839.64,9.044,4.55,19.28,10.0,74.39
70460.13,18253.84,7364.97,1917.6,5.058,4.001,11.69,10.0,82.11
45490.7,12762.18,6386.23,537.12,7.558,8.449,21.23,10.0,82.02
10115.6,19025.69,4461.31,725.57,7.988,6.253,16.28,10.0,81.83
20814.33,13367.09,8028.16,119.54,9.469,6.496,36.03,10.0,70.81
58109.91,3075.63,9508.17,698.11,7.16,3.88,21.57,10.0,77.37
70761.69,18648.82,593.2,773.32,8.937,7.791,5.0,10.0,88.33
47570.35,20997.5,6084.53,244.68,1.041,1.606,28.43,10.0,76.72
75761.11,22684.75,8726.82,52.81,1.348,4.08,44.49,10.0,68.22
56967.61,14727.81,6704.57,1172.04,1.668,0.567,14.96,10.0,70.04
16675.86,19086.05,8107.88,637.98,1.534,1.243,22.52,10.0,80.42
27281.46,19049.06,9003.08,84.76,0.966,0.907,39.77,10.0,68.96
85599.84,4737.99,7634.03,1726.89,1.313,4.47,10.61,10.0,90.0
75242.15,4941.3,7311.67,1189.6,9.96,7.004,13.67,10.0,80.26
90528.58,2701.25,9665.09,383.78,2.795,3.196,25.32,10.0,77.37
20580.15,8677.93,8705.0,1737.23,4.833,0.363,14.24,10.0,66.81
99120.03,12364.21,8246.09,544.49,8.234,7.101,23.89,10.0,78.99
28846.6,24949.55,1320.83,493.52,1.271,2.154,7.65,10.0,90.0
11060.19,11343.84,2770.78,1794.54,3.242,7.254,5.0,10.0,90.0
99768.06,18429.82,5789.18,399.94,1.677,0.173,22.94,10.0,68.35
35296.65,17641.53,7240.82,1764.02,0.719,3.192,12.36,10.0,90.0
70121.75,5907.57,3380.54,1615.8,9.611,6.25,5.92,10.0,81.32
25901.41,2404.17,1386.62,654.07,8.598,8.724,5.71,10.0,89.88
62220.57,14104.16,3455.44,117.07,8.805,7.566,29.72,10.0,76.84
91363.15,17807.33,7824.78,211.02,8.7,4.551,31.25,10.0,69.8
38816.31,24958.04,8835.31,263.58,1.63,7.213,30.15,10.0,77.47
70322.86,9606.67,9172.58,1787.06,7.871,5.422,14.02,10.0,80.55
26911.32,22512.75,4099.23,837.87,7.306,8.153,13.11,10.0,87.36
66231.59,10166.38,4039.12,113.43,9.262,7.743,30.66,10.0,74.03
40280.53,17545.88,4363.72,1135.27,2.271,9.761,11.53,10.0,90.0
29008.74,15358.07,4070.19,455.58,4.199,1.139,18.65,10.0,71.43
38186.38,2271.49,6828.87,508.5,3.02,3.473,21.82,10.0,80.57
26095.7,2881.32,3904.07,363.64,2.653,2.005,20.82,11.18,79.58
91172.45,1498.34,693.27,1535.94,6.559,6.345,5.0,11.19,90.0
45746.82,9900.02,4670.73,51.2,1.723,6.674,39.26,10.0,70.9
32075.14,18899.23,2629.44,906.02,4.702,2.118,9.45,10.0,75.84
50356.71,5146.13,773.67,219.4,6.502,4.273,10.73,10.0,81.6
38848.26,15540.47,4973.01,1127.13,1.39,6.061,13.59,10.0,90.0
76997.73,7931.87,2456.57,724.69,2.644,6.624,10.55,10.0,90.0
97409.79,20127.82,4801.05,105.29,9.677,1.116,32.02,10.0,67.92
49423.03,20161.51,3138.62,948.9,7.975,9.219,10.73,10.0,88.17
87493.01,19609.95,6235.23,1162.64,6.802,0.437,14.02,10.0,67.74
60927.68,13596.0,9913.34,532.93,8.574,9.732,24.96,10.0,79.83
24151.21,7829.6,5698.7,1542.75,0.238,3.232,11.74,10.0,90.0
72156.05,20426.66,6645.51,773.55,0.16,3.232,17.63,10.0,90.0
56209.1,5466.41,9233.12,1511.23,1.624,4.516,15.98,10.0,90.0
68554.59,7954.23,4053.0,1179.08,5.003,6.98,10.73,10.0,90.0
90071.87,5414.74,2082.21,1745.04,5.743,1.68,5.0,10.0,72.35
49639.11,17181.04,3186.57,1116.5,1.226,2.624,9.43,10.0,90.0
91105.99,17469.66,4326.55,411.97,0.816,9.62,20.82,10.0,90.0
77560.21,16660.24,6627.67,1654.05,8.301,8.781,12.01,10.0,86.7
53974.44,10974.44,543.59,1576.92,4.698,2.203,5.0,10.0,77.02
64289.99,3404.1,8607.14,1946.09,9.926,5.773,10.42,10.0,76.99
39302.3,22868.07,1222.89,232.48,2.371,2.116,14.77,10.0,86.3
98523.76,13185.54,9056.22,1202.9,6.507,5.546,17.53,10.0,81.62
70061.6,10767.33,9519.63,1008.75,8.063,3.721,19.97,10.0,73.74
13946.22,15131.8,9905.98,1358.2,8.739,3.688,17.31,10.0,76.47
39395.97,5626.97,8190.35,1961.35,3.133,6.387,12.29,10.0,90.0
66098.3,4181.17,1847.63,1087.93,2.013,2.593,5.0,12.61,90.0
15070.0,10732.61,7208.59,1387.19,2.338,4.102,14.26,10.0,90.0
12149.58,6453.3,2431.55,727.07,6.701,9.26,10.73,10.0,90.0
50502.18,6862.97,9022.71,632.99,5.271,7.578,23.13,10.0,83.11
39942.12,22420.28,3507.76,703.83,6.03,3.895,14.75,10.0,80.31
49446.87,13738.22,3604.56,125.29,0.303,2.38,29.29,13.77,83.03
33642.4,12603.26,9217.71,605.24,3.971,6.624,23.52,10.0,85.84
24824.6,17547.51,625.7,387.25,3.17,8.096,5.0,10.0,90.0
72022.9,23837.15,2342.68,941.98,8.651,8.622,7.54,10.0,89.16
56311.4,3692.77,4508.36,948.61,7.785,5.686,12.19,10.0,82.84
28013.88,21004.83,7156.85,1542.2,4.353,5.216,12.93,10.0,88.45
38763.05,15016.46,6651.88,1029.47,6.342,7.224,15.92,10.0,89.07
63262.71,4507.97,6859.41,953.01,0.572,1.84,14.6,10.35,90.0
16500.64,8131.58,8860.21,501.67,6.409,8.536,24.91,10.0,83.2
23270.77,12576.67,1649.79,1712.34,1.062,0.832,5.0,15.43,85.12
16592.1,17588.25,5460.54,227.45,7.169,6.07,28.39,10.0,76.85
83108.56,6822.57,7392.04,1965.48,5.781,5.938,10.47,10.0,87.92
77716.83,13837.09,6543.13,978.35,3.075,3.176,16.19,10.0,86.76
77798.16,17432.12,4758.98,412.67,3.771,0.451,19.75,10.0,67.82
74469.28,11769.78,662.59,740.94,0.992,7.207,5.0,10.65,90.0
70244.69,21712.62,1074.3,79.97,3.296,0.339,22.47,10.0,69.51
52929.27,21867.02,1629.94,374.72,9.672,1.878,12.7,10.0,70.11
67805.03,12296.59,3760.66,703.91,4.913,5.488,15.11,10.0,88.76
13452.54,24350.22,1617.71,1131.11,4.795,9.406,5.0,10.0,90.0
65931.8,2814.04,4547.78,302.49,6.329,0.753,21.33,10.0,67.3
80008.99,1080.7,2197.1,1368.13,4.896,5.83,5.0,10.0,90.0
55032.25,10136.04,7902.08,1696.34,3.62,3.356,12.59,10.0,87.03
42176.2,15426.33,8779.13,1166.06,1.481,6.727,17.22,10.0,90.0
34968.41,16100.8,4201.65,628.96,6.34,9.534,16.61,10.0,90.0
67852.18,12434.7,5357.65,286.72,7.514,2.759,24.18,10.0,72.41
72352.11,3997.2,9558.21,80.29,9.239,9.564,39.44,10.0,69.15
88387.08,5091.94,5587.32,1477.01,0.13,8.719,9.95,10.0,90.0
40810.07,21451.55,9953.2,1275.53,0.76,6.11,17.26,10.0,90.0
79279.51,21829.87,1850.24,978.75,9.004,7.607,5.32,10.0,84.85
60522.02,17173.56,8691.15,248.89,6.348,8.662,30.25,10.0,74.9
89455.28,16941.23,5223.43,453.7,9.583,8.054,19.69,10.0,79.93
57503.09,15344.37,715.78,1639.59,4.365,3.334,5.0,10.0,87.19
56586.68,5870.22,9736.12,985.71,4.225,8.145,18.85,10.0,90.0
62008.94,11278.02,9667.96,1927.52,3.508,3.204,14.2,10.0,84.52
77438.38,17701.47,4141.07,1999.95,1.514,8.684,6.42,10.0,90.0
96822.14,13894.05,9564.35,1611.38,3.848,2.629,14.67,10.0,79.45
16620.7,1445.93,1839.59,553.46,0.245,5.765,10.25,14.24,90.0
14809.11,23885.36,6961.05,500.67,5.142,6.96,23.19,10.0,84.37
94379.53,21275.59,2323.33,544.59,8.487,4.315,12.32,10.0,74.02
57688.81,7253.08,2843.15,1974.23,3.28,7.851,5.0,10.0,90.0
65341.27,15795.01,7903.71,703.91,1.037,9.261,20.4,10.0,90.0
53418.12,23157.75,4084.9,1427.57,9.74,1.944,7.82,10.0,70.16
18429.17,3304.26,567.71,1920.08,1.377,0.431,5.0,37.23,72.25
79128.04,13072.71,4435.27,1648.21,5.334,6.303,7.69,10.0,90.0
77250.22,11949.83,2666.66,1215.33,8.111,6.062,6.47,10.0,81.78
38053.3,10844.92,6991.63,379.48,2.598,3.479,25.4,10.0,80.0
37561.53,21054.13,2347.26,391.13,8.431,7.876,14.53,10.0,82.99
85405.72,10135.51,8501.41,1010.23,5.615,8.279,18.22,10.0,88.08
16512.15,2527.92,3037.38,1906.29,3.386,3.387,5.0,10.0,90.0
89299.46,2580.11,4233.77,1813.76,8.67,6.854,5.0,10.0,85.25
33099.55,2025.87,3331.35,374.07,6.258,6.456,17.34,10.0,84.68
63368.63,10819.49,6617.27,611.05,6.192,3.492,21.43,10.0,75.4
94239.48,18241.75,1461.05,1198.18,5.09,9.695,5.0,10.0,90.0
71031.03,5889.34,5041.94,980.99,2.82,3.529,13.61,10.0,88.23
47298.68,16515.24,3677.32,282.76,3.118,6.241,21.69,10.0,87.52
72058.08,17490.12,8899.31,770.15,0.972,3.863,21.58,10.0,90.0
40958.17,7124.85,1197.41,1911.69,2.513,0.217,5.0,10.3,67.75
34953.26,15413.38,8382.1,1905.31,2.85,1.007,12.9,10.0,74.34
99701.5,17436.84,2092.96,1140.88,0.681,2.4,5.15,10.74,90.0
77571.12,12198.73,1341.49,1288.76,1.192,8.14,5.0,10.0,90.0
68024.8,9081.2,2422.07,482.72,2.776,4.476,13.67,10.0,90.0
41976.07,15859.64,1475.2,1496.81,6.805,5.927,5.0,10.0,86.02
14424.47,24468.33,5449.35,152.37,1.924,9.444,30.96,10.0,77.63
12795.12,11244.19,9888.04,480.33,5.266,1.556,26.2,10.0,70.44
59876.31,10401.64,826.11,61.47,5.128,8.632,21.77,10.0,87.25
78582.94,12142.41,4880.72,802.12,8.357,3.854,15.38,10.0,77.59
58364.13,2829.24,4167.67,1708.01,6.131,3.441,5.71,10.0,77.19
85670.66,14275.92,3726.26,1965.89,9.178,6.293,5.07,10.0,81.96
13008.39,8888.74,3652.7,1352.12,6.318,8.997,8.75,10.0,90.0
43007.69,3914.13,9002.62,1502.49,0.353,3.551,15.13,10.0,90.0
31336.34,12190.16,680.27,562.36,3.877,7.638,5.0,10.0,90.0
50254.57,1081.22,7861.71,1064.65,7.021,0.29,15.43,16.16,67.76
16513.88,10642.85,2902.87,1486.33,4.804,6.269,6.21,10.0,90.0
95871.85,3537.65,4141.31,1019.69,4.252,6.343,9.66,10.0,90.0
30092.99,1583.02,4491.42,222.67,6.748,5.605,23.26,10.0,77.15
93007.7,20787.4,3394.95,1494.69,2.929,9.384,6.51,10.0,90.0
48330.38,22989.97,1388.81,478.15,9.099,9.392,9.45,10.0,89.59
98697.17,5984.19,1586.14,240.51,4.19,3.486,14.15,10.0,82.59
59865.25,13943.16,3332.25,982.21,6.349,4.618,9.85,10.0,82.57
93774.96,7671.0,8307.19,195.49,9.825,7.945,32.18,10.0,72.66
10481.41,12845.86,1778.96,1277.42,7.876,8.455,5.0,10.0,87.52
77341.49,11479.15,7555.08,1298.92,5.363,4.238,14.95,10.0,83.64
91274.56,7457.23,3244.26,550.57,8.608,3.555,14.74,10.0,75.07
22574.85,17809.45,8892.92,1930.84,5.648,8.224,13.55,10.0,90.0
18651.33,4035.78,4569.12,1657.68,4.472,3.831,8.86,10.0,85.96
48211.53,2273.75,2131.37,263.69,8.747,4.112,15.81,10.0,76.75
94031.1,19424.21,9865.52,1509.6,0.369,1.442,16.42,10.0,90.0
58814.79,16982.32,2178.03,738.5,4.134,5.475,9.29,10.0,90.0
57471.08,12964.63,5892.39,1513.06,3.496,3.332,11.86,10.0,84.33
22701.35,12226.95,5908.22,1611.55,7.169,5.947,11.91,10.0,82.91
10071.06,12937.87,4041.73,345.19,0.225,4.537,20.74,10.0,90.0
82912.61,11488.58,9539.14,1340.59,6.642,7.507,16.94,10.0,86.58
17881.71,10429.42,8516.81,1732.32,3.529,2.85,13.84,10.0,82.53
67046.48,12992.57,8383.29,680.58,1.069,1.803,22.1,10.0,86.63
92315.48,13684.36,9754.44,206.64,9.805,7.059,34.11,10.0,70.59
28778.67,17605.66,4842.54,103.17,2.201,3.903,34.25,10.0,74.8
69874.56,18068.97,1423.26,264.5,3.556,5.68,14.91,10.0,90.0
17082.87,10063.1,7771.83,58.2,2.15,9.417,42.15,10.0,70.37
64337.96,10924.97,4117.72,687.54,6.654,4.893,15.12,10.0,80.94
24753.85,9968.73,2308.28,633.69,7.847,1.609,11.51,10.0,70.5
76235.82,13876.86,5090.85,265.17,8.62,4.324,24.83,10.0,74.1
37110.82,11880.48,9294.33,1319.68,3.179,4.837,16.74,10.0,90.0
51705.19,22350.32,2127.89,1984.22,5.293,7.683,5.0,10.0,90.0
63948.75,17712.67,8562.64,1806.81,6.666,2.032,12.81,10.0,71.7
25414.61,22567.75,4472.95,543.06,6.332,3.534,18.39,10.0,74.35
76747.4,18019.29,1799.62,1551.46,7.189,0.595,5.0,10.0,69.75
37237.63,24303.81,8559.63,1876.88,7.72,7.05,13.42,10.0,81.28
69613.47,16257.68,9711.39,1817.41,1.065,7.465,14.47,10.0,90.0
24245.47,24125.2,3267.07,1774.87,1.766,4.626,5.08,10.0,90.0
71930.59,4796.08,3383.59,1583.58,7.37,5.429,5.0,10.0,81.4
21536.93,2259.46,4210.19,621.33,4.819,7.523,16.56,10.0,90.0
48282.08,14899.0,8234.24,212.95,4.328,2.756,31.39,10.0,70.81
32248.55,24603.84,598.96,1001.25,4.609,6.109,5.0,10.0,90.0
77353.77,11022.53,2627.59,156.84,3.783,9.643,24.41,10.0,86.54
33583.15,6089.04,7206.05,1997.02,5.952,6.614,10.46,10.0,89.07
89354.56,13516.99,4353.57,748.7,3.301,0.873,15.08,10.0,70.72
90263.82,16571.17,3637.81,1918.76,6.404,2.974,5.1,10.0,78.16
27679.72,8564.29,8786.69,1557.59,2.106,5.239,14.59,10.0,90.0
65246.14,18154.46,9214.67,852.02,7.601,0.819,20.44,10.0,67.32
17894.59,24402.75,9505.87,280.71,7.838,6.798,30.94,10.0,73.68
45238.34,22527.11,3089.23,512.53,5.827,6.577,15.62,10.0,87.1
74198.96,7998.05,9168.87,1362.44,3.756,8.776,16.24,10.0,90.0
69348.09,8841.37,7501.17,1668.37,0.243,5.05,13.1,10.0,90.0
66223.06,9916.99,1965.04,1959.91,1.303,6.952,5.0,10.0,90.0
35428.68,10469.27,6297.57,307.72,0.889,1.902,26.02,10.0,83.55
44022.25,3407.67,750.18,354.1,0.201,0.128,5.51,207.11,83.17
19265.15,19287.11,7229.59,132.76,7.25,1.805,34.59,10.0,70.53
74712.05,9768.14,7468.89,557.71,9.565,0.716,22.43,10.0,67.67
55349.99,22115.68,7998.72,1651.08,0.211,4.334,14.14,10.0,90.0
73788.91,23246.57,2138.99,436.6,1.216,4.736,13.96,10.0,90.0
32404.92,1586.35,6468.37,1118.34,8.621,6.48,12.61,10.0,80.66
39199.44,24724.07,2199.14,920.49,6.916,1.494,7.26,10.0,71.42
40079.38,18040.55,9493.18,685.36,4.107,2.226,23.08,10.0,73.37
12316.82,13489.41,6912.6,1255.78,9.929,8.003,13.7,10.0,85.22
40694.31,10348.66,1405.6,1029.54,5.779,5.808,5.0,10.0,87.77
82297.41,13444.44,2276.81,702.79,6.729,0.391,10.12,10.0,66.16
90756.86,8790.99,6802.87,1393.26,6.566,8.499,14.53,10.0,87.46
56639.65,15944.51,5028.37,595.94,2.305,6.335,18.62,10.0,90.0
50995.15,3231.53,7494.83,1304.21,4.932,1.948,13.13,10.0,74.5
12774.22,15906.94,3167.49,1916.63,2.242,2.595,5.0,10.0,90.0
89128.39,7608.28,6750.22,1471.46,5.144,5.58,12.18,10.0,86.68
11170.92,1423.24,2181.12,865.88,0.405,5.652,7.71,12.14,90.0
95027.51,14264.94,5665.25,1507.74,3.881,8.071,11.29,10.0,90.0
54029.46,14882.75,9599.1,1628.02,3.785,3.65,15.59,10.0,86.03
40774.1,11237.66,6468.11,685.39,2.987,5.538,18.92,10.0,90.0
93179.66,2734.87,974.94,1425.01,0.884,5.867,5.0,20.08,90.0
12195.19,22440.23,9893.24,897.07,7.733,5.631,20.56,10.0,77.35
62328.24,15674.34,1990.23,1646.12,4.263,0.822,5.0,10.0,69.15
59403.93,3777.12,7321.66,625.99,8.158,4.171,18.6,10.0,74.83
29738.84,13262.33,5559.04,1878.63,8.374,3.455,8.97,10.0,76.47
48599.87,12934.1,3296.43,1170.83,2.215,9.928,7.85,10.0,90.0
68703.76,2449.64,2184.45,738.94,4.271,4.71,8.89,10.0,90.0
75441.81,15564.63,2188.17,867.77,7.238,4.409,7.25,10.0,81.1
10064.52,20399.83,8654.8,728.21,5.045,4.889,21.85,10.0,80.66
94316.81,18976.19,8792.67,335.18,8.565,9.201,28.57,10.0,76.73
24807.28,5871.27,4918.88,183.56,5.759,6.153,27.97,10.0,74.41
31022.24,21695.02,1484.4,677.47,6.333,3.953,7.15,10.0,81.64
33712.61,9221.01,8899.57,944.45,7.892,9.135,18.83,10.0,84.85
13403.81,23716.2,5126.66,755.54,1.31,9.305,16.19,10.0,90.0
21074.69,2721.95,4668.24,77.14,5.884,2.717,34.53,10.0,70.26
98771.49,12669.01,4369.89,1179.06,0.946,3.995,11.38,10.0,90.0
38369.51,15330.99,3967.63,332.39,2.679,9.668,20.48,10.0,90.0
20377.1,6943.6,5497.05,461.46,2.204,5.456,21.62,10.0,89.25
19629.21,19513.12,6243.14,285.46,5.714,4.374,26.69,10.0,75.04
74751.4,16045.5,4931.11,1064.84,8.455,2.035,14.03,10.0,70.72
86911.18,1434.63,9018.16,235.56,1.415,3.906,29.67,10.0,75.22
33125.71,15600.85,3517.78,549.9,7.707,6.349,16.47,10.0,82.58
11881.86,12795.48,5993.96,930.83,1.516,0.483,16.39,12.83,69.86
30078.1,5704.7,3349.56,377.03,1.978,0.925,18.74,12.39,75.08
15086.41,24897.96,7656.83,920.17,9.178,0.153,18.93,10.0,65.78
19305.54,22531.89,1470.15,718.33,0.196,2.267,6.37,29.25,90.0
48835.73,8020.18,2292.64,1728.16,2.052,1.912,5.0,10.0,88.79
30692.65,13985.7,8111.41,1600.06,2.234,8.523,13.56,10.0,90.0
56435.13,8596.05,2240.38,1986.07,2.891,1.934,5.0,10.0,83.19
32814.44,19611.9,6444.59,1081.38,3.698,6.646,15.85,10.0,90.0
94648.36,23327.95,9717.31,1172.02,1.121,1.272,17.69,10.0,84.61
91534.96,9611.89,5467.46,1895.96,4.738,5.976,8.66,10.0,90.0
61012.55,20334.02,2280.27,829.2,4.054,4.413,7.82,10.0,89.48
41898.16,12961.78,3546.56,1133.58,6.287,4.146,9.01,10.0,81.39
44303.22,10517.89,8322.85,789.22,8.688,8.58,20.29,10.0,83.67
47066.71,23522.12,3840.78,1114.43,3.047,1.76,11.58,10.0,79.86
75482.14,13249.71,7373.36,207.49,5.51,5.993,31.75,10.0,75.67
50647.51,12217.85,7884.83,1578.4,3.777,8.236,13.68,10.0,90.0
87105.7,17138.43,5261.24,1971.3,0.498,7.168,7.88,10.0,90.0
94968.53,7269.62,7940.53,178.19,8.229,9.835,32.08,10.0,72.85
40235.15,8795.03,3510.58,1612.03,6.379,0.121,5.6,10.0,66.58
60462.5,23369.1,5403.52,521.38,0.122,8.855,20.02,10.0,90.0
18555.09,17284.72,7022.3,435.22,2.571,6.173,23.74,10.0,88.44
28042.21,20839.29,2096.69,1402.07,3.159,0.125,5.0,10.0,66.14
47211.92,7506.68,3099.41,136.06,8.134,4.708,27.6,10.0,75.18
28558.24,14050.96,6694.35,953.32,7.631,7.698,15.57,10.0,84.47
88890.44,24313.51,6725.92,52.82,4.022,1.907,42.14,10.0,69.76
24245.76,8648.89,5186.38,1131.07,1.658,6.817,13.31,10.0,90.0
51009.47,4851.44,8058.06,951.06,3.922,1.483,17.89,10.0,73.15
64512.93,13261.26,5079.52,1835.19,8.12,8.054,8.82,10.0,88.13
72267.75,10307.71,8872.56,1454.53,4.579,5.728,15.69,10.0,87.11
44476.24,4829.85,7491.08,295.71,1.247,0.435,27.69,17.85,71.77
88218.92,22325.23,3489.6,741.35,0.482,1.0,12.31,13.06,90.0
61148.72,24777.37,4254.91,1866.58,3.4,8.652,6.63,10.0,90.0
49555.7,14645.97,6843.02,1464.4,1.569,0.427,14.08,10.0,71.01
16051.66,19592.24,8997.3,1208.84,7.476,3.056,16.81,10.0,76.62
51822.05,21616.92,2197.73,1140.19,2.86,5.712,5.66,10.0,90.0
83866.23,17823.57,5389.3,826.29,8.787,2.213,15.77,10.0,70.32
65308.69,2059.75,1628.45,1191.14,6.212,2.32,5.0,10.15,74.04
84894.62,4783.22,3154.82,1554.75,3.997,7.783,5.0,10.0,90.0
54461.05,2703.74,7016.82,298.7,6.14,2.981,25.74,10.0,71.03
20661.55,1237.11,1238.48,1941.17,3.022,0.482,5.0,38.53,67.88
11227.59,8343.91,6792.41,516.76,1.499,7.239,22.13,10.0,90.0
37289.76,10416.54,9057.71,923.1,9.645,9.548,18.6,10.0,83.32
72819.14,6784.71,9709.02,94.3,5.675,8.336,39.15,10.0,71.3
81123.39,2550.51,2558.01,1123.17,0.173,5.531,5.0,10.58,90.0
36617.76,13716.71,7614.53,794.64,3.172,4.306,18.94,10.0,86.66
54608.85,7559.66,9300.52,537.02,1.679,9.259,24.73,10.0,88.32
47900.7,20104.89,1368.01,1971.77,2.656,7.686,5.0,10.0,90.0
46947.05,1193.26,4433.22,884.88,0.652,5.75,10.76,10.0,90.0
30821.38,21220.65,9234.39,857.88,2.526,8.81,19.83,10.0,90.0
22273.4,23914.09,2426.48,953.05,6.862,6.057,8.19,10.0,84.97
27701.97,18187.24,9370.73,276.5,8.224,9.738,30.42,10.0,75.04
14979.91,18607.46,5508.32,816.54,3.539,8.597,16.77,10.0,90.0
27831.77,23405.5,1448.98,705.99,5.272,5.549,6.17,10.0,89.01
10828.08,6017.71,4773.83,956.99,0.514,9.236,14.56,10.0,90.0
66453.26,24869.57,3599.48,1720.41,0.999,3.49,6.61,10.0,90.0
38473.79,19563.55,3180.94,425.93,5.564,7.039,17.84,10.0,87.02
97583.02,18437.7,5644.02,1235.09,8.422,1.796,13.52,10.0,69.24
27434.53,9666.17,5094.13,123.39,0.971,8.964,31.63,10.0,79.62
41124.57,14098.66,5078.69,667.75,4.244,2.556,17.82,10.0,76.78
42205.7,16694.03,1337.35,971.68,9.707,9.495,5.0,10.0,89.35
10760.63,15888.23,8122.02,194.84,7.414,0.268,32.19,10.0,65.32
85528.72,17919.63,5073.67,1110.74,2.056,6.85,12.86,10.0,90.0
12879.5,2977.16,8298.61,655.13,2.923,1.586,21.75,10.0,73.99
94616.19,9535.56,8333.65,1985.98,9.484,7.731,11.47,10.0,84.01
90286.69,11416.0,3512.79,1280.39,2.288,4.97,7.73,10.0,90.0
58196.97,7255.1,541.29,526.14,4.465,9.106,5.0,10.0,90.0
58923.6,5143.05,9156.83,250.21,3.621,7.179,30.99,10.0,76.93
68840.01,4334.26,7726.6,129.4,4.951,7.706,33.53,10.0,72.45
44834.5,9793.2,1518.89,227.01,2.442,1.293,15.62,10.0,75.9
68250.01,12842.6,7166.41,1376.12,6.717,1.056,14.42,10.0,69.67
14029.15,2511.43,690.22,1717.23,2.422,8.521,5.0,14.84,90.0
14864.29,23714.99,763.71,355.63,6.061,2.335,6.53,10.0,75.55
51150.74,19365.84,5495.32,834.16,3.642,8.683,17.41,10.0,90.0
59466.01,18540.44,1412.36,740.76,2.59,1.511,6.45,10.0,79.93
89903.59,5148.65,9661.2,1306.81,6.981,3.154,14.19,10.0,75.0
19419.46,15491.22,8991.4,406.22,9.656,9.295,27.04,10.0,76.76
84038.31,13713.4,6673.21,1908.97,8.707,8.413,10.73,10.0,88.17
28904.26,24579.25,1105.24,1470.68,0.96,0.637,5.0,11.99,81.67
45467.53,18944.12,3585.93,1912.39,4.599,4.536,5.1,10.0,89.25
38494.22,14818.29,4031.37,590.87,6.978,9.108,16.6,10.0,87.53
46013.97,21419.5,5068.36,1196.05,5.67,0.246,11.92,10.0,68.7
23544.59,4722.26,2104.58,1477.92,7.291,1.162,5.0,10.0,69.7
55321.31,1365.2,5986.36,1436.36,9.754,6.487,10.89,10.0,78.85
82147.83,17565.6,4639.82,91.62,3.488,1.139,34.75,10.0,71.02
49738.06,3359.48,9499.32,1996.66,7.732,4.543,11.15,10.0,79.36
54155.22,3770.41,9393.85,1859.72,1.031,5.127,12.2,10.0,90.0
86389.08,18872.34,5872.0,283.52,8.711,8.617,27.19,10.0,77.11
73545.23,7492.84,6621.32,1109.96,7.806,9.578,14.64,10.0,87.28
54140.9,16087.15,1809.07,663.39,5.258,5.171,8.1,10.0,88.33
33192.61,23017.77,2621.57,1763.84,8.228,5.153,5.0,10.0,79.28
89643.41,8595.39,9056.8,1410.16,6.7,7.295,16.11,10.0,85.66
61931.84,6211.46,7142.08,485.86,5.567,2.006,22.46,10.0,72.96
29903.28,3557.51,2299.59,116.03,9.465,9.414,26.52,10.0,76.56
34220.78,4131.1,5917.0,618.9,1.39,0.112,18.78,25.73,66.06
82281.98,2493.34,9380.23,124.37,9.93,0.118,35.87,10.0,67.24
13973.1,3103.42,3779.13,325.56,1.629,6.294,20.81,10.0,90.0
99288.3,11368.11,2265.29,1290.47,4.854,3.481,5.0,10.0,85.26
21731.65,8700.76,9449.24,1502.92,2.391,4.041,16.3,10.0,90.0
81646.17,17957.46,4882.02,962.63,2.792,2.292,13.85,10.0,81.53
45529.78,21885.8,4463.8,1220.56,6.355,4.137,10.43,10.0,82.01
54299.46,19834.56,3041.89,353.98,0.444,8.297,18.19,10.0,90.0
89258.55,13735.29,8970.06,667.75,9.413,7.023,22.68,10.0,76.92
47162.01,3458.61,8533.36,1440.12,2.868,1.037,13.95,10.0,72.81
58374.44,18034.41,4328.41,761.54,2.798,0.661,15.35,10.0,70.79
14436.97,9707.89,790.83,730.18,8.649,5.111,5.0,10.0,80.84
10211.27,3055.61,4743.19,428.29,7.672,7.329,20.25,10.0,83.04
32031.99,21219.19,2218.15,1209.91,6.75,6.678,5.0,10.0,85.38
71252.48,9117.2,1855.97,1628.6,1.549,8.655,5.0,10.0,90.0
20913.84,6237.97,4234.39,965.42,7.719,1.419,12.71,10.0,70.88
20238.58,21914.85,1441.23,275.3,3.672,6.097,13.75,10.0,90.0
46986.45,22651.21,9595.91,1684.82,9.939,7.684,15.57,10.0,82.07
68305.33,9135.3,951.62,189.22,6.745,9.385,13.98,10.0,90.0
74086.48,9515.23,4313.01,969.87,8.375,1.099,12.2,10.0,68.41
26060.56,14911.08,2045.68,559.1,7.364,2.472,11.11,10.0,72.62
17162.93,18602.6,7043.71,1875.82,5.983,3.61,11.01,10.0,79.29
94635.73,2515.58,1248.71,1488.21,7.192,5.453,5.0,10.0,86.35
33459.97,15240.25,5694.65,1154.5,6.015,4.145,13.37,10.0,78.94
86801.18,23867.68,7844.46,1352.12,0.607,8.625,16.22,10.0,90.0
87714.23,7290.25,9525.57,1088.82,3.521,9.51,17.08,10.0,90.0
79527.03,22811.85,7136.01,337.82,3.233,0.794,25.75,10.0,69.59
25195.02,23804.04,1445.17,1432.74,7.168,7.027,5.0,10.0,87.97
83962.13,7459.69,1340.95,1010.71,5.804,1.231,5.0,10.0,68.96
79232.55,19100.84,7450.18,1286.9,6.144,8.99,15.17,10.0,87.6
63705.07,6730.6,2545.63,138.14,8.485,1.507,25.28,10.0,70.57
40348.18,18702.67,4748.77,326.97,5.301,9.916,23.39,10.0,83.52
33625.77,20138.08,9777.9,1199.27,2.261,4.335,17.71,10.0,90.0
20970.03,6932.94,8289.11,945.89,0.223,3.881,19.29,10.0,90.0
55878.14,18180.87,8542.64,492.4,1.679,5.904,25.0,10.0,88.09
62673.48,20490.51,8677.31,519.48,0.403,4.004,25.05,10.0,88.57
42340.51,9605.89,6385.68,1281.73,2.447,2.423,13.83,10.0,85.21
52782.32,5024.87,7567.37,164.99,6.386,6.329,33.14,10.0,73.15
42716.3,3207.15,3910.13,896.8,1.599,7.311,9.93,10.0,90.0
67690.55,14809.16,9985.24,1070.05,0.911,9.459,19.0,10.0,90.0
91113.33,24474.35,3156.41,650.88,9.711,4.15,13.14,10.0,75.02
24752.82,20750.81,6105.07,1650.07,9.969,7.087,11.67,10.0,84.05
44326.79,11460.15,3179.59,160.7,6.407,8.353,25.43,10.0,81.59
22678.17,13878.9,1564.67,1738.28,1.175,8.331,5.0,10.0,90.0
66244.94,7708.67,5892.07,1460.36,8.233,0.439,12.11,10.0,67.93
75598.35,4913.58,3856.81,920.2,5.438,3.621,10.14,10.0,80.94
93872.15,12569.95,6040.58,1852.71,1.903,0.233,10.08,10.0,67.65
35098.47,12124.04,5807.45,1419.36,5.799,5.635,12.04,10.0,86.62
95519.01,13526.32,5651.44,1865.54,0.49,8.664,9.4,10.0,90.0
15693.64,23867.31,1671.36,971.55,9.727,8.168,5.05,10.0,87.05
64271.25,15493.49,4681.72,933.3,8.277,8.131,13.71,10.0,85.63
15141.94,15538.52,8214.04,1084.95,2.682,3.583,16.71,10.0,85.59
90439.68,4072.59,3493.86,177.58,4.247,0.559,24.17,10.0,69.31
57682.82,24915.73,4716.4,1821.56,4.013,1.807,8.72,10.0,77.12
70241.35,19548.28,5191.4,1352.05,8.629,6.74,10.72,10.0,82.73
84841.65,22052.88,8695.95,1254.29,3.611,1.425,16.67,10.0,72.97
23527.96,10943.21,6728.2,1856.6,0.575,1.341,10.65,12.24,90.0
13473.24,13051.07,1451.92,1987.59,2.225,3.601,5.0,10.0,90.0
89099.3,13530.01,8719.12,368.62,2.234,1.036,27.82,10.0,72.0
38343.99,5658.27,8404.63,1510.54,9.497,3.365,14.24,10.0,73.42
21608.1,17547.74,7659.64,1180.89,9.248,9.7,15.53,10.0,84.62
52161.51,22671.44,4927.55,948.94,3.076,0.298,14.35,10.0,66.26
63847.55,4928.94,7696.68,1956.34,0.127,8.322,10.03,10.0,90.0
12787.35,3071.64,5048.05,1708.01,5.218,9.937,9.7,10.0,90.0
34740.61,18717.25,7497.92,1408.66,7.993,4.42,14.39,10.0,76.78
12951.99,7556.84,8861.05,796.22,2.759,9.436,21.67,10.0,90.0
47830.19,15972.7,8960.15,1348.78,4.447,2.685,17.17,10.0,79.49
90559.0,17698.2,4818.5,1086.8,1.811,9.825,13.53,10.0,90.0
98438.72,8725.86,8663.76,536.27,3.341,8.629,23.59,10.0,88.0
67334.28,20563.47,1463.85,928.24,7.613,8.859,5.0,10.0,89.0
24547.39,14199.74,1467.28,463.81,4.34,1.391,9.2,10.0,72.26
91526.45,21855.99,5708.54,1025.82,4.528,8.714,15.07,10.0,90.0
56462.3,19319.05,6692.52,1454.46,7.917,9.424,13.5,10.0,89.45
23837.44,21845.82,1953.44,121.46,7.653,8.209,24.21,10.0,82.47
92955.4,1483.87,4985.71,1542.49,1.953,1.005,7.52,19.89,75.43
78172.21,6844.15,1396.45,88.99,4.211,0.939,22.71,10.0,72.12
75853.47,3160.19,6219.95,1058.69,8.504,3.64,13.41,10.0,75.59
73826.26,11609.99,8623.39,1168.28,4.622,7.079,16.82,10.0,88.47
28030.58,22359.04,7507.57,1534.42,6.651,0.223,13.35,10.0,65.78
28990.6,12220.97,4093.77,1534.01,3.129,9.511,7.96,10.0,90.0
71946.37,21393.11,9941.04,864.04,0.69,5.302,21.04,10.0,90.0
29775.05,8852.28,6797.88,179.43,1.733,3.648,31.36,10.0,74.9
49480.45,9149.68,8244.86,1402.33,4.077,5.656,14.78,10.0,87.6
80380.16,22493.48,6862.13,1046.42,3.599,7.186,16.22,10.0,90.0
80555.73,11219.61,9899.45,699.46,8.967,2.805,22.85,10.0,72.31
50793.56,19954.37,8302.92,508.0,5.502,2.982,24.36,10.0,73.87
81297.09,6679.45,5434.52,283.53,6.309,4.735,24.16,10.0,76.68
85475.96,23771.22,3985.36,625.53,6.918,6.732,15.81,10.0,86.35
68929.82,14789.88,6980.47,944.05,5.363,7.093,17.23,10.0,86.33
30558.33,19223.77,6107.11,981.34,7.719,3.308,15.89,10.0,73.83
34661.06,3148.38,6478.83,1186.34,7.853,3.293,13.35,10.0,72.77
38335.7,12823.94,3758.61,756.81,3.579,4.922,13.65,10.0,88.69
20512.37,22624.92,4572.92,1843.8,0.939,5.465,8.15,10.0,90.0
34584.37,22048.93,5801.92,1016.95,9.865,6.529,14.77,10.0,79.31
28856.73,2123.53,8473.19,876.26,6.462,6.215,18.21,10.0,83.33
50979.59,8288.76,7747.63,143.93,7.118,3.788,34.4,10.0,70.73
91759.38,11639.68,1627.23,1218.08,7.591,3.039,5.0,10.0,75.82
19403.23,5134.36,2832.77,1225.59,6.168,3.148,7.78,10.0,77.86
74824.11,18519.96,753.25,1187.41,4.762,6.489,5.0,10.0,90.0
71855.47,5428.29,575.63,1780.81,9.848,4.388,5.0,10.0,74.72
18617.88,9319.35,2631.57,1537.66,7.304,1.43,5.0,10.0,69.99
93031.52,16918.74,8093.55,1741.44,8.474,0.159,13.89,10.0,66.75
61162.5,12570.14,9095.1,165.87,4.453,0.394,35.31,10.0,66.46
42735.3,18725.7,4221.8,670.35,9.057,8.688,16.48,10.0,82.37
78088.47,24068.99,5850.39,671.49,7.348,4.632,19.13,10.0,78.35
33162.89,3797.12,7207.5,1331.24,7.487,6.609,13.81,10.0,85.72
72415.89,18029.63,9552.9,924.8,0.961,9.297,19.92,10.0,90.0
13574.01,6528.26,9172.86,1566.07,6.213,1.35,14.9,10.0,70.01
85546.72,10947.44,1043.33,799.64,3.419,4.531,5.0,10.0,90.0
50335.38,1788.71,2857.58,482.13,6.723,5.437,14.62,10.0,83.43
67302.36,4261.78,966.87,617.35,5.725,8.431,5.0,10.0,90.0
29911.4,8674.65,6357.15,405.82,1.201,9.938,24.62,10.0,90.0
70936.63,9207.66,7249.69,435.89,5.347,7.146,24.32,10.0,82.87
79501.62,22590.05,3428.69,472.84,4.567,6.454,17.25,10.0,89.02
52589.19,18803.51,8611.59,81.38,7.787,9.211,40.11,10.0,68.16
65595.42,24332.39,4801.72,1446.37,5.076,8.39,10.64,10.0,90.0
51069.33,15377.72,9984.62,829.22,4.864,8.664,21.96,10.0,87.54
90468.22,6801.13,503.8,94.21,7.223,0.127,13.6,10.0,66.53
54808.23,8863.72,1540.15,771.51,6.719,5.193,5.83,10.0,84.82
85762.78,8676.06,3367.04,1815.47,9.919,7.849,5.0,10.0,85.02
82121.69,8835.86,742.32,1046.93,3.584,1.896,5.0,10.0,78.57
46945.43,17151.14,7932.22,1974.17,6.915,7.539,11.71,10.0,87.47
30707.6,13739.39,1001.33,1102.92,1.756,0.191,5.0,10.0,68.85
46547.39,10250.18,7615.31,1927.46,8.065,5.794,10.83,10.0,82.53
84359.56,4578.15,999.4,443.51,7.883,8.528,5.0,10.0,89.66
30486.93,1531.34,2900.91,615.37,7.286,4.37,11.19,10.0,77.99
57199.27,6252.03,8492.13,1414.94,1.279,7.421,14.47,10.0,90.0
82548.71,3579.31,9535.41,1974.3,9.877,5.351,12.21,10.0,78.4
41812.97,19850.68,4438.0,1659.33,9.432,6.508,8.25,10.0,81.01
67798.87,3699.95,9714.42,1129.73,3.764,5.215,17.12,10.0,87.34
32106.84,18381.48,6455.37,216.05,5.815,4.811,30.1,10.0,72.54
19835.15,10255.81,4450.43,760.54,8.9,8.432,15.31,10.0,85.51
81494.58,2761.08,8126.61,218.53,4.997,1.018,29.56,10.0,67.53
18907.18,20505.52,3305.62,657.0,6.032,5.888,14.61,10.0,84.41
34424.33,14911.13,3025.06,554.64,6.072,1.237,15.16,10.0,68.77
86959.85,6658.28,6737.2,807.68,6.528,5.672,16.03,10.0,82.77
41182.24,22472.35,4209.63,1682.69,5.797,9.64,7.7,10.0,90.0
97574.08,2086.2,1791.22,343.23,4.119,0.665,12.6,16.23,68.4
98176.09,5843.67,1136.16,646.82,5.441,4.278,5.0,10.0,86.8
34144.84,19049.13,7984.5,559.18,8.727,8.04,22.54,10.0,80.51
13688.04,18025.07,6921.15,627.48,8.655,3.76,19.96,10.0,71.47
73455.7,7942.52,4412.08,753.22,7.748,5.251,15.19,10.0,79.12
50588.79,2488.6,9014.16,526.41,4.2,1.236,22.24,10.0,68.54
19067.76,21593.87,4403.14,1888.03,7.881,2.308,7.25,10.0,71.51
73677.05,8528.74,7247.81,869.2,3.94,6.896,18.09,10.0,90.0
12805.74,5697.12,9136.6,272.52,6.674,8.303,30.35,10.0,75.65
88317.7,13385.48,8486.8,961.93,5.718,6.5,18.19,10.0,85.06
22478.73,22845.45,5355.5,409.64,3.07,8.386,22.24,10.0,89.14
21458.07,2045.12,6966.05,471.45,4.583,6.096,22.49,10.0,83.54
25810.51,19379.3,4429.82,605.83,8.321,8.121,18.06,10.0,82.39
96423.97,14739.36,6648.37,293.28,9.136,9.831,26.97,10.0,77.62
72385.24,11210.78,2946.75,1456.18,2.132,0.92,7.16,10.0,75.85
82123.44,18857.93,4630.05,1594.3,4.617,4.849,8.46,10.0,87.02
45787.15,24179.79,2490.68,818.86,4.392,1.98,9.45,10.0,74.83
40268.15,6500.95,862.76,1393.54,4.941,4.706,5.0,10.0,90.0
31103.56,4447.54,6091.13,808.46,9.769,5.046,16.87,10.0,76.84
53258.32,22909.16,8712.08,369.95,5.236,6.257,27.19,10.0,76.07
59664.59,17054.87,742.99,824.48,8.318,4.449,5.0,10.0,77.99
66859.74,11511.66,2362.28,1136.13,6.673,3.315,5.66,10.0,77.36
33140.67,14758.23,4871.76,129.94,1.161,0.527,32.3,11.21,73.92
95378.87,18894.73,6826.02,1326.24,6.987,0.444,14.02,10.0,68.51
25278.26,19552.77,2126.68,1498.09,6.506,1.833,5.0,10.0,73.21
96908.79,23077.46,1038.6,1726.94,7.609,4.545,5.0,10.0,81.27
11337.05,11244.23,5430.96,250.4,0.837,4.233,27.4,10.0,84.69
53301.31,8041.86,8277.74,50.18,2.489,1.988,43.6,10.0,70.11
40003.11,16351.94,834.73,192.87,7.716,8.241,13.28,10.0,88.75
50421.11,10977.47,3819.01,1852.03,3.769,6.867,6.09,10.0,90.0
61359.81,15270.36,6803.39,1542.83,9.117,3.497,13.77,10.0,75.99
49203.02,11079.66,1742.05,1679.1,5.225,7.99,5.0,10.0,90.0
47336.22,4671.9,2741.49,1058.18,0.11,9.894,7.11,10.0,90.0
75945.11,12266.24,5587.18,1077.1,7.018,2.526,14.7,10.0,73.61
71728.86,17582.03,9555.7,632.09,5.183,3.69,24.03,10.0,77.34
84994.42,20182.81,3229.75,1693.37,3.239,9.93,5.0,10.0,90.0
32496.31,12839.83,5131.51,1668.05,0.302,1.465,10.05,16.13,90.0
64857.57,4965.71,4299.34,814.73,2.068,0.864,13.89,12.4,74.76
62667.53,10952.51,9025.27,692.07,1.7,5.258,22.34,10.0,90.0
43276.4,19871.05,1182.95,1489.83,5.87,4.737,5.0,10.0,85.74
53745.18,10908.62,5878.4,101.03,7.719,0.875,35.63,10.0,68.19
38240.39,17716.74,8538.14,1726.9,2.423,2.971,14.14,10.0,90.0
22766.0,13173.13,9887.12,920.18,7.007,4.247,20.45,10.0,75.8
29242.11,6789.36,7137.89,910.62,9.008,8.24,17.51,10.0,83.31
19496.23,20107.61,4109.39,1354.7,6.254,7.108,9.93,10.0,89.94
71476.26,3021.12,4412.33,1309.21,7.779,9.154,8.09,10.0,90.0
69465.47,13597.37,3840.98,568.65,2.122,3.392,16.52,10.0,90.0
95554.57,6013.38,6234.32,1889.39,0.842,3.163,8.96,10.0,90.0
75671.06,2609.58,7524.35,1973.34,3.717,4.685,10.38,10.0,90.0
14684.13,13070.41,8284.94,1075.68,7.119,0.175,17.42,10.0,67.42
89582.07,12989.49,4457.63,1144.69,6.892,2.152,10.74,10.0,71.86
87640.76,17965.62,7308.73,1130.92,9.555,2.194,15.69,10.0,71.69
49898.83,18874.02,9204.11,997.29,6.337,0.705,19.62,10.0,65.95
62727.67,18467.0,9247.84,1893.11,4.172,4.606,13.3,10.0,87.7
97847.05,10829.41,7188.28,527.27,7.992,9.065,22.79,10.0,82.66
57907.39,16160.55,6550.57,260.52,1.615,0.14,27.52,10.0,68.41
91478.96,14846.69,5549.5,1862.62,8.149,6.321,8.98,10.0,82.82
17473.49,11117.48,2240.38,465.42,3.723,8.805,13.51,10.0,90.0
27194.67,15333.1,1674.48,1510.85,1.625,1.164,5.0,10.0,85.5
49667.94,23733.95,5114.25,447.55,1.705,9.181,20.3,10.0,90.0
62628.11,5629.45,2014.72,1922.36,9.838,8.203,5.0,10.0,86.49
83460.51,22738.53,5981.5,1592.69,6.27,2.224,11.5,10.0,72.5
98943.59,2282.93,6634.18,1841.5,1.825,9.063,8.63,10.0,90.0
44996.63,8401.34,5493.35,1904.42,2.759,8.06,9.19,10.0,90.0
14267.41,7915.49,846.05,214.63,3.784,1.203,11.76,10.0,73.92
82105.44,16032.76,1048.42,895.11,0.653,8.323,5.0,10.0,90.0
64394.26,4149.4,1576.74,1313.8,1.173,5.468,5.0,12.11,90.0
27868.86,22176.34,1959.64,1614.79,7.641,8.178,5.0,10.0,90.0
54534.56,20885.23,9903.88,520.87,7.89,6.215,25.18,10.0,79.3
76807.92,16649.58,3772.7,1833.48,9.884,3.979,6.55,10.0,73.11
79337.06,12001.93,3273.75,480.9,0.769,6.051,16.25,10.0,90.0
54965.66,23390.95,996.53,1739.04,8.903,6.398,5.0,10.0,83.18
37469.31,20937.92,6535.54,1049.79,3.24,7.685,15.74,10.0,90.0
97636.83,12983.56,6695.81,1055.07,3.346,8.324,15.26,10.0,90.0
69702.63,17844.96,2166.76,779.31,1.36,6.666,8.99,10.0,90.0
46741.38,14606.32,9232.79,251.84,9.864,9.898,31.46,10.0,73.79
35241.69,15110.61,8104.69,726.83,9.812,7.808,20.25,10.0,80.8
75799.27,8943.43,2688.03,882.14,8.662,9.117,9.86,10.0,85.91
31796.51,12090.03,5115.57,984.09,0.999,3.263,14.99,10.0,90.0
25453.9,2874.91,4854.71,1491.24,8.432,3.231,10.14,10.0,74.0
57685.05,9576.37,3810.94,736.54,6.383,3.687,14.09,10.0,79.53
36098.87,17699.88,8267.53,842.86,1.375,4.453,20.77,10.0,90.0
66601.46,23877.18,1538.01,1816.89,2.691,9.618,5.0,10.0,90.0
20614.48,24113.54,4445.49,1517.51,6.923,0.828,9.4,10.0,68.03
68944.7,14337.35,4566.3,94.57,8.054,5.035,34.36,10.0,71.19
35496.69,15558.93,4952.89,1633.57,8.496,1.695,10.36,10.0,69.62
10021.86,5457.31,8682.82,1980.39,5.484,8.128,12.05,10.0,90.0
21424.25,17687.39,2572.59,1882.55,5.393,0.408,5.0,10.0,67.75
94025.38,2695.81,1477.77,1680.11,6.874,4.606,5.0,10.0,84.35
88061.92,7832.46,6369.18,1276.89,7.799,4.008,13.8,10.0,77.38
31024.81,17040.72,2151.43,592.47,1.789,1.013,10.56,10.0,78.37
80053.47,8447.44,1211.85,1326.14,7.424,3.83,5.0,10.0,78.99
64771.44,2196.32,4553.17,1406.41,3.483,8.109,7.99,10.0,90.0
97381.42,20964.89,2586.64,599.04,3.899,1.461,12.91,10.0,74.46
43624.51,8447.92,3931.56,547.89,0.869,9.837,16.65,10.0,90.0
71331.46,2514.53,2967.26,824.0,5.925,0.679,7.95,10.0,68.91
15718.22,2794.92,1380.05,1300.24,1.025,2.962,5.0,23.92,90.0
45662.26,7042.21,5823.3,621.47,9.14,7.772,18.63,10.0,79.71
96743.59,5272.38,756.67,1133.55,6.248,3.639,5.0,10.0,79.89
58508.28,19583.2,9680.57,1803.51,9.904,4.855,14.49,10.0,76.02
35909.16,8720.42,3742.64,625.45,2.532,1.948,15.14,10.0,81.51
20824.39,20312.7,7104.0,1933.65,6.828,7.183,11.24,10.0,86.76
73317.55,5172.3,8198.45,973.03,9.648,1.877,16.26,10.0,66.71
68037.04,12829.1,3151.5,246.77,3.056,8.502,21.94,10.0,90.0
43654.48,17512.89,7613.02,157.33,1.054,5.441,34.08,10.0,72.16
95584.72,16647.78,8408.0,710.42,6.376,5.527,21.25,10.0,82.77
11998.25,15427.11,2792.51,554.58,3.724,9.342,14.27,10.0,90.0
37335.15,23195.72,9928.7,1695.24,2.803,7.753,15.65,10.0,90.0
92896.25,6484.6,696.54,1488.39,9.937,7.457,5.0,10.0,83.01
38884.19,12849.26,2561.5,1774.87,7.566,8.595,5.0,10.0,88.72
32702.76,22215.82,7910.2,1199.04,4.905,1.009,16.46,10.0,68.88
58079.84,2869.45,2344.24,899.14,0.595,7.288,5.98,10.0,90.0
84142.16,2341.32,7133.47,577.61,1.997,2.409,20.26,10.0,85.39
19283.21,6599.25,8627.54,1187.06,3.058,2.881,17.82,10.0,82.12
94871.86,16192.51,9612.54,1255.15,4.923,0.25,17.34,10.0,67.65
81556.56,7237.11,5005.35,816.25,5.023,8.948,15.06,10.0,89.75
26312.52,5565.76,9725.54,1876.36,0.345,7.417,14.47,10.0,90.0
74080.72,12011.26,4410.41,1297.91,9.439,1.479,9.99,10.0,69.71
44646.29,15726.35,2572.22,1683.09,5.474,3.346,5.0,10.0,79.5
46206.52,6965.38,5382.26,1259.76,0.295,4.851,11.58,10.0,90.0
80496.11,8216.59,6673.32,667.25,7.043,4.99,19.99,10.0,79.82
96650.63,15725.42,4850.65,1486.41,0.806,5.997,10.89,10.0,90.0
21399.03,23697.72,5886.24,499.0,7.24,4.775,21.44,10.0,76.79
47856.72,17193.8,4455.89,1213.39,7.045,6.522,10.83,10.0,85.09
53284.74,19789.7,5485.24,834.61,9.851,8.85,16.4,10.0,83.21
43868.06,9803.44,9549.66,342.28,3.486,4.041,28.12,10.0,76.81
42687.02,7534.1,5248.4,855.82,1.529,8.779,15.33,10.0,90.0
14704.18,11902.43,2905.21,655.05,1.01,2.274,12.68,12.77,90.0
71698.48,20371.19,7708.09,268.83,0.81,1.302,28.77,10.0,76.94
49259.3,11951.19,3707.05,1656.47,8.122,2.47,6.97,10.0,70.5
27531.44,21321.41,8253.97,1022.24,7.214,2.145,18.31,10.0,74.38
83443.02,24730.53,1040.0,725.39,9.762,9.852,5.0,10.0,87.99
82230.47,2728.64,3655.69,1034.68,3.161,3.872,9.41,10.0,88.08
53775.25,2089.84,1396.42,1521.44,8.051,6.55,5.0,10.0,82.99
36860.56,4590.15,1310.52,85.68,1.021,6.991,23.09,12.61,90.0
67428.35,10224.87,6754.7,1116.17,9.048,4.508,15.33,10.0,76.71
35933.69,4145.01,4160.68,984.34,0.613,2.313,12.07,13.04,90.0
31240.71,21895.95,8779.05,1791.49,7.9,4.437,13.56,10.0,77.8
75746.32,1555.51,5405.85,1134.14,3.143,4.79,11.81,10.0,90.0
13629.27,8579.03,3305.76,317.78,1.894,9.545,19.22,10.0,90.0
18529.16,5432.67,7348.44,807.93,7.075,5.729,19.08,10.0,79.87
10610.94,23356.94,6428.16,1261.09,8.969,9.702,14.27,10.0,87.65
23764.89,17067.54,8096.15,139.57,7.665,5.809,35.52,10.0,71.04
16209.1,22888.73,6614.09,1775.07,3.2,1.535,11.94,10.0,75.73
99622.21,24335.89,2086.63,182.18,3.6,3.905,20.97,10.0,84.83
35992.9,12930.36,6867.95,109.65,1.974,7.944,36.26,10.0,71.47
23434.12,6623.66,4219.72,53.93,8.258,4.274,38.06,10.0,68.8
31689.66,5649.49,4899.86,1383.3,1.16,1.087,10.92,14.91,85.84
94251.3,6350.05,9254.86,939.04,9.042,1.051,17.17,10.0,69.39
56814.42,18006.24,3919.66,250.49,6.051,2.447,24.33,10.0,74.0
42833.63,1970.7,6313.61,1719.61,5.93,5.691,9.34,10.0,88.29
88605.23,2232.67,3953.08,445.3,8.394,8.319,16.83,10.0,84.55
45549.12,15595.43,1399.91,686.33,6.709,5.384,5.52,10.0,84.86
40150.77,16409.37,4808.49,396.56,3.112,7.486,20.37,10.0,90.0
28655.43,16966.31,6172.08,1857.17,3.56,6.491,11.32,10.0,90.0
44001.71,9925.13,4371.28,1528.23,1.813,5.289,9.13,10.0,90.0
38501.59,20342.68,4211.33,1461.71,4.694,2.227,8.57,10.0,75.99
70957.36,13806.99,8293.6,135.79,1.191,8.843,34.91,10.0,72.66
36062.44,3531.18,782.01,1069.27,6.565,2.83,5.0,10.0,75.39
61947.98,20130.38,3308.06,1172.13,1.775,2.603,9.32,10.0,90.0
15930.29,23873.63,8211.69,795.92,8.653,2.652,20.55,10.0,71.37
27216.02,2440.87,9245.04,677.42,7.035,1.047,22.29,10.0,69.35
46666.47,10392.43,4416.85,1711.29,8.926,5.037,7.64,10.0,79.61
94325.43,12700.39,8943.55,94.88,0.962,3.343,39.09,10.0,70.12
43952.68,4515.3,2389.84,1269.44,8.005,5.267,5.03,10.0,81.2
69766.67,21825.01,2603.56,818.78,8.82,4.586,9.92,10.0,76.54
32957.85,7819.59,8538.82,1348.6,0.541,5.246,16.16,10.0,90.0
21433.02,19792.2,9080.95,435.94,9.991,3.047,27.12,10.0,71.18
15268.29,17103.87,2616.65,515.39,3.076,8.17,14.18,10.0,90.0
37487.21,15353.1,1063.58,1194.36,2.196,5.389,5.0,10.0,90.0
24189.49,5611.43,1358.08,1960.88,4.208,2.164,5.0,10.0,78.23
25660.94,6296.88,2983.12,1950.63,0.185,9.028,5.0,10.0,90.0
78468.34,2136.36,7733.77,535.51,8.87,1.184,20.86,10.0,69.71
11425.43,6777.1,5344.92,249.58,2.758,7.361,26.77,10.0,85.28
60202.91,9290.65,4828.09,1201.17,5.264,6.817,12.02,10.0,89.19
44151.52,20995.49,6049.33,868.97,6.273,0.821,17.56,10.0,66.53
55589.5,9793.42,8957.12,1535.29,7.932,9.025,15.22,10.0,88.16
60654.72,19110.92,1359.09,1079.57,2.577,3.231,5.0,10.0,90.0
38203.09,11546.61,7099.88,1045.64,7.2,7.435,16.2,10.0,85.99
36559.8,19836.84,9304.51,1310.6,1.265,2.842,16.24,10.0,90.0
76006.17,24430.52,2526.83,296.52,7.072,5.304,19.05,10.0,79.76
88414.93,6756.2,8458.84,1370.47,9.201,9.726,15.04,10.0,86.02
27332.35,21696.2,7131.23,1002.61,0.942,6.147,16.83,10.0,90.0
18785.69,15923.78,637.45,1649.29,1.255,3.034,5.0,12.54,90.0
90801.62,20615.06,2700.31,320.48,5.617,4.638,19.05,10.0,84.0
41490.59,16638.06,6255.53,636.46,0.559,6.793,20.36,10.0,90.0
59618.57,11174.79,5272.8,1902.98,1.955,4.507,8.61,10.0,90.0
42358.88,6473.8,5515.39,1128.49,1.983,9.116,14.07,10.0,90.0
21322.21,2680.85,2703.34,1862.14,4.864,8.688,5.0,10.0,90.0
63039.85,13852.44,6912.53,1393.62,2.56,1.553,13.87,10.0,79.9
57262.68,24767.83,3030.97,1856.54,4.808,7.871,5.0,10.0,90.0
28269.42,18713.0,4199.63,669.76,5.26,9.43,16.5,10.0,90.0
50668.21,8856.29,4004.7,226.54,7.333,3.237,23.87,10.0,73.17
81725.28,20852.92,6884.24,1614.37,9.465,2.458,13.33,10.0,69.85
63138.35,19455.62,1357.4,1618.71,5.087,0.195,5.0,10.0,67.81
18722.56,7759.26,2452.65,1256.71,3.615,1.245,5.0,10.0,73.75
59321.93,1343.38,2404.72,1180.16,2.661,9.613,5.0,10.0,90.0
73246.45,3835.9,1530.03,1834.07,6.383,3.972,5.0,10.0,79.24
81343.31,22055.35,2472.15,394.17,9.435,3.935,16.04,10.0,75.99
66620.58,21077.51,6267.07,1252.25,7.67,2.74,13.18,10.0,71.9
23739.23,8085.02,7455.6,147.05,2.14,1.724,33.84,10.0,70.11
73915.59,7844.69,6772.88,324.69,8.944,5.137,25.31,10.0,71.68
70960.77,20028.76,5014.29,902.68,7.382,7.26,14.38,10.0,84.98
12198.42,23505.7,998.13,1651.35,1.367,5.553,5.0,10.0,90.0
47057.29,19699.29,9610.57,1479.61,7.157,0.451,16.67,10.0,67.3
39965.52,15533.89,2096.73,1949.43,2.965,8.054,5.0,10.0,90.0
70247.09,6824.11,6850.0,137.45,4.965,9.323,33.08,10.0,74.85
29452.22,13617.95,9172.46,793.64,3.072,4.46,20.84,10.0,87.72
63178.47,6604.28,7128.88,359.64,0.932,3.728,24.61,10.0,86.14
92188.54,20392.27,2571.47,122.07,7.709,2.376,26.66,10.0,70.68
81802.21,10287.07,3500.06,565.58,8.304,3.089,16.45,10.0,73.23
92931.2,21008.73,786.96,526.72,2.397,6.48,5.0,10.0,90.0
98065.54,10158.62,6321.2,869.05,2.472,7.724,16.74,10.0,90.0
10960.31,20779.59,6323.43,323.16,4.357,3.389,26.05,10.0,76.85
66046.71,8999.63,7392.26,1002.71,8.134,3.463,17.18,10.0,74.96
47155.55,11563.18,604.46,1844.19,0.865,4.566,5.0,14.52,90.0
87386.9,15771.72,8269.49,1508.97,8.106,1.785,15.45,10.0,71.74
32663.32,2686.9,7517.75,1692.25,9.235,9.279,11.66,10.0,86.51
98292.65,23756.97,1838.42,1619.22,5.659,7.084,5.0,10.0,90.0
65233.72,14766.54,3802.45,809.77,0.698,4.392,13.14,10.0,90.0
81418.37,13187.68,6565.99,1432.47,2.769,1.31,12.98,10.0,74.17
17703.96,21145.46,5210.07,1520.8,1.203,8.503,11.02,10.0,90.0
26511.21,21778.31,1593.4,451.01,2.667,4.889,10.88,10.0,90.0
78256.33,13534.25,1329.78,1727.51,8.137,7.989,5.0,10.0,90.0
11978.79,23254.3,7923.83,942.61,0.651,0.431,18.04,18.51,82.93
83519.02,2553.71,1981.69,81.9,2.91,2.809,25.08,12.45,76.06
11255.41,3717.42,2134.88,1304.6,5.218,6.259,5.0,10.0,90.0
69140.7,15322.92,8393.77,1369.69,8.753,4.93,16.11,10.0,78.16
42858.45,9497.58,6315.33,1125.94,2.575,3.021,15.04,10.0,85.95
65034.54,12141.4,6244.8,464.21,7.805,2.091,22.67,10.0,68.58
72642.83,8873.9,5053.78,990.44,5.877,3.088,13.25,10.0,76.96
40822.77,10713.41,5905.45,830.25,6.796,7.449,16.33,10.0,85.42
19716.62,20743.51,6216.81,1950.64,8.632,1.919,10.12,10.0,71.78
16268.13,15243.43,9694.35,1658.12,0.362,5.979,15.92,10.0,90.0
63004.24,24936.27,2618.25,1535.7,5.344,4.294,5.0,10.0,83.65
56858.98,19885.1,2538.34,403.09,7.497,7.654,15.55,10.0,84.48
76798.09,7567.99,1043.58,695.53,8.858,2.096,5.0,10.0,72.28
55876.2,7344.28,6752.89,790.44,1.414,2.774,17.3,10.0,90.0
48020.12,9061.56,5715.9,1010.62,3.48,4.047,14.88,10.0,87.46
45827.85,21238.23,1556.77,108.94,0.878,1.749,23.08,10.0,86.44
12380.22,1654.9,3963.12,1206.37,8.366,4.666,9.92,10.0,77.85
40200.15,6524.35,2197.3,747.82,8.588,4.219,9.4,10.0,77.33
97841.81,22718.04,3649.08,1145.27,4.887,9.902,9.82,10.0,90.0
88620.0,16357.51,9537.01,67.51,0.306,5.979,42.06,10.0,69.53
39644.03,6444.33,6991.53,676.79,1.112,0.788,20.01,13.08,79.76
62901.59,6259.48,571.91,1548.9,6.281,4.653,5.0,10.0,83.55
86256.71,21702.83,2898.83,1027.11,9.828,8.797,9.34,10.0,86.65
49714.69,22450.18,598.43,1588.33,8.405,8.681,5.0,10.0,90.0
11616.21,7147.15,7291.25,1412.97,7.999,9.622,13.77,10.0,88.38
16705.94,11092.25,4959.51,1717.1,4.238,8.953,9.99,10.0,90.0
55935.34,21030.3,9943.18,64.51,9.854,1.845,43.46,10.0,68.6
97249.54,19504.18,7469.04,559.58,8.267,0.135,22.08,10.0,68.52
72388.86,20533.99,5420.17,1120.16,3.423,6.201,13.37,10.0,90.0
16382.46,13441.56,8144.7,1884.99,7.51,7.054,11.69,10.0,84.37
27042.48,22877.18,7195.63,1375.59,4.382,1.399,14.11,10.0,72.78
79419.08,8822.84,2815.87,940.35,6.639,1.752,9.74,10.0,70.63
85729.58,4760.13,5537.45,303.78,9.704,9.634,23.45,10.0,78.47
65592.51,18009.58,5781.99,1011.77,2.54,9.444,15.13,10.0,90.0
67998.09,13944.51,4786.7,910.12,7.971,1.654,14.43,10.0,69.72
12550.37,21510.06,2202.33,1567.96,5.945,2.545,5.0,10.0,74.69
84567.72,2947.82,2622.01,856.03,9.505,8.932,7.28,10.0,86.6
80944.77,21248.62,3169.95,671.73,1.431,4.406,13.8,10.0,90.0
33313.16,8039.07,597.42,224.95,7.225,8.001,8.38,10.0,89.8
73780.9,16716.54,9210.97,140.68,0.468,4.02,35.78,10.0,73.44
29336.91,1963.09,7017.91,906.31,2.541,7.39,16.0,10.0,90.0
13629.71,15629.95,7051.36,726.38,3.276,4.029,19.74,10.0,83.62
28102.29,18214.52,5937.14,1132.88,4.379,9.002,13.93,10.0,90.0
26076.6,9850.01,7048.45,1438.26,9.656,3.323,13.18,10.0,73.62
40397.32,6169.86,9827.69,128.01,0.769,5.279,37.24,10.0,72.0
47660.45,13903.14,4159.02,1017.62,1.773,5.265,11.86,10.0,90.0
55768.5,20996.58,7268.99,1730.85,2.11,6.524,12.99,10.0,90.0
52907.85,8765.14,3915.53,937.57,4.298,3.136,12.09,10.0,83.32
34360.71,7059.26,8615.74,1066.42,0.701,6.462,17.79,10.0,90.0
12625.36,7694.45,8651.27,999.24,9.658,1.496,19.25,10.0,69.91
64459.15,23779.17,9071.53,810.1,5.643,8.947,21.57,10.0,87.6
45617.03,9622.65,551.9,264.73,8.152,1.527,5.8,10.0,69.92
36880.49,1086.5,3332.82,296.39,7.748,8.419,18.39,10.0,82.67
88024.69,19760.35,1772.28,399.22,6.642,6.962,13.05,10.0,87.69
77206.9,17782.6,4812.87,1595.5,9.054,3.477,9.34,10.0,73.96
87198.9,4085.64,5206.77,586.9,9.034,3.342,16.68,10.0,74.0
54548.45,24637.7,2931.09,1898.84,1.365,9.664,5.0,10.0,90.0
21783.81,15593.49,7372.74,1629.83,9.029,2.03,12.93,10.0,69.19
72659.93,13018.71,3062.81,1384.85,5.287,7.257,7.65,10.0,90.0
28546.64,10173.26,8611.97,1454.77,2.754,1.918,15.38,10.0,83.06
49710.67,22568.15,2187.76,142.88,6.124,9.063,23.71,10.0,84.07
15850.07,6855.12,3988.74,1158.36,2.881,7.445,11.78,10.0,90.0
84277.76,7858.45,6411.26,1885.06,4.842,9.334,10.12,10.0,90.0
21334.66,3937.86,6250.68,126.26,8.183,8.803,33.35,10.0,72.9
91278.78,19218.86,1241.28,617.48,0.419,5.54,5.39,11.68,90.0
87780.75,15293.18,8539.46,150.45,1.913,1.607,34.64,10.0,73.28
51812.45,15617.59,6181.62,1161.0,9.57,2.292,14.54,10.0,69.8
76993.14,6243.29,8763.67,276.59,4.506,2.098,29.41,10.0,71.3
65750.06,16628.04,8742.54,984.54,3.103,2.284,18.09,10.0,80.26
82276.81,19371.0,5686.23,1453.9,9.24,4.817,11.71,10.0,80.8
48862.46,9589.32,9152.42,370.66,9.121,8.691,28.31,10.0,75.25
80722.76,20232.33,8559.87,1522.96,0.538,0.329,15.0,14.12,77.51
51621.11,9370.97,9602.17,167.4,3.689,2.461,35.66,10.0,71.04
94686.92,19195.32,8579.73,341.77,9.137,6.008,27.07,10.0,75.92
53773.49,1809.52,8301.44,596.22,1.88,8.667,20.75,10.0,90.0
51635.73,14227.95,4958.92,1602.39,5.824,3.045,9.75,10.0,76.92
80656.47,24268.64,2514.3,1707.77,3.276,3.887,5.0,10.0,89.87
83941.99,24549.87,9151.73,479.74,7.392,3.797,25.07,10.0,72.92
59904.02,7762.06,7364.22,236.78,1.667,3.008,29.74,10.0,77.57
26181.8,11593.58,3176.6,1703.51,6.001,7.018,5.58,10.0,90.0
52098.24,2511.47,3739.46,1316.27,0.1,6.593,7.03,10.0,90.0
97126.53,21960.19,7017.75,357.82,2.6,8.448,25.94,10.0,85.47
77768.76,14645.73,5039.26,1137.55,1.705,9.184,12.9,10.0,90.0
83004.63,10242.42,1274.08,1751.12,2.177,9.015,5.0,10.0,90.0
12954.29,3706.49,1843.76,185.55,8.618,5.448,19.75,10.0,78.07
52107.35,23722.41,7583.66,213.26,9.156,1.938,30.32,10.0,69.88
68195.9,13725.26,3621.41,583.54,7.575,2.299,14.94,10.0,72.35
84702.94,7790.27,5322.67,1321.91,5.942,5.944,11.53,10.0,84.78
14434.63,9405.16,7782.9,397.12,2.385,9.192,24.84,10.0,86.49
86719.5,7496.73,7636.17,1641.92,2.82,5.351,12.39,10.0,90.0
59356.08,15443.44,2086.64,1513.34,3.168,9.364,5.0,10.0,90.0
27758.26,23319.13,1434.74,1143.96,7.792,2.696,5.0,10.0,72.16
38552.97,21560.65,6115.95,276.33,2.604,0.955,27.93,10.0,69.23
35373.66,12049.14,7545.51,1977.03,9.737,7.983,11.75,10.0,85.11
57777.31,20835.98,1915.88,1005.57,7.985,8.806,5.37,10.0,90.0
14651.71,11154.53,4033.58,931.54,9.997,4.536,12.98,10.0,75.8
24268.25,7055.37,8767.64,1991.36,4.646,1.114,12.11,10.0,71.23
83142.37,24601.96,9470.12,1734.54,5.934,0.519,15.13,10.0,67.72
21934.36,8293.3,4813.66,939.92,2.876,0.719,13.85,10.0,70.36
31005.66,8769.38,1255.4,866.67,6.077,4.447,5.0,10.0,84.0
50803.35,24752.63,2948.12,237.02,9.742,2.425,22.03,10.0,69.19
56540.88,4214.26,2713.21,1856.7,0.401,4.673,5.0,11.38,90.0
78724.94,19252.82,2770.16,1695.36,2.964,4.936,5.0,10.0,90.0
50259.92,23459.51,5191.88,654.5,2.885,4.635,17.34,10.0,88.26
81087.82,13283.08,6040.64,1518.98,9.825,6.237,11.18,10.0,80.58
65651.17,1060.52,1663.84,1537.32,1.413,6.826,5.0,12.73,90.0
20178.98,10001.41,8948.88,494.43,8.142,4.02,24.89,10.0,75.04
24069.83,3677.66,6389.75,1246.63,2.818,3.437,13.65,10.0,86.46
49333.04,10988.5,6173.89,547.31,8.62,3.747,21.4,10.0,71.84
45720.05,19960.64,9879.15,1590.28,4.929,0.795,15.27,10.0,68.68
76918.98,11529.08,6467.37,349.93,2.498,3.284,26.17,10.0,81.15
62266.34,11366.2,9325.11,1354.37,7.126,2.079,16.06,10.0,70.74
44931.98,14362.95,3219.44,685.72,8.432,2.979,12.88,10.0,72.88
25368.43,14960.57,2781.23,120.56,4.754,7.173,26.46,10.0,81.81
30415.34,21551.11,5406.93,291.22,7.168,9.887,25.33,10.0,80.48
61795.09,8400.53,5331.79,1327.05,1.898,9.243,11.62,10.0,90.0
48109.49,20720.11,2651.59,517.83,9.382,8.234,14.06,10.0,84.07
56343.48,14582.41,7146.73,1280.52,1.055,7.398,15.01,10.0,90.0
25360.97,8212.71,781.52,858.9,2.297,9.455,5.0,10.0,90.0
69661.56,8083.03,7060.99,1400.79,2.955,7.545,13.06,10.0,90.0
86728.49,9667.3,4843.19,1011.25,1.612,4.762,13.18,10.0,90.0
33214.56,15944.64,7045.57,651.67,4.126,6.053,21.04,10.0,87.17
54236.28,6539.48,5032.27,334.35,4.632,3.127,22.63,10.0,75.37
97797.46,23088.01,9784.67,715.14,5.234,0.133,23.96,10.0,67.95
39991.76,14797.9,3679.51,1288.04,0.504,3.601,10.2,10.0,90.0
63554.17,23080.38,9834.44,1493.92,2.269,4.108,16.24,10.0,90.0
18117.61,2113.7,1117.25,362.66,8.097,7.358,8.82,10.0,85.87
64541.35,9222.67,6995.73,1345.33,8.125,8.606,13.55,10.0,86.44
18066.86,1547.38,4815.08,399.6,3.367,9.63,20.87,10.0,90.0
96331.19,7534.04,8310.31,482.55,4.666,3.583,23.81,10.0,77.79
74409.64,21688.16,8001.35,1086.07,1.916,9.578,16.31,10.0,90.0
80934.38,1878.63,8102.0,613.94,8.239,8.014,19.93,10.0,81.39
73369.39,11467.53,1400.02,1340.11,9.571,0.405,5.0,10.0,69.66
63075.61,3821.61,8312.47,1913.76,2.984,5.993,10.05,10.0,90.0
50492.15,11004.18,2533.38,340.34,7.841,3.72,17.13,10.0,75.11
87253.6,21132.44,743.96,1162.5,3.589,0.437,5.0,10.0,67.16
96115.21,15953.7,2568.52,1850.43,0.126,5.362,5.0,10.75,90.0
54913.26,18682.15,5053.21,394.23,6.037,5.89,21.69,10.0,80.4
93838.15,9378.5,7550.06,765.36,4.163,2.597,19.37,10.0,75.77
62499.96,23665.54,2577.01,291.05,7.609,9.405,19.11,10.0,87.42
58454.58,18022.29,1573.57,1301.97,7.513,6.143,5.0,10.0,86.57
50903.45,11123.17,6636.69,1354.83,9.466,1.842,13.82,10.0,69.32
28835.9,11235.16,9847.03,1345.16,4.434,7.24,17.37,10.0,90.0
10334.77,23048.42,6208.27,1107.15,4.877,5.041,15.21,10.0,85.86
31735.56,14833.71,7065.04,1505.21,4.064,4.785,13.49,10.0,88.47
55875.09,17953.1,5831.09,119.96,3.04,8.362,33.7,10.0,74.67
44196.4,11008.85,7932.31,1917.15,6.415,1.468,12.12,10.0,70.51
50363.67,6368.63,9770.14,483.09,8.298,4.961,25.63,10.0,74.5
98258.34,18365.42,5669.23,287.05,1.662,7.83,26.09,10.0,84.75
41524.51,15587.77,4459.51,1885.22,9.82,6.638,7.34,10.0,82.9
50696.46,13032.23,8673.26,1669.35,6.87,0.154,14.45,10.0,68.34
22016.4,15976.5,9712.42,1541.5,7.823,7.896,16.2,10.0,86.78
14316.2,5998.85,1727.23,254.25,9.989,9.452,16.09,10.0,83.7
79786.86,20054.53,5992.62,1624.68,5.09,7.076,11.05,10.0,90.0
61361.49,23755.91,8028.37,1237.6,0.806,8.771,16.13,10.0,90.0
78463.43,22386.48,5566.72,1477.22,7.924,3.672,11.45,10.0,74.98
23487.65,8714.46,4387.37,1957.24,8.721,3.571,7.14,10.0,74.65
61464.59,10744.14,6724.68,429.16,1.708,3.277,23.78,10.0,85.44
32827.82,20401.66,3066.22,1033.54,0.339,7.376,9.41,10.0,90.0
30525.56,15282.81,3816.77,1519.04,1.445,9.426,7.72,10.0,90.0
11037.34,14149.95,9926.63,895.63,3.307,8.865,21.38,10.0,89.74
21730.67,23239.41,6546.42,156.57,9.25,1.587,32.56,10.0,67.32
37834.13,13864.6,8792.81,267.31,0.124,6.298,30.2,10.0,81.39
20519.09,13358.53,8173.8,1224.08,8.058,9.96,16.24,10.0,87.46
98727.26,2008.45,6696.59,605.76,8.563,3.024,19.0,10.0,71.2
37776.94,2666.01,8486.93,318.79,8.129,6.384,26.51,10.0,74.98
21729.16,1178.09,3228.01,712.79,0.914,9.076,10.35,10.0,90.0
27917.41,22917.86,6552.61,441.91,6.824,9.006,22.88,10.0,82.02
62893.29,10801.28,6110.73,96.68,9.544,3.283,36.46,10.0,70.77
15763.92,12245.47,6412.99,346.04,1.292,1.03,25.49,10.06,77.17
87619.07,21289.29,2102.0,1772.0,0.414,6.495,5.0,10.0,90.0
96534.97,15621.91,3133.81,73.47,8.749,9.475,32.18,10.0,75.11
32207.27,15628.04,3223.25,1559.01,6.485,5.129,5.81,10.0,84.44
50508.57,8116.83,6218.49,1519.25,6.5,4.631,11.75,10.0,81.04
11992.1,21013.8,9739.2,1150.26,9.648,8.653,19.03,10.0,81.85
67663.92,4979.92,9563.64,456.47,7.721,4.304,24.66,10.0,76.12
47253.35,2275.59,2658.3,1762.22,4.035,6.841,5.0,10.0,90.0
34305.26,5598.48,3396.03,976.4,4.415,3.948,11.41,10.0,84.62
28615.34,7425.69,842.59,387.75,1.532,3.834,6.42,12.92,90.0
68862.08,7775.47,4288.75,886.59,3.11,1.959,12.62,10.0,78.87
47459.53,17092.33,8429.4,430.09,4.509,0.976,25.97,10.0,69.16
26169.34,6227.79,9199.64,783.22,2.685,8.863,20.85,10.0,90.0
72019.82,17239.8,2746.72,1018.54,9.167,1.894,8.48,10.0,70.29
60856.51,3187.17,3025.05,751.81,0.217,0.716,10.17,56.23,90.0
87280.48,4532.86,2598.07,1331.24,5.912,5.865,5.0,10.0,87.89
20572.83,13211.71,3825.98,1875.04,7.739,5.505,6.3,10.0,80.73
80709.99,23125.5,8145.21,728.89,7.348,5.721,20.62,10.0,78.58
70616.51,21629.62,6645.15,743.69,6.473,4.734,19.23,10.0,80.95
20350.98,24250.08,7966.44,1489.69,4.162,1.505,14.93,10.0,72.43
72533.87,16611.5,6038.8,1084.65,9.193,0.307,15.37,10.0,70.12
49739.26,17219.56,2948.46,886.24,3.357,0.559,9.89,10.0,66.17
95048.63,16000.55,2665.94,1636.93,7.526,9.437,5.0,10.0,90.0
22745.02,15947.65,585.51,1787.52,9.274,5.365,5.0,10.0,80.53
67855.01,4530.89,7919.33,1201.64,1.371,4.057,15.01,10.0,90.0
44378.2,14049.73,8547.65,410.95,9.476,4.167,26.98,10.0,73.23
96113.32,10265.63,7798.68,959.26,7.783,6.557,17.5,10.0,81.64
39697.74,11620.89,1206.82,1033.52,6.204,3.829,5.0,10.0,82.56
96596.73,13566.41,7741.11,892.8,3.797,7.985,18.24,10.0,89.89
91133.73,4081.51,934.79,561.74,9.052,2.673,5.0,10.0,71.92
34334.49,9627.71,1503.13,971.03,0.536,3.736,5.0,17.19,90.0
82318.76,2522.79,4684.52,920.76,4.375,9.356,11.83,10.0,90.0
99604.38,24512.04,5023.4,458.51,7.591,2.677,20.66,10.0,72.09
32739.67,3844.67,8253.13,1811.69,8.13,6.65,12.2,10.0,84.39
49309.95,7204.59,6955.51,1776.41,2.103,3.709,11.24,10.0,90.0
56816.27,22391.03,1956.54,1531.25,0.571,4.765,5.0,10.0,90.0
36543.8,12585.04,2648.39,831.85,8.048,0.547,10.73,10.0,67.54
11373.84,4255.29,3213.91,772.17,4.277,1.756,13.11,10.0,74.81
29811.63,10221.53,1674.89,1447.11,1.521,1.109,5.0,11.9,82.58
35374.32,3780.83,3232.63,1235.83,0.947,8.463,7.84,10.0,90.0
49923.97,5805.18,7421.68,1221.17,6.442,9.621,15.29,10.0,90.0
25399.22,2248.72,2793.31,292.02,5.87,0.773,19.22,11.5,69.93
88592.89,11517.46,8435.92,1255.65,8.555,0.861,15.58,10.0,67.72
73442.0,20359.27,4960.41,1808.63,0.413,5.566,8.16,10.0,90.0
17668.04,15063.26,3567.89,217.34,8.697,5.09,23.46,10.0,74.93
68508.32,15552.29,4417.97,711.38,8.884,6.541,16.13,10.0,82.44
68829.08,5814.02,7240.22,1042.58,4.518,7.394,15.49,10.0,90.0
96059.91,9253.45,5409.53,1387.72,0.859,7.992,11.7,10.0,90.0
10271.88,21285.81,569.15,224.79,9.473,1.576,7.81,10.0,69.14
32313.92,3108.55,9262.08,1751.97,0.813,0.475,13.85,23.9,77.6
93501.23,21590.34,1126.96,129.06,5.948,8.903,18.59,10.0,88.32
93892.05,12608.56,9416.9,1722.49,4.982,4.748,14.54,10.0,83.94
74852.78,21091.54,767.45,103.92,8.367,9.715,17.01,10.0,86.46
78918.7,8632.15,7824.3,349.37,5.076,5.374,27.07,10.0,77.57
18233.47,9132.23,5579.41,1610.63,4.744,5.149,10.64,10.0,88.43
56248.83,19038.52,5304.4,1727.32,8.818,6.267,9.83,10.0,82.64
30842.47,19839.91,1191.4,1965.42,9.644,1.784,5.0,10.0,67.91
26309.62,6511.47,2768.08,275.64,5.538,2.615,19.4,10.0,75.67
82927.3,24348.91,7886.7,1076.58,4.602,9.067,17.86,10.0,90.0
22153.43,3027.76,8966.97,200.45,8.328,2.202,32.39,10.0,71.08
52178.65,2644.07,5526.63,354.99,8.328,2.406,22.24,10.0,70.81
94472.04,15292.1,3856.76,390.26,3.262,5.149,20.03,10.0,88.41
26724.89,18345.78,1069.46,173.61,5.805,6.447,14.99,10.0,88.17
98019.41,24061.27,6980.7,1791.31,1.626,0.109,11.59,10.0,66.66
99485.92,10718.7,3145.24,296.39,6.392,4.622,20.34,10.0,79.49
60005.54,1606.99,1022.63,1277.21,8.356,4.05,5.0,10.0,76.6
25312.85,15469.51,6825.59,1270.21,1.956,8.67,14.48,10.0,90.0
38449.44,7952.7,5114.34,437.36,3.298,8.413,21.3,10.0,90.0
48204.35,11390.73,613.64,1996.9,4.544,9.069,5.0,10.0,90.0
37839.18,12723.27,1553.78,727.37,8.466,8.436,6.67,10.0,88.96
35257.2,2548.3,7142.42,1814.93,7.341,7.888,10.06,10.0,87.57
97500.67,12663.56,1104.88,1899.16,3.237,8.604,5.0,10.0,90.0
23802.83,11231.67,8726.65,1900.53,2.506,1.831,12.68,10.0,82.89
75999.51,18101.06,3457.6,1518.03,6.987,3.474,7.21,10.0,78.63
10036.93,16495.98,1342.33,544.92,4.851,6.868,6.59,10.0,90.0
63656.44,5445.18,7717.7,285.28,5.976,9.239,27.9,10.0,78.24
92434.87,5947.33,5482.06,1161.28,6.522,6.702,11.48,10.0,87.75
35914.07,7024.15,3413.08,752.08,5.631,2.159,12.55,10.0,73.53
26697.34,5294.81,4357.93,1670.53,6.169,9.452,7.46,10.0,90.0
68651.18,16773.12,703.42,1502.73,8.886,7.627,5.0,10.0,86.47
74134.13,24866.32,6795.64,589.11,8.695,7.194,21.02,10.0,79.75
71922.75,16650.6,3974.85,83.18,1.575,7.649,33.51,10.0,73.72
38738.52,15560.36,7283.36,512.77,5.906,6.626,22.05,10.0,81.77
32698.22,10838.27,6467.63,1155.88,4.449,0.319,15.1,10.0,69.39
96032.69,8501.93,6686.91,204.05,2.927,2.611,30.0,10.0,76.02
93096.96,22865.77,8032.48,1333.63,6.348,9.57,15.39,10.0,90.0
51158.49,24256.04,6496.0,1359.81,5.158,2.957,13.06,10.0,77.58
86157.45,12922.63,4477.9,380.32,7.772,7.739,21.38,10.0,85.22
50709.11,7964.81,4204.31,1212.82,1.025,4.302,10.42,10.0,90.0
48195.01,19482.93,1636.03,1233.59,3.097,9.085,5.0,10.0,90.0
24108.67,4178.96,7904.71,982.06,0.355,5.621,17.92,10.0,90.0
48376.55,19374.12,7730.53,1908.83,7.485,6.356,11.0,10.0,82.68
58367.52,20654.76,2839.83,260.92,9.133,2.472,19.47,10.0,70.18
12025.39,3997.69,8695.48,842.92,5.915,0.669,19.82,10.0,67.72
49970.17,24444.68,6095.53,1771.7,6.208,7.59,10.89,10.0,89.97
80322.06,24652.29,5047.53,803.31,0.56,0.77,15.61,10.89,88.87
71204.15,23481.27,666.21,878.05,5.087,7.246,5.0,10.0,90.0
67164.13,12904.84,4136.04,1353.13,5.316,5.599,9.19,10.0,89.05
91859.99,6905.78,6586.37,1347.85,0.486,8.218,13.32,10.0,90.0
11622.88,14968.22,1352.6,94.66,7.846,2.137,22.97,10.0,70.51
60134.28,11078.41,4865.89,938.61,2.855,5.461,14.24,10.0,90.0
80861.4,5942.77,9937.64,700.35,7.262,6.18,20.88,10.0,80.84
58720.18,11168.23,7307.12,1274.01,4.089,0.836,14.78,10.0,69.5
39150.6,16933.36,5695.27,1133.62,9.957,7.416,14.19,10.0,82.9
22262.55,2701.92,5563.81,1319.18,2.201,3.951,12.11,10.0,90.0
89880.68,9002.03,915.77,1324.85,0.677,1.376,5.0,22.79,90.0
52368.62,1427.08,9594.49,547.0,9.801,3.932,23.12,10.0,75.21
89030.37,18987.89,9317.69,530.61,2.514,1.073,25.04,10.0,74.26
62726.69,16376.59,6982.84,772.05,6.39,8.891,19.37,10.0,90.0
70677.29,2504.13,1440.61,521.82,3.808,4.622,7.36,10.0,90.0
82383.5,24153.7,2474.42,1381.48,6.432,1.466,5.04,10.0,70.71
69324.0,1542.92,2247.14,1225.59,6.001,2.596,5.0,10.23,76.41
45824.94,15159.06,5436.0,471.95,7.102,7.274,21.25,10.0,81.86
56227.0,19632.82,2474.14,1774.0,0.283,7.882,5.0,10.0,90.0
82274.1,19909.51,7110.11,948.29,8.378,0.509,17.47,10.0,69.9
43628.53,1822.84,5679.68,297.75,4.839,0.693,24.16,12.28,68.24
44930.93,22753.96,667.75,465.28,5.237,9.18,5.0,10.0,90.0
18612.11,23042.84,7568.54,1102.71,4.169,3.377,16.56,10.0,82.71
92312.6,14473.37,2293.87,709.93,9.895,2.014,10.55,10.0,69.77
18193.27,12570.0,8336.41,1709.88,8.036,1.318,13.42,10.0,70.37
68338.83,2076.82,3872.93,1014.73,3.183,4.812,9.51,10.0,90.0
47187.5,14486.9,3716.89,1834.82,7.852,7.733,6.42,10.0,90.0
46505.75,10825.1,612.26,248.56,4.426,5.259,7.05,10.0,88.24
71159.67,19547.35,9883.43,1353.76,8.713,0.305,17.14,10.0,66.17
16038.44,10693.21,6314.04,1777.28,0.405,4.891,10.47,10.0,90.0
63433.52,17405.94,4515.94,621.21,3.619,3.185,16.98,10.0,81.17
79482.86,3433.8,1417.9,314.59,4.355,6.86,11.19,10.0,90.0
84539.15,4190.85,7141.91,940.46,7.468,5.283,16.13,10.0,79.54
25347.74,4353.04,3185.94,1924.6,1.905,9.657,5.0,10.0,90.0
90767.71,2092.61,9888.67,1285.25,2.934,6.022,15.43,10.0,90.0
69053.15,13991.89,9530.2,1305.76,7.266,6.362,17.69,10.0,83.13
89366.93,20055.23,7485.32,1359.43,0.861,5.25,14.98,10.0,90.0
53675.26,15649.87,9725.18,127.53,2.091,3.179,36.56,10.0,71.87
58783.0,14798.92,1503.52,919.02,7.558,6.343,5.0,10.0,86.28
92713.44,17334.97,3159.2,201.27,8.768,3.396,23.76,10.0,70.78
90991.86,9151.49,2905.81,665.92,7.315,7.202,12.23,10.0,85.75
50334.48,9686.9,1184.12,1652.12,5.319,2.445,5.0,10.0,76.69
34697.14,8542.48,9736.15,1329.73,1.081,3.74,17.06,10.0,90.0
45385.34,18090.61,1069.75,1991.37,8.29,5.878,5.0,10.0,83.66
44898.79,4879.37,8638.54,385.7,1.328,6.322,27.18,10.0,86.37
35818.02,1312.61,7797.53,824.26,3.912,6.719,17.54,10.0,89.26
34172.16,15308.71,4070.74,1628.8,0.6,7.033,8.11,10.0,90.0
87495.66,23617.15,678.67,470.6,7.126,3.251,5.0,10.0,76.55
16287.57,15625.79,557.91,349.76,5.085,8.937,5.0,10.0,90.0
70985.01,19790.12,2437.94,883.84,9.085,0.396,9.14,10.0,66.9
25553.8,17146.98,5191.83,798.27,1.474,1.965,15.69,10.0,87.56
41005.53,12938.48,4850.14,1961.4,8.21,0.794,7.44,10.0,68.25
15538.87,18241.42,6060.28,939.69,5.156,6.748,15.52,10.0,87.62
34297.63,20778.5,7833.61,1728.85,3.724,2.809,13.91,10.0,84.23
79157.9,6393.56,4084.87,1781.53,6.471,2.072,5.29,10.0,74.11
89651.38,9067.13,2023.46,357.85,7.925,4.859,15.16,10.0,78.61
29937.44,6369.42,8100.46,1444.84,4.459,6.229,15.05,10.0,90.0
51719.31,11852.15,3660.56,591.33,2.405,6.231,15.25,10.0,90.0
52329.16,22241.55,3225.38,234.74,9.166,5.619,22.05,10.0,77.98
88621.78,9284.97,7760.96,1755.67,3.199,9.921,12.39,10.0,90.0
78651.91,9987.21,9374.32,620.24,9.983,8.616,23.14,10.0,79.12
56176.95,21648.81,9192.13,723.46,7.697,2.465,22.19,10.0,70.51
70367.25,13368.98,1805.7,681.78,6.909,7.611,7.18,10.0,89.9
86261.95,13850.78,5280.0,440.58,0.223,5.736,21.25,10.0,90.0
10858.51,21659.23,1382.27,897.28,4.54,0.798,5.0,10.0,69.94
46260.1,12772.64,9629.27,885.17,5.074,0.591,21.25,10.0,70.6
91651.89,17357.38,2544.66,847.07,3.826,8.016,9.57,10.0,90.0
76628.17,3055.47,2375.58,1836.78,1.585,5.495,5.0,10.0,90.0
58855.72,5287.16,8944.41,712.52,3.738,5.756,21.94,10.0,86.74
57668.01,10705.03,9694.58,109.24,0.842,3.429,38.56,10.0,70.04
41299.31,12876.14,7127.51,397.95,2.98,9.31,24.91,10.0,87.95
56846.85,24177.61,1649.55,1456.92,0.928,7.162,5.0,10.0,90.0
68984.49,24295.64,5115.63,1202.17,7.549,9.285,12.94,10.0,90.0
47652.67,21428.73,8257.75,1905.88,6.744,1.083,12.67,10.0,69.13
74273.78,8574.37,5938.53,1404.15,9.405,5.879,12.83,10.0,81.96
87510.9,24136.68,1759.65,428.77,3.861,6.412,11.94,10.0,90.0
23921.64,17544.18,2132.93,285.26,7.883,1.347,16.93,10.0,68.41
50639.23,10430.56,8709.35,1065.48,5.917,3.528,18.88,10.0,76.82
46721.81,17840.2,5506.78,1347.26,6.496,2.227,11.99,10.0,74.61
71871.83,1396.55,7205.45,372.99,5.52,9.846,24.01,10.0,83.53
32488.07,4507.71,4044.09,1223.3,7.814,5.48,10.48,10.0,81.13
67622.58,20912.46,5558.61,1736.81,0.516,3.221,11.04,10.0,90.0
88974.03,16493.77,9782.48,1468.76,0.897,6.679,16.13,10.0,90.0
47631.84,9740.67,3632.18,1345.17,1.05,6.63,8.72,10.0,90.0
91991.41,13016.0,6910.49,1589.2,2.958,3.539,12.09,10.0,88.93
99384.74,22723.41,2138.8,252.96,5.952,9.94,18.16,10.0,90.0
19548.28,16157.87,1656.53,447.47,6.492,8.109,10.94,10.0,90.0
30974.79,10555.58,7944.58,124.29,7.155,4.063,36.44,10.0,71.79
95534.18,3887.84,8519.03,332.71,2.88,6.635,26.62,10.0,79.32
96249.49,8049.92,6848.96,1830.71,6.537,7.134,10.7,10.0,90.0
18793.65,24480.17,2002.86,483.18,1.265,1.821,11.93,10.0,90.0
11349.87,11496.71,2785.59,1341.09,0.199,8.794,5.98,10.0,90.0
24499.0,12324.15,9156.17,1398.56,6.977,8.278,15.9,10.0,86.84
99641.15,12966.35,3242.69,1308.38,7.185,7.581,7.74,10.0,90.0
26199.97,22218.5,8279.17,1130.15,6.259,2.304,16.46,10.0,72.6
55229.28,15494.28,3216.4,997.95,2.663,1.449,9.85,10.0,78.22
86357.6,17648.25,9424.89,868.85,9.282,1.887,19.87,10.0,70.35
11836.14,10345.93,9187.3,1837.95,8.769,1.021,14.18,10.0,66.98
64404.01,1698.1,911.0,68.55,5.204,9.409,19.97,10.0,86.57
34932.29,23343.35,7818.93,154.3,9.892,8.53,35.02,10.0,70.66
87610.14,23779.06,2109.89,1010.4,3.056,0.999,6.8,10.0,71.06
35511.5,23779.67,2545.08,694.49,4.962,6.812,11.18,10.0,90.0
71808.01,23648.49,4868.53,846.05,9.286,2.531,15.31,10.0,70.54
70679.77,20565.81,5975.02,1995.8,4.675,0.271,9.65,10.0,68.1
29934.42,17430.31,3595.1,1561.51,4.763,2.995,6.7,10.0,83.3
13131.93,21268.24,5966.14,1760.95,0.886,4.456,11.18,10.0,90.0
46832.46,15413.11,2121.25,768.72,2.192,0.298,8.67,10.0,67.22
36027.38,4224.87,712.21,517.14,1.663,3.305,5.0,18.95,90.0
82808.0,10389.24,5926.63,1547.58,5.696,7.033,11.59,10.0,88.86
82032.78,24311.08,5415.44,1624.77,3.253,2.361,9.79,10.0,82.03
51132.16,9427.31,7051.71,1122.3,0.863,4.9,16.1,10.0,90.0
64586.1,21827.87,6673.31,1797.09,5.149,8.887,11.47,10.0,90.0
64383.36,3237.08,9026.12,1936.28,6.725,0.381,11.04,10.0,65.14
84444.23,9020.41,4864.95,968.49,7.392,7.878,14.02,10.0,87.94
48250.22,9422.88,579.51,484.2,8.391,3.901,5.0,10.0,77.35
34790.2,2238.46,6491.2,1058.37,4.871,5.457,13.59,10.0,88.09
33853.14,3858.26,6913.76,1979.59,3.967,2.386,10.71,10.0,80.56
58257.31,5635.97,5454.2,621.21,6.873,5.832,17.6,10.0,82.25
50423.34,21107.57,7048.4,1254.32,0.232,7.334,15.16,10.0,90.0
49610.87,2521.65,3574.05,1403.27,6.372,2.095,5.38,10.0,72.99
18202.36,8168.82,1913.68,467.16,4.116,3.498,12.24,10.0,83.75
74674.34,1244.2,6813.26,1197.5,4.583,5.717,13.44,10.0,88.94
29236.3,17695.07,2829.27,663.29,3.033,4.226,12.71,10.0,90.0
27725.83,15887.27,4835.0,1715.71,1.36,3.002,9.71,10.0,90.0
47148.25,16479.57,5170.42,1443.77,4.074,4.572,10.59,10.0,88.42
30500.05,9985.19,5033.4,1661.22,3.151,2.979,9.73,10.0,85.93
62547.24,5998.43,6185.27,439.38,9.605,3.089,21.28,10.0,72.82
43431.7,18287.69,779.81,117.42,9.441,6.145,16.11,10.0,80.23
50402.06,20466.83,9901.98,1708.53,6.475,4.823,15.03,10.0,81.61
58345.24,4326.44,7304.95,804.17,9.047,6.803,18.35,10.0,77.94
28318.2,12683.91,4541.18,400.46,7.538,8.391,21.01,10.0,82.41
24017.65,6969.18,2317.64,229.2,3.524,9.435,20.44,10.0,90.0
89237.97,5034.56,1261.68,1057.18,6.079,1.598,5.0,10.0,72.05
49035.13,18623.81,6885.81,342.75,2.281,6.299,25.81,10.0,85.32
47088.42,13914.33,3511.08,1155.05,6.903,5.866,9.13,10.0,85.51
13205.09,6188.45,2680.05,1468.25,0.544,8.683,5.0,10.0,90.0
54817.87,8440.0,4109.57,1093.36,8.33,8.969,10.79,10.0,88.0
59875.27,24199.69,6132.77,1812.21,5.874,7.629,10.2,10.0,90.0
60295.68,21368.31,6881.2,353.36,0.679,5.995,26.72,10.0,90.0
73632.81,22118.72,6629.12,1013.21,8.73,2.073,16.18,10.0,71.81
25973.37,12040.29,8701.02,368.22,8.789,2.839,26.72,10.0,71.58
32700.08,15971.37,2578.2,1758.01,8.543,6.067,5.0,10.0,81.91
82965.74,10042.43,6549.09,1867.87,7.766,1.48,11.03,10.0,68.35
95245.36,2865.09,1460.59,829.99,6.811,1.921,5.0,10.0,71.84
22233.95,10625.66,5705.38,646.21,4.029,9.123,19.59,10.0,90.0
54788.46,15255.54,6047.6,594.67,1.45,9.567,20.54,10.0,90.0
29275.86,7891.46,2554.25,1726.47,2.959,0.152,5.0,10.0,67.37
15406.59,21350.81,4221.08,1380.76,3.536,8.639,9.34,10.0,90.0
39295.3,4626.4,8358.33,1767.16,3.645,9.386,12.63,10.0,90.0
22931.89,9811.1,1909.89,279.16,5.698,5.305,16.72,10.0,84.69
73893.98,3997.69,4627.81,978.25,2.163,4.544,11.7,10.0,90.0
58035.29,10715.97,9360.96,1368.55,1.978,9.196,17.18,10.0,90.0
22945.1,1951.87,5289.03,1799.33,7.198,0.175,8.65,11.8,64.59
10831.74,7541.19,7388.77,794.94,0.174,8.421,19.14,10.0,90.0
82734.13,10617.65,8355.23,660.53,1.58,3.036,22.4,10.0,86.97
25857.5,12475.97,2435.86,1830.28,4.406,6.448,5.0,10.0,90.0
64559.5,14048.71,2573.06,142.69,1.576,3.3,24.62,10.0,81.98
40322.97,7599.79,7706.62,985.21,9.602,5.277,17.64,10.0,75.74
62693.73,13552.99,7656.41,944.32,6.734,8.102,18.35,10.0,86.39
38408.83,13216.11,1071.74,334.81,4.384,1.895,10.16,10.0,75.09
17824.56,8588.27,3563.73,820.15,1.211,6.673,12.19,10.0,90.0
30065.5,20924.81,4286.06,1459.07,3.913,8.994,9.39,10.0,90.0
26925.27,14095.39,8375.88,765.39,6.541,9.02,20.38,10.0,85.6
48521.74,8974.47,4507.69,653.84,9.691,8.952,16.61,10.0,82.95
69245.54,23736.12,9296.32,1574.7,4.78,5.233,14.68,10.0,87.3
33742.55,21282.7,9967.77,1978.0,6.955,7.7,13.54,10.0,88.36
11086.29,24582.11,7916.9,1569.74,2.034,4.524,15.07,10.0,90.0
56704.36,17613.61,6830.67,1700.37,6.274,4.656,11.76,10.0,81.16
64518.35,10077.35,4223.02,1882.03,2.467,2.91,7.33,10.0,90.0
96658.34,7740.66,1136.87,1613.46,2.062,2.924,5.0,10.0,90.0
63052.37,16919.63,5944.82,1961.69,5.141,0.474,8.91,10.0,69.72
52405.53,24539.6,3936.2,1507.2,2.195,5.362,7.73,10.0,90.0
61606.15,16041.16,3833.53,1339.97,7.241,3.157,8.61,10.0,77.05
93511.06,22158.76,7033.24,1402.03,9.38,1.958,14.94,10.0,69.53
84554.03,8898.48,4904.57,1805.16,3.997,1.305,8.07,10.0,71.92
39068.09,10766.89,7644.89,1381.87,3.292,3.535,14.83,10.0,86.68
31352.89,22750.61,4282.65,1534.35,1.841,9.0,9.2,10.0,90.0
33637.03,19164.8,1933.2,471.22,3.965,5.212,12.45,10.0,90.0
55397.89,24553.85,4882.8,1829.67,5.64,5.614,8.88,10.0,89.09
76964.45,19594.34,9534.62,922.07,3.792,0.638,19.9,10.0,69.9
55289.73,11764.38,8114.48,364.08,6.268,5.246,26.21,10.0,77.19
16101.68,13745.63,2454.62,1609.59,6.658,6.709,5.0,10.0,90.0
75122.26,22612.37,4217.35,744.97,1.069,1.592,14.18,10.0,90.0
82537.31,14239.52,9314.02,409.03,7.008,9.837,26.68,10.0,79.2
36054.81,7129.54,1675.14,549.69,9.013,9.16,7.64,10.0,88.86
69771.32,11454.88,2912.53,118.15,0.36,9.932,27.97,10.0,86.94
48393.27,13391.58,2991.12,226.71,5.558,3.667,22.58,10.0,75.67
90020.74,3321.28,5923.86,1205.62,6.078,8.241,11.33,10.0,90.0
86070.3,18850.3,4401.97,1739.12,7.127,3.354,7.22,10.0,75.82
57288.88,3624.49,1258.77,924.63,3.919,7.516,5.0,10.0,90.0
72235.5,10718.03,6477.22,1270.81,8.205,9.484,14.37,10.0,88.02
89501.47,20310.94,1441.24,1628.98,5.445,1.635,5.0,10.0,73.81
54614.53,12221.69,6260.94,745.7,4.148,1.489,17.99,10.0,72.89
38192.57,21208.37,5316.58,1325.91,7.221,1.134,12.02,10.0,67.37
77829.95,9205.15,5189.85,733.34,9.281,8.004,15.89,10.0,84.17
29805.96,23983.27,1141.21,1303.29,8.139,6.7,5.0,10.0,87.97
44967.8,6027.24,6572.59,474.34,9.314,5.271,21.92,10.0,75.44
87915.45,1918.34,4597.54,1956.79,2.733,7.762,5.0,10.0,90.0
75198.01,21938.24,4405.51,198.55,1.273,8.514,26.4,10.0,85.37
46342.99,19052.87,6166.29,1035.2,5.39,9.5,14.91,10.0,90.0
29327.01,6567.61,6259.36,608.28,0.54,2.092,21.0,10.3,90.0
42037.16,24633.8,642.82,1221.63,6.778,4.473,5.0,10.0,83.01
35569.37,13054.72,1689.65,885.2,2.476,9.238,5.0,10.0,90.0
25848.04,23825.57,2746.92,648.0,4.598,4.667,12.45,10.0,88.31
76899.96,13120.69,6940.78,537.57,6.59,4.928,21.68,10.0,80.37
32686.29,12324.99,5979.04,405.87,4.883,9.43,24.2,10.0,87.62
50875.07,11779.32,7697.48,1576.61,2.437,7.373,12.72,10.0,90.0
44727.35,9037.01,7535.77,483.29,8.816,5.565,23.92,10.0,75.91
98386.96,13808.84,8605.24,1558.38,7.669,3.637,15.19,10.0,76.05
45198.3,11861.31,4079.74,995.83,6.051,9.162,11.85,10.0,90.0
17198.42,1881.93,3778.11,190.84,7.016,0.188,25.49,12.75,67.16
18084.32,7250.45,8394.65,372.61,4.212,3.278,27.5,10.0,74.31
63167.83,6114.95,2757.21,1791.16,3.821,9.466,5.0,10.0,90.0
63942.72,21818.45,4881.14,1225.49,1.685,5.032,12.23,10.0,90.0
47688.31,15372.88,2346.09,409.45,8.056,6.276,14.29,10.0,81.76
48865.93,19328.39,9181.49,1422.34,3.872,5.373,15.32,10.0,90.0
14853.93,23963.82,4374.13,1655.36,6.954,4.034,8.83,10.0,79.33
56489.19,16456.94,2518.63,694.77,3.069,6.686,10.59,10.0,90.0
55426.55,24582.64,7074.13,1135.36,7.98,7.688,15.91,10.0,84.62
23459.44,8482.34,2824.12,622.23,1.142,3.708,12.46,10.0,90.0
19345.54,5470.41,9463.28,206.12,6.288,5.946,33.26,10.0,73.85
21121.52,10679.44,3992.36,829.04,8.095,0.919,12.76,10.0,68.08
19092.54,12299.19,6814.09,1515.29,6.636,5.521,13.65,10.0,84.4
64873.74,22488.68,3779.83,944.43,6.992,7.503,12.36,10.0,87.52
27683.44,14438.57,8168.83,840.27,5.307,5.894,19.39,10.0,81.71
32628.71,8012.34,9020.77,763.71,5.634,8.797,20.38,10.0,85.88
25621.49,18823.22,7985.22,944.89,0.752,2.933,18.38,10.0,90.0
96205.18,13139.97,8560.74,670.55,2.583,4.968,21.64,10.0,88.05
86915.57,4891.17,1467.87,1243.76,7.247,0.966,5.0,10.0,69.78
30744.54,14843.67,9278.61,173.95,9.46,7.03,35.0,10.0,72.36
39480.97,22873.47,6430.86,1624.41,5.464,4.485,12.5,10.0,85.02
28890.36,21222.94,8757.57,387.68,7.283,5.351,27.24,10.0,77.22
54268.84,15083.44,7002.15,1285.22,6.867,1.371,15.35,10.0,69.5
11764.95,10050.0,2417.55,927.27,9.994,9.974,6.88,10.0,89.81
70423.12,3087.49,6290.77,1558.31,7.971,7.742,9.96,10.0,87.39
57084.23,12271.57,1363.99,1660.97,6.314,4.066,5.0,10.0,82.5
90877.5,19049.91,7109.37,448.19,1.24,5.743,24.27,10.0,87.4
24795.34,9646.57,4385.51,1370.5,3.69,6.225,9.86,10.0,90.0
82369.83,6650.72,1941.47,420.32,2.582,9.612,12.49,10.0,90.0
81276.49,23353.11,9802.68,291.8,8.551,7.707,30.17,10.0,74.36
21446.31,20717.34,9060.3,1864.08,4.517,3.562,13.35,10.0,84.41
45870.33,16318.61,8988.67,370.56,5.399,9.779,28.01,10.0,81.76
25313.74,4282.8,7993.79,494.86,9.652,3.088,23.95,10.0,71.03
32924.85,4477.81,7073.82,304.13,8.383,5.812,27.18,10.0,74.93
33692.16,3477.27,6723.26,967.07,7.919,7.037,15.7,10.0,83.05
60061.28,15791.12,1507.89,1843.23,1.508,2.784,5.0,10.0,90.0
47026.98,3773.51,9055.38,564.91,0.325,9.568,22.45,10.0,90.0
95295.95,21223.05,8870.72,1106.61,1.343,2.239,18.79,10.0,90.0
21373.31,24831.16,7604.6,852.34,7.429,4.474,18.84,10.0,74.95
97632.29,9792.36,9309.49,705.22,4.166,1.881,21.65,10.0,73.74
30757.48,11888.08,5754.29,1165.7,1.263,8.762,14.23,10.0,90.0
79558.65,18080.01,4752.6,1139.84,7.416,2.294,12.23,10.0,72.42
40507.29,23491.67,9695.5,750.76,2.026,0.444,22.52,10.0,69.85
22877.33,22458.25,4909.25,1708.6,5.932,0.486,8.98,10.0,66.54
87210.03,2382.2,6592.58,153.69,7.441,4.196,31.0,10.0,69.82
37797.48,5057.72,4044.09,216.21,6.12,5.275,25.09,10.0,76.9
69296.99,19110.33,6545.1,1982.02,9.937,0.512,10.69,10.0,65.07
60979.93,17533.43,7340.94,1507.98,4.398,1.019,14.21,10.0,70.5
52458.07,4197.25,6434.23,1617.66,3.187,1.065,10.08,10.0,71.85
54623.75,13049.55,5388.35,1225.27,2.092,6.718,12.9,10.0,90.0
75901.41,19739.55,3351.05,868.73,5.087,3.068,12.51,10.0,78.75
17899.56,6250.74,6616.53,1276.99,8.54,5.669,14.5,10.0,77.87
70136.26,21910.9,9130.07,230.54,9.474,0.83,33.07,10.0,66.47
90623.09,2271.32,565.67,1527.65,9.723,8.932,5.0,10.0,88.62
15200.94,19772.68,1772.33,1104.45,5.361,3.114,5.0,10.0,80.8
22658.8,15779.65,1637.85,1915.63,6.092,7.804,5.0,10.0,90.0
74496.87,8564.78,9270.45,1293.08,5.857,8.284,16.44,10.0,89.32
49355.35,18302.38,6796.1,345.8,4.713,9.88,25.16,10.0,83.32
46319.38,19776.78,9541.99,981.22,1.607,7.436,20.76,10.0,90.0
22327.0,23413.58,6036.73,162.75,0.748,4.484,31.91,10.0,77.09
55609.3,9826.59,4886.46,1503.59,4.423,1.611,10.31,10.0,73.64
21389.08,17464.4,8027.26,1028.57,1.943,0.574,17.82,10.0,70.89
52895.84,15462.79,2028.95,770.82,8.878,8.874,8.37,10.0,89.68
78725.38,13604.95,4122.71,1938.67,7.641,4.522,6.66,10.0,79.1
33243.79,22370.0,4929.61,1884.17,6.222,7.525,9.02,10.0,90.0
53270.76,1076.02,3335.35,1908.02,0.569,5.014,5.0,10.0,90.0
99281.44,7770.68,4027.21,480.89,6.26,8.809,17.28,10.0,87.83
71798.54,13918.65,1242.0,1470.71,6.249,7.522,5.0,10.0,90.0
85722.11,5279.04,2380.84,1893.5,4.448,0.946,5.0,10.0,69.65
47336.28,22788.8,3687.22,1163.2,6.612,7.546,9.64,10.0,90.0
79107.48,16542.28,8060.96,467.61,8.593,2.741,24.68,10.0,71.22
13645.83,12469.19,2233.72,1644.73,7.604,7.753,5.0,10.0,90.0
21062.01,20552.84,3793.08,1765.84,4.787,9.49,6.61,10.0,90.0
28276.35,11821.27,1116.74,1421.31,2.697,9.308,5.0,10.0,90.0
46175.67,14407.67,5792.49,622.43,4.831,1.338,19.85,10.0,72.13
86117.04,1066.02,6306.88,421.85,9.465,0.641,22.81,11.63,68.33
41163.94,9776.81,8722.41,1267.33,8.218,7.792,17.0,10.0,85.45
68915.91,4330.97,8281.6,991.46,0.368,7.129,16.12,10.0,90.0
73838.29,17552.53,3211.09,1354.13,7.851,1.844,7.91,10.0,70.24
62756.41,12496.65,1801.06,267.81,1.789,6.877,16.22,10.0,90.0
42151.78,8242.18,1982.79,315.03,5.754,0.253,15.45,10.0,66.21
61934.8,12227.98,9705.16,757.63,8.085,6.349,22.29,10.0,79.36
40803.9,6031.12,6895.65,554.58,5.657,8.34,22.34,10.0,86.96
17548.64,23202.08,904.42,1257.71,4.098,6.454,5.0,10.0,90.0
99352.36,2295.34,1799.4,766.7,3.281,0.747,5.56,18.91,70.23
21446.42,21770.01,5115.1,1383.74,3.12,9.911,11.54,10.0,90.0
16511.35,13272.61,2474.37,1549.16,8.391,3.625,5.0,10.0,75.81
89067.77,15854.72,8134.76,414.98,8.268,3.867,24.93,10.0,73.78
37165.12,8262.53,5945.56,1843.66,8.251,0.939,9.32,10.0,68.36
68526.73,24200.74,6320.01,1584.96,2.899,1.754,12.56,10.0,78.82
39610.52,7764.42,4896.84,1272.22,8.009,2.785,11.3,10.0,72.17
45230.88,15133.07,2932.6,1822.41,0.463,8.012,5.0,10.0,90.0
33590.17,24842.0,6099.33,568.44,2.144,6.948,20.72,10.0,90.0
40873.96,22146.27,7311.22,872.34,5.194,5.878,19.05,10.0,85.52
46963.04,13871.92,4024.01,217.28,4.127,8.653,24.66,10.0,83.28
74837.45,24768.99,5296.96,939.55,1.208,9.978,13.98,10.0,90.0
56038.26,17832.88,8477.0,1037.48,0.513,3.909,18.88,10.0,90.0
94920.87,6008.81,1912.48,1251.33,6.151,3.973,5.0,10.0,82.33
13769.24,10734.31,5679.63,174.88,3.203,7.387,29.65,10.0,79.84
55276.15,9027.84,3809.92,113.31,0.258,6.479,30.09,10.0,81.04
62580.23,9256.33,7176.55,868.79,4.366,0.233,17.58,10.0,65.57
92817.73,19250.95,678.7,418.81,3.137,6.589,5.0,10.0,90.0
14424.27,15022.31,6869.5,1529.64,5.808,7.224,13.52,10.0,89.72
61614.96,1914.23,1477.53,1354.04,9.305,9.861,5.0,10.0,89.97
86826.69,22058.76,1115.29,685.36,3.148,5.909,5.0,10.0,90.0
31773.5,8123.11,7383.92,139.28,9.972,6.876,34.55,10.0,69.7
88866.31,24929.8,6583.25,405.77,0.952,7.909,23.72,10.0,89.87
11713.91,23900.58,9001.89,1398.77,0.974,1.05,15.92,10.0,87.63
75920.92,23572.74,5436.72,1980.82,7.158,7.373,8.67,10.0,89.61
93980.19,20467.06,5535.23,686.6,7.511,5.514,17.84,10.0,80.52
69147.79,6294.72,7216.67,1613.89,4.286,1.091,12.29,10.0,71.79
49512.63,13783.19,3572.28,1740.84,2.932,6.732,5.32,10.0,90.0
14039.29,6383.26,850.67,143.95,7.961,2.422,15.8,10.0,72.36
92810.24,7232.21,2685.44,1836.63,9.567,5.425,5.0,10.0,78.77
52326.66,15662.84,2761.13,959.1,9.9,2.882,8.02,10.0,73.48
12609.71,1980.01,3688.76,1930.27,6.381,1.135,5.03,10.92,70.15
72083.9,24267.01,9462.9,1100.18,7.427,2.584,18.49,10.0,70.72
53365.35,23048.16,8146.01,508.53,8.24,4.444,25.02,10.0,73.12
21191.08,10138.42,9391.58,1950.6,8.009,4.992,13.34,10.0,79.38
29284.46,13370.14,9986.79,524.44,9.935,1.57,25.63,10.0,67.72
15804.16,12186.87,4620.9,1770.83,8.123,3.278,8.44,10.0,76.12
61686.42,22172.79,2657.2,387.6,6.659,8.608,15.87,10.0,86.04
65982.65,17526.45,5820.04,1365.8,3.825,9.113,12.41,10.0,90.0
55516.81,7674.67,8870.78,852.02,6.02,5.398,19.92,10.0,79.6
83539.19,11724.19,4924.45,1945.44,8.816,4.955,7.82,10.0,78.51
87490.79,11295.18,5301.29,410.31,3.124,5.856,22.11,10.0,85.85
65406.2,24024.04,1777.17,847.15,0.403,2.224,6.77,14.66,90.0
11148.08,5207.46,4494.33,1297.56,3.339,9.936,10.29,10.0,90.0
72570.67,3149.83,4176.45,1956.36,9.606,7.478,5.0,10.0,83.57
47619.93,22134.85,3841.04,642.53,7.961,2.464,15.09,10.0,73.36
60900.17,22520.46,8929.34,823.9,1.953,2.794,20.16,10.0,85.92
68417.25,21921.74,1063.36,950.49,0.219,6.519,5.0,14.92,90.0
41521.3,13263.45,9735.4,542.77,6.724,3.296,24.07,10.0,73.39
92538.87,16833.87,578.34,1643.84,5.832,3.618,5.0,10.0,83.27
22057.74,14520.71,9483.14,229.39,0.922,7.831,32.38,10.0,77.39
70436.06,2666.75,5706.45,1424.34,9.663,2.743,9.75,10.0,72.82
10392.36,15300.04,7173.23,1091.16,6.216,7.082,16.4,10.0,86.21
93218.6,1326.74,2277.76,521.76,6.55,9.355,10.12,10.0,90.0
20125.37,8799.7,6715.01,1011.02,8.551,1.329,15.45,10.0,68.46
18539.58,23375.02,8878.6,1668.4,3.437,1.528,14.05,10.0,75.57
39970.69,8297.09,1825.06,918.61,5.627,9.434,5.87,10.0,90.0
43620.97,23555.84,1707.28,287.7,5.804,2.115,15.32,10.0,71.98
29287.01,7003.21,3387.79,129.56,9.677,0.307,28.53,10.0,64.75
62660.95,8549.49,2036.4,1566.7,1.402,8.698,5.0,10.0,90.0
49862.27,16081.78,1551.14,694.34,7.613,2.895,6.59,10.0,74.65
13075.8,19279.05,6944.03,1865.93,5.794,3.054,11.34,10.0,79.6
38768.69,13033.31,2531.35,1253.44,8.469,2.347,5.52,10.0,71.85
82938.96,22170.78,6836.64,900.75,8.336,9.185,17.55,10.0,86.56
72073.14,1965.77,8688.33,1150.71,0.219,7.767,15.41,10.0,90.0
75238.38,23132.68,6694.24,941.41,2.639,6.008,17.18,10.0,90.0
72830.52,5711.39,1633.99,1816.33,1.89,4.587,5.0,10.0,90.0
37987.57,22221.73,5948.99,943.14,4.671,1.521,15.01,10.0,74.3
18969.75,10620.72,4239.47,252.93,9.062,9.267,25.16,10.0,79.76
34522.05,20986.17,3762.02,1214.32,0.15,7.522,8.68,10.0,90.0
84860.68,17119.97,3526.05,1264.81,4.933,2.861,7.96,10.0,78.5
98242.37,5222.6,9329.61,1542.39,8.859,9.48,13.59,10.0,85.83
54446.23,23033.14,7553.82,1869.9,9.27,9.358,12.2,10.0,88.49
10873.03,6892.42,1771.56,914.01,6.607,6.629,5.55,10.0,86.85
22604.03,6859.36,5022.05,736.55,8.315,9.852,16.3,10.0,86.34
38987.25,20540.29,3523.12,1007.0,3.308,1.954,10.77,10.0,78.99
62072.68,3540.96,9790.41,1805.39,2.931,7.341,12.94,10.0,90.0
16758.43,6328.86,9791.28,1960.97,0.586,1.607,13.31,10.0,90.0
94902.16,13088.26,3535.58,1943.91,5.082,6.948,5.0,10.0,90.0
42857.53,20931.45,3845.07,497.91,4.613,9.207,17.25,10.0,90.0
92132.58,4539.62,6194.43,1018.95,3.782,5.407,14.33,10.0,88.68
80246.96,14144.04,5053.42,555.97,1.222,7.654,19.15,10.0,90.0
77989.35,18069.77,2524.46,767.57,2.385,1.517,10.48,10.0,79.67
64604.76,21654.29,6773.92,111.78,2.116,6.369,36.35,10.0,73.56
66410.54,23453.57,3674.22,363.17,9.445,0.726,20.4,10.0,69.84
67420.29,19831.36,6710.31,824.3,9.668,0.465,18.18,10.0,67.11
66584.92,16667.88,4144.97,761.17,0.134,6.377,15.37,10.0,90.0
59835.54,11406.88,7151.99,593.72,1.788,5.771,20.95,10.0,90.0
98777.26,3690.64,6844.09,499.1,8.899,3.36,20.6,10.0,74.03
75906.15,18033.69,5333.72,1510.46,0.48,5.178,11.4,10.0,90.0
79925.17,24825.7,7195.03,624.37,9.44,6.875,20.03,10.0,78.45
88521.65,18682.25,4879.17,1427.76,3.863,6.483,10.11,10.0,90.0
29407.58,1401.07,1603.31,768.82,5.433,0.829,5.0,18.55,67.57
17542.37,12910.24,2230.01,1613.86,7.662,6.813,5.0,10.0,86.39
53460.5,15751.52,2836.93,376.11,2.515,6.629,17.7,10.0,90.0
56267.26,17552.18,1100.67,357.33,1.097,6.729,8.71,10.0,90.0
84626.36,18273.42,7258.12,1375.36,8.118,8.489,13.87,10.0,84.56
49940.52,14394.6,3990.21,1834.08,9.848,5.809,6.96,10.0,80.08
61376.77,6360.65,1388.47,328.82,6.622,9.385,11.55,10.0,90.0
57436.38,23612.82,8289.6,193.72,8.27,9.802,32.96,10.0,75.64
13438.25,17720.0,6994.72,1872.54,9.419,7.543,11.55,10.0,83.6
65369.34,6684.16,4796.13,278.79,2.363,3.651,23.6,10.0,84.51
84523.9,8735.72,2850.54,538.22,3.569,1.517,14.14,10.0,75.63
24175.05,23126.26,1941.59,1862.51,2.268,8.219,5.0,10.0,90.0
63489.86,22299.64,4854.55,1615.69,0.712,1.552,9.64,10.0,90.0
63424.95,10723.51,8909.83,718.38,7.35,1.547,21.92,10.0,69.93
24776.65,1919.37,2289.76,1911.33,1.542,9.199,5.0,10.0,90.0
21111.72,2163.94,5902.26,1157.69,1.018,5.643,14.75,10.0,90.0
98204.67,7814.04,9636.02,190.88,3.641,3.004,34.33,10.0,71.33
45434.73,16098.93,6552.61,1420.98,0.7,9.634,13.9,10.0,90.0
30467.96,15020.67,4679.66,1097.69,1.878,7.103,12.58,10.0,90.0
25419.21,16211.87,7305.54,1166.55,0.792,5.395,15.68,10.0,90.0
70084.15,18214.79,8333.49,1988.5,8.785,3.362,12.13,10.0,73.39
64850.08,1456.77,6109.9,347.4,7.819,6.799,23.29,10.0,77.52
67919.69,3522.05,8782.41,1330.75,8.609,7.336,14.92,10.0,81.15
17920.54,9627.6,5388.62,944.55,8.696,7.15,14.74,10.0,83.76
90418.11,4716.64,8385.28,580.19,9.451,2.034,21.18,10.0,68.78
45033.98,2807.68,9544.18,1402.41,1.948,7.003,15.28,10.0,90.0
38203.25,16383.15,5261.81,1353.01,9.01,5.856,11.67,10.0,81.88
51612.53,20568.08,6247.52,1720.17,5.298,8.516,11.18,10.0,90.0
45105.95,19063.04,6289.94,1763.8,1.746,6.285,11.65,10.0,90.0
87721.93,20608.95,7923.63,1145.55,6.592,1.548,17.26,10.0,69.84
93633.49,16980.56,8318.18,684.87,3.337,3.253,21.9,10.0,80.92
37310.79,18648.29,758.68,1082.68,0.56,7.464,5.0,12.62,90.0
87754.22,7522.69,7466.92,750.55,0.879,7.426,18.56,10.0,90.0
80337.08,24832.19,7946.24,590.84,4.295,2.305,22.1,10.0,73.43
93772.69,5395.98,7154.08,1125.57,8.282,3.61,13.8,10.0,75.68
32117.53,6147.85,7280.11,1332.97,3.179,0.252,14.67,10.0,71.07
61926.32,7934.12,893.33,1201.61,7.685,3.384,5.0,10.0,76.94
34709.01,24407.98,4699.37,1911.12,0.652,0.361,7.68,14.28,77.66
84168.5,24718.93,8272.71,632.34,3.998,8.741,22.09,10.0,89.15
10479.18,20077.45,9373.07,776.07,1.362,6.7,21.17,10.0,90.0
60833.72,16097.38,2679.95,1351.9,8.649,9.695,5.59,10.0,89.21
40528.31,13481.5,6002.35,1220.7,9.683,8.93,14.95,10.0,84.69
39041.53,24294.9,8141.14,53.63,3.324,6.074,43.92,10.0,69.78
68041.57,17694.95,7647.87,658.96,9.89,5.079,21.18,10.0,75.97
86633.6,23673.52,6379.46,544.84,7.548,8.849,20.5,10.0,82.09
64827.59,8597.22,677.57,1687.83,0.112,3.054,5.0,57.5,90.0
86785.57,9010.6,7376.92,1739.19,4.904,2.313,12.02,10.0,75.43
33813.74,21513.39,7845.8,603.59,8.358,4.159,22.9,10.0,75.3
56755.17,4596.52,7367.07,249.04,5.385,0.627,28.47,10.0,67.17
50548.29,23702.27,7775.19,450.14,5.545,3.09,24.78,10.0,74.45
11048.04,13179.38,4593.69,394.31,4.532,0.928,21.84,10.0,68.75
60113.09,23233.93,9940.65,513.0,4.011,0.621,25.18,10.0,68.63
69537.19,9083.03,7822.48,507.56,0.371,5.558,24.14,10.0,90.0
63272.3,18183.01,5997.46,985.69,6.255,7.111,15.38,10.0,86.25
76265.19,12589.0,9374.82,673.3,7.691,5.413,23.23,10.0,76.63
61420.56,16043.29,9127.88,1141.65,7.923,0.799,18.77,10.0,66.88
16007.52,13104.94,8238.39,721.06,6.284,4.01,20.66,10.0,76.8
20480.1,24210.77,5855.1,1638.62,3.479,1.198,11.02,10.0,73.26
63682.71,17610.53,5507.46,1904.05,0.324,6.536,9.5,10.0,90.0
34748.13,7031.66,3622.73,837.64,8.968,8.281,12.41,10.0,84.3
17168.06,22832.25,2883.34,146.46,4.348,1.255,25.72,10.0,69.43
48664.25,8056.71,5367.42,517.18,6.052,0.762,19.9,10.0,68.48
59889.03,9918.52,5988.93,248.62,2.026,4.119,26.48,10.0,78.91
39587.14,3450.97,2823.0,722.29,1.505,3.104,11.55,11.19,90.0
74839.03,22599.2,9264.71,1307.97,0.959,2.681,16.39,10.0,90.0
67939.35,7866.69,5794.1,1061.87,8.008,2.193,13.19,10.0,72.03
39953.65,7214.02,5501.8,523.61,6.5,3.238,20.76,10.0,77.79
77938.53,23086.3,4638.56,1546.16,6.249,9.657,9.68,10.0,90.0
68382.55,20332.64,1051.68,306.39,9.202,8.591,9.94,10.0,85.78
67370.08,4385.89,8882.81,494.98,1.671,6.053,23.61,10.0,88.58
59808.49,19463.79,3511.45,1368.29,1.786,8.025,8.42,10.0,90.0
11025.07,22912.79,6603.37,434.61,1.976,0.246,23.6,10.0,68.16
72685.65,2884.27,6270.62,1373.59,4.291,1.203,11.01,10.0,73.74
43843.76,20805.16,6052.62,1955.04,8.755,2.995,9.68,10.0,74.07
94834.87,14138.08,5494.27,1671.14,8.827,6.475,10.18,10.0,81.58
83618.63,17060.74,2223.68,362.02,5.947,8.846,15.2,10.0,89.2
62892.5,12828.5,3165.75,1064.97,6.616,2.388,9.85,10.0,72.04
32696.38,17747.27,5479.79,873.53,8.988,1.478,16.16,10.0,67.87
28334.57,1818.35,7998.75,1983.76,6.28,8.494,10.04,10.0,90.0
40634.64,19304.96,4603.9,1930.58,2.375,4.15,8.35,10.0,90.0
52891.11,1800.25,2437.26,297.87,7.079,7.025,16.1,10.0,81.93
36645.9,11927.2,1335.47,1822.03,7.722,5.525,5.0,10.0,84.41
56343.65,4623.16,6798.6,427.17,6.39,1.842,23.17,10.0,71.1
24883.34,20765.78,4521.73,672.93,2.808,7.036,16.88,10.0,90.0
97994.15,8527.86,1691.02,739.15,4.059,4.266,6.18,10.0,88.25
19713.21,11898.25,6907.44,609.3,4.759,2.949,20.1,10.0,77.0
93874.97,11290.02,2472.0,1713.83,1.538,9.037,5.0,10.0,90.0
92222.02,19540.05,5335.65,693.37,4.577,0.159,16.97,10.0,67.45
57282.44,12547.46,3408.79,1642.64,1.696,4.108,5.88,10.0,90.0
75241.92,19935.0,9351.06,1989.03,5.045,3.075,13.36,10.0,77.89
49244.35,2764.2,2668.74,1689.48,0.603,0.639,5.0,48.09,89.13
66703.11,5598.26,4489.23,724.98,9.49,0.896,14.89,10.0,66.35
40651.83,14236.82,9615.19,1436.94,2.539,1.806,16.52,10.0,81.01
37104.31,23730.12,3527.89,1091.15,4.723,5.099,9.4,10.0,89.49
62040.68,2794.19,6623.64,1583.71,0.424,2.898,10.56,10.0,90.0
54831.67,2034.02,3508.91,348.54,2.008,8.395,17.74,10.0,90.0
62158.27,4757.22,1551.41,1294.36,6.963,2.476,5.0,10.0,74.07
35799.45,16387.68,6461.7,1558.65,1.207,7.23,11.28,10.0,90.0
43026.2,10575.83,9202.3,1534.4,6.319,2.183,14.65,10.0,69.4
17550.82,20813.26,4799.36,1929.01,0.12,0.521,7.89,43.15,90.0
14704.87,2726.4,6448.68,163.9,4.704,2.72,31.73,10.0,71.05
32811.14,5713.94,6284.53,724.27,7.241,8.392,18.82,10.0,85.5
16682.22,8200.63,4443.35,979.28,9.27,0.914,13.92,10.0,67.52
19339.72,16041.52,6341.52,654.04,4.979,3.511,20.36,10.0,77.54
83163.56,17444.14,2963.52,654.09,8.421,0.179,13.46,10.0,66.36
13498.63,3980.88,4091.36,393.45,8.046,6.339,20.82,10.0,79.48
69304.85,23651.31,4702.03,1635.26,3.028,9.433,9.17,10.0,90.0
34530.2,9185.06,8708.08,1820.73,8.76,3.905,13.55,10.0,75.17
88439.11,18116.05,3809.16,210.54,6.439,5.811,25.75,10.0,77.44
53649.31,13580.99,6533.8,352.05,1.131,4.578,25.35,10.0,85.9
37501.88,6346.19,2527.34,495.48,9.397,9.736,14.06,10.0,90.0
56587.5,21309.48,2899.41,1042.53,1.849,7.386,9.38,10.0,90.0
44376.22,20637.71,6660.07,1592.79,4.757,0.538,12.22,10.0,68.49
60787.1,10505.72,7741.94,189.34,4.717,1.176,31.96,10.0,67.67
20307.96,15126.58,4890.11,1291.79,6.29,4.758,10.83,10.0,81.09
99729.15,7187.82,3683.45,341.2,6.683,6.354,18.54,10.0,83.99
48300.03,17556.44,9147.58,1944.34,2.406,2.975,13.2,10.0,90.0
41340.76,8416.64,1790.17,1802.61,3.589,6.779,5.0,10.0,90.0
73918.89,21257.89,7346.79,1901.69,1.531,5.808,12.03,10.0,90.0
42750.95,6217.24,7056.62,257.02,1.348,4.407,28.0,10.0,80.4
84994.69,1355.28,7057.33,1001.67,8.268,5.865,15.7,10.0,79.19
50884.37,7444.19,9386.49,372.23,7.532,9.173,26.74,10.0,80.12
74760.26,5585.26,7417.81,1220.69,4.483,2.508,14.43,10.0,77.32
19670.79,13198.87,3364.87,503.84,1.05,7.933,16.85,10.0,90.0
86150.73,5888.88,3857.39,1552.73,4.554,0.218,6.24,10.0,68.33
76214.62,19316.56,4215.55,1305.81,3.015,0.94,10.6,10.0,70.88
29054.51,6792.9,792.68,1164.63,7.801,9.502,5.0,10.0,90.0
23075.74,17967.24,9178.35,1659.19,1.057,7.008,15.43,10.0,90.0
38466.31,14883.3,1198.75,1025.53,4.569,6.37,5.0,10.0,90.0
97846.35,24670.0,7148.05,576.21,5.955,3.407,21.44,10.0,76.63
33114.84,24997.62,7436.53,1260.38,9.859,1.925,16.4,10.0,69.71
51051.45,21868.63,8515.29,1916.27,0.987,3.861,12.97,10.0,90.0
12701.82,19239.6,5756.94,1222.26,1.228,6.024,13.9,10.0,90.0
45750.48,10274.95,7390.01,1277.76,9.882,6.38,15.34,10.0,78.4
61418.8,19078.64,3375.87,1872.76,4.116,1.779,5.38,10.0,74.81
95781.22,23960.21,7583.05,1054.79,7.463,4.51,16.0,10.0,78.71
56506.24,1561.06,3762.45,1992.9,7.856,5.711,5.0,10.0,84.51
83719.66,13909.95,9076.97,361.34,3.214,9.604,27.79,10.0,82.76
59241.49,6231.96,2052.13,1097.23,2.222,5.539,5.43,10.0,90.0
13670.65,14389.03,3499.69,465.16,2.833,5.848,17.09,10.0,90.0
38350.74,12194.73,5238.31,933.99,7.667,7.675,15.47,10.0,86.65
61799.46,14818.45,7870.58,382.62,8.421,4.247,25.52,10.0,75.4
95553.46,14223.09,7613.59,483.93,7.025,3.9,23.45,10.0,73.27
87321.73,24042.57,2501.81,461.06,4.468,5.95,13.78,10.0,90.0
30552.01,14252.47,1870.24,674.06,2.699,7.855,8.25,10.0,90.0
29809.88,21309.57,3387.71,312.48,4.31,6.412,20.65,10.0,85.52
28105.57,8675.69,5095.66,1628.22,9.154,1.943,10.49,10.0,71.01
93024.9,11514.42,5620.55,480.32,8.646,4.037,21.03,10.0,72.28
86739.95,12289.92,4576.81,862.31,3.301,5.175,13.57,10.0,90.0
79739.51,7689.47,6799.36,81.31,3.347,5.285,36.78,10.0,69.04
45346.16,10114.97,4561.81,254.52,7.822,3.462,25.25,10.0,73.77
55394.26,15364.31,9490.13,1797.73,4.323,5.272,14.0,10.0,88.68
51789.86,14924.51,2979.2,1682.46,5.77,6.762,5.0,10.0,90.0
32805.83,16274.45,6460.04,1689.8,4.281,4.733,12.12,10.0,89.3
55452.52,9443.63,6308.09,852.14,2.499,4.568,17.11,10.0,90.0
12744.69,8579.96,3174.96,325.99,1.97,8.036,19.57,10.0,90.0
21862.93,15678.83,4411.03,260.39,1.481,7.593,24.61,10.0,90.0
89793.06,4188.68,3972.0,1230.93,0.213,4.282,8.91,10.0,90.0
77651.18,7072.76,2138.74,1664.98,2.878,9.961,5.0,10.0,90.0
48058.16,2011.07,5034.3,1805.22,1.797,0.758,5.82,21.57,74.91
56543.53,2742.66,4173.29,613.03,2.654,3.327,14.24,10.0,89.66
43299.9,6841.2,2194.01,676.0,0.85,0.465,9.85,26.51,79.97
76670.19,1468.7,4773.86,246.71,3.481,8.411,24.16,10.0,84.44
80576.85,6889.85,4507.52,1560.1,5.248,7.581,7.72,10.0,90.0
78695.67,16719.43,1747.97,587.6,9.451,6.868,9.38,10.0,81.54
75035.06,2466.57,1746.28,987.81,3.536,2.223,5.0,12.73,83.76
28405.39,11481.68,6651.32,1861.35,0.407,7.106,11.49,10.0,90.0
40417.3,22914.61,7212.52,1516.82,3.687,3.618,12.98,10.0,87.31
52286.09,19990.84,9441.21,152.84,8.191,8.699,35.81,10.0,72.93
39771.37,8330.5,1326.54,65.9,3.467,2.075,26.68,10.0,74.44
77944.62,23195.33,1619.68,1585.45,2.988,2.257,5.0,10.0,84.29
39641.82,8911.52,992.27,1127.38,9.198,9.61,5.0,10.0,90.0
22440.89,2740.37,5556.17,1454.65,3.043,5.218,11.12,10.0,90.0
45913.64,24857.34,6416.09,355.79,9.706,4.519,25.13,10.0,73.03
98192.3,21880.54,4333.47,1750.49,8.343,3.582,7.67,10.0,75.85
30329.33,12182.39,8080.07,1557.98,6.874,8.329,14.64,10.0,87.43
65094.28,16993.04,7023.64,1787.14,6.023,3.592,12.03,10.0,80.19
48967.57,17109.47,9865.48,715.14,2.325,3.626,22.39,10.0,85.86
16392.21,5667.57,1810.0,587.63,7.331,1.321,10.55,10.0,68.93
53908.89,5801.17,1054.0,345.88,3.537,5.255,9.81,10.0,90.0
73194.79,12269.94,3110.64,1863.67,4.908,9.245,5.0,10.0,90.0
56189.8,22877.76,680.98,394.82,1.13,9.58,5.0,10.0,90.0
88489.55,1239.85,9359.81,282.67,3.032,9.956,28.31,10.0,80.32
36004.33,19780.14,3387.54,425.72,5.338,4.783,18.36,10.0,82.72
17762.43,2380.64,5748.09,1554.19,4.734,7.772,10.65,10.0,90.0
94290.91,12477.33,3521.66,1784.58,3.501,5.57,5.25,10.0,90.0
44037.67,16308.95,2835.18,1631.28,4.772,5.525,5.15,10.0,90.0
61876.5,17482.22,1947.46,1148.32,7.475,8.082,5.0,10.0,90.0
81280.28,2403.5,3543.48,1988.07,4.647,8.37,5.0,10.0,90.0
39188.23,11046.49,6346.48,184.27,5.111,0.296,30.95,10.0,67.19
74454.81,15012.09,9730.4,1741.02,7.041,9.434,14.04,10.0,86.77
22187.7,2585.09,5801.87,884.04,8.432,8.248,15.62,10.0,85.61
36216.44,4242.27,5560.74,937.49,5.316,7.239,14.89,10.0,88.32
23023.96,16927.58,835.0,298.81,9.487,8.535,8.64,10.0,86.92
83010.75,13519.32,8480.94,115.19,3.599,5.419,36.79,10.0,71.83
30038.43,4883.89,925.99,667.43,2.6,7.755,5.0,10.0,90.0
74566.32,13845.74,9109.21,390.96,6.962,6.027,27.41,10.0,77.18
94896.86,22904.62,5617.38,992.51,1.84,5.475,14.11,10.0,90.0
57499.5,1374.1,2100.43,337.29,9.01,2.195,13.61,10.0,70.57
58602.63,16423.21,4791.22,318.96,3.927,8.489,23.81,10.0,87.36
51493.02,2767.61,9952.35,1760.11,7.012,8.85,13.24,10.0,89.86
39330.11,1154.79,3398.29,1846.52,5.745,9.715,5.0,10.0,90.0
52808.95,4615.71,3059.87,1930.22,0.638,1.292,5.0,24.68,90.0
64252.68,11149.76,1621.06,1376.98,7.12,2.987,5.0,10.0,73.35
98739.24,20256.26,6172.85,1553.48,7.921,6.886,10.73,10.0,82.46
94398.81,7762.85,1347.66,1679.78,9.826,8.567,5.0,10.0,85.24
87593.77,16016.16,7777.08,1334.9,4.22,7.538,14.88,10.0,90.0
90021.75,10867.76,9232.62,693.97,5.079,4.61,21.92,10.0,80.93
52106.43,6623.96,9352.78,354.95,8.761,7.287,28.33,10.0,75.41
69169.99,13341.93,1525.2,512.68,2.765,0.814,9.73,10.0,71.38
90556.01,20139.15,5803.49,1688.81,1.973,6.659,10.69,10.0,90.0
45365.57,20979.82,1422.54,1407.39,1.416,0.179,5.0,10.0,67.78
96558.62,21316.47,5934.15,938.8,9.785,0.571,15.51,10.0,66.96
47420.75,9125.39,8242.32,107.34,2.777,7.597,37.35,10.0,69.97
64097.44,20042.95,5609.01,569.1,7.598,4.829,19.87,10.0,78.51
73882.42,6092.28,8784.51,1471.35,4.552,0.69,14.99,10.0,68.26
95553.28,18722.2,8115.91,1049.16,2.482,4.87,16.9,10.0,90.0
32015.46,23761.23,3127.21,899.29,9.142,0.721,10.21,10.0,67.81
77151.79,1329.85,6485.97,661.67,4.692,3.526,17.82,10.0,81.61
56873.4,11568.73,570.42,1233.52,5.703,1.658,5.0,10.0,72.31
34170.14,16546.5,4262.4,1934.45,2.303,2.272,6.93,10.0,89.65
79894.62,17842.62,2760.62,1807.19,3.309,2.036,5.0,10.0,81.8
59700.01,5226.11,9402.61,109.47,7.502,3.781,39.05,10.0,67.9
69487.64,24332.4,4351.2,987.86,3.496,1.168,12.83,10.0,72.14
39061.1,15766.37,6713.61,692.47,5.109,5.325,20.08,10.0,83.4
53314.66,4944.17,7453.83,1045.68,1.232,4.13,16.39,10.0,90.0
65561.88,1492.54,7845.52,1232.12,8.516,8.415,14.88,10.0,86.14
46441.97,19798.34,7489.86,440.05,7.402,8.277,24.33,10.0,81.18
27853.53,2912.91,3247.07,1574.06,7.631,8.26,5.95,10.0,88.64
96547.64,4385.22,7017.64,976.38,1.864,4.749,15.43,10.0,90.0
56032.08,14795.92,5715.59,1984.41,5.002,2.979,9.26,10.0,79.17
76052.83,15484.13,6175.04,99.0,0.373,4.212,35.35,10.0,73.26
46994.25,17485.29,507.74,419.95,3.219,6.905,5.0,10.0,90.0
41961.86,10444.34,2953.45,1394.78,3.545,5.345,6.89,10.0,90.0
46644.79,19573.57,9341.5,1405.6,9.146,6.281,16.5,10.0,77.87
46827.7,24384.61,3255.72,1185.27,9.929,6.968,8.75,10.0,81.02
58976.21,7506.28,4661.15,1945.32,6.216,9.192,7.7,10.0,90.0
58912.29,17872.69,2273.4,859.86,5.216,9.445,8.76,10.0,90.0
54743.84,23283.25,1816.72,863.22,4.457,8.421,6.56,10.0,90.0
22130.72,17470.88,2482.36,1825.43,0.281,0.744,5.0,36.16,90.0
54646.79,17346.63,5759.65,1099.96,8.021,9.795,14.02,10.0,89.37
25219.35,6370.54,9230.77,739.77,6.751,7.066,22.06,10.0,83.76
21352.22,13843.12,3598.89,1451.93,6.528,6.965,7.04,10.0,89.38
93938.11,14500.55,3572.38,1258.36,8.11,0.329,8.83,10.0,65.81
64445.5,17803.11,5859.34,647.5,9.288,4.846,19.39,10.0,74.92
69354.11,24923.71,3889.06,630.96,3.956,6.302,15.35,10.0,90.0
46161.43,1807.45,9148.95,821.44,4.321,2.857,19.0,10.0,75.52
91808.28,2565.58,4089.56,189.66,9.754,0.924,24.82,10.0,65.79
67413.74,2870.8,5159.2,1888.1,6.678,5.371,6.28,10.0,85.57
79225.29,18831.5,5567.2,406.89,8.528,4.518,23.15,10.0,78.11
43170.62,4272.49,7929.64,427.96,2.294,0.536,24.94,12.1,69.19
96401.07,15938.84,5857.11,1311.72,3.239,5.242,11.94,10.0,90.0
83841.52,8792.05,2771.97,1462.28,3.977,1.166,5.1,10.0,72.04
86855.36,11975.68,1677.88,1486.83,3.238,4.303,5.0,10.0,90.0
25497.48,6175.92,9408.86,781.4,8.854,2.777,21.47,10.0,70.57
34386.69,21786.56,8114.85,1752.99,5.164,9.708,12.93,10.0,90.0
35706.39,15067.61,718.17,1110.8,9.541,0.444,5.0,10.0,68.13
34381.83,23669.52,8304.53,905.25,3.281,5.644,19.12,10.0,88.71
86986.73,14790.31,6110.68,1630.25,0.469,1.604,10.66,10.0,90.0
12869.63,3973.79,5429.5,524.94,1.467,3.261,20.89,10.0,90.0
16849.0,5100.89,616.18,1727.36,2.249,1.921,5.0,15.99,87.16
34652.34,24737.78,7918.21,1100.72,6.436,9.952,17.63,10.0,88.06
27988.57,18413.56,2381.62,1805.11,1.893,0.42,5.0,10.0,67.81
30867.37,2182.69,7415.82,443.14,3.877,5.459,22.53,10.0,81.12
81814.89,17890.74,650.75,1875.32,7.974,6.12,5.0,10.0,86.77
60681.39,10892.15,8065.36,1391.36,1.335,7.744,14.59,10.0,90.0
10519.36,8373.0,718.87,1255.74,0.897,6.297,5.0,18.72,90.0
48639.05,4697.46,2740.98,873.03,5.446,2.39,8.78,10.0,77.12
46709.64,21157.69,3048.64,1914.81,7.011,6.021,5.0,10.0,84.91
20255.07,2532.19,1996.33,915.64,9.118,9.752,6.31,10.0,90.0
70852.76,7956.05,5070.05,1022.16,6.654,8.5,13.43,10.0,89.41
73188.75,8353.19,3195.04,1573.92,9.467,4.59,5.17,10.0,77.73
74880.39,4861.73,9936.24,605.44,2.521,4.826,23.07,10.0,84.2
75562.39,13196.44,6009.7,618.42,3.484,1.416,19.57,10.0,72.4
10004.75,1280.86,5881.54,1561.83,8.409,5.742,11.58,10.0,81.36
95852.87,8223.41,2598.26,300.73,8.129,2.874,18.06,10.0,71.95
83278.79,23407.11,4382.55,1654.78,6.682,1.17,7.89,10.0,69.6
91358.35,8452.71,1677.79,1269.09,5.11,4.795,5.0,10.0,85.48
11407.9,9651.03,7744.03,1101.21,0.275,0.546,16.8,26.92,90.0
94047.29,12355.96,3646.01,496.76,2.876,1.289,17.55,10.0,74.2
82880.97,14480.64,7643.68,1583.42,1.668,2.269,12.48,10.0,88.99
85349.72,20409.01,4031.11,1619.66,0.607,9.907,8.76,10.0,90.0
18395.86,5567.71,9893.19,991.74,7.783,8.104,20.29,10.0,83.76
76490.02,21921.91,2125.66,808.88,1.4,5.463,8.37,10.0,90.0
96392.5,19181.18,514.48,530.02,3.638,2.402,5.0,10.0,81.0
71069.26,18343.61,6150.84,1520.76,9.777,5.237,12.44,10.0,76.88
61350.53,3083.31,9553.06,1296.93,4.151,6.525,14.73,10.0,89.33
95106.67,1519.38,6647.01,452.93,1.501,0.145,21.55,47.0,69.3
49864.34,15256.3,1314.37,1599.21,6.929,9.88,5.0,10.0,90.0
63936.42,21715.22,5634.56,1770.3,8.118,6.305,10.86,10.0,83.29
52870.45,15026.6,9140.13,165.53,2.864,9.884,34.54,10.0,73.77
93956.16,6117.64,561.81,1556.22,8.113,4.744,5.0,10.0,77.79
16847.63,3172.48,2085.67,1712.96,2.788,6.273,5.0,10.0,90.0
55100.77,17790.31,8238.33,1983.44,6.962,4.668,12.01,10.0,79.17
71825.72,18322.49,8992.12,513.32,1.336,0.194,25.48,10.0,68.42
81271.59,5140.76,7218.03,773.46,4.335,8.514,16.9,10.0,89.82
62471.68,1676.57,9919.82,1934.07,5.253,4.545,11.43,10.0,85.25
91802.6,10798.8,1357.05,233.33,7.28,4.762,15.02,10.0,77.04
94779.23,14985.25,5683.93,1071.23,6.535,3.664,13.9,10.0,77.36
15788.73,17944.06,7007.45,1038.15,8.548,4.383,16.67,10.0,77.75
46213.35,20438.68,7175.12,1232.77,1.924,7.283,15.54,10.0,90.0
12111.31,15652.9,8038.1,695.05,6.646,7.036,21.3,10.0,82.63
39647.5,3661.13,9217.45,1855.54,1.365,8.103,13.24,10.0,90.0
58318.14,17381.96,3935.59,576.62,4.833,9.749,15.54,10.0,90.0
91971.54,24620.24,908.15,1316.91,5.293,3.973,5.0,10.0,83.22
86189.89,22734.03,3943.2,1017.06,0.37,3.456,11.74,10.0,90.0
21474.98,21920.05,6880.34,570.01,0.797,4.986,22.53,10.0,90.0
18372.73,8252.08,2527.83,418.26,8.409,1.628,16.12,10.0,68.5
63034.06,19018.92,8194.74,1915.3,2.939,7.604,11.78,10.0,90.0
57890.62,21426.48,2587.76,1144.52,3.527,5.853,7.53,10.0,90.0
33973.99,17279.83,595.6,1228.17,6.44,2.192,5.0,10.0,77.96
90950.78,7013.48,5326.77,1576.65,2.285,8.654,9.68,10.0,90.0
93462.98,23892.02,7401.38,208.39,2.009,6.229,31.61,10.0,77.6
46235.03,11819.67,3821.73,1441.84,4.273,0.437,9.27,10.0,67.1
90127.23,4115.33,7614.51,372.02,0.684,2.046,24.02,10.0,85.52
44555.4,3634.67,4664.84,1493.94,9.178,8.922,9.21,10.0,85.8
76313.51,16540.46,2131.29,325.59,9.407,3.872,16.67,10.0,74.59
52834.8,11505.03,1360.3,1673.36,4.537,9.845,5.0,10.0,90.0
21032.48,3267.61,7250.58,1377.98,2.171,5.345,13.34,10.0,90.0
93514.08,18768.75,4164.29,802.49,4.759,2.158,14.21,10.0,74.71
50868.69,20183.8,9171.35,749.73,1.089,5.98,21.95,10.0,90.0
76103.83,18409.98,5632.42,340.45,4.038,1.113,24.24,10.0,71.83
43045.64,5854.26,3810.11,1812.9,0.829,8.094,5.72,10.0,90.0
11699.28,17554.61,3815.41,281.13,7.091,6.316,22.52,10.0,81.85
19047.73,1257.35,1748.66,970.55,2.83,9.643,5.0,10.0,90.0
54659.75,8322.69,6141.0,511.21,5.255,6.932,21.54,10.0,83.31
72096.79,10571.72,6030.59,1992.84,0.234,0.587,9.58,28.23,90.0
40126.18,21045.93,8099.94,1192.4,5.294,4.817,16.45,10.0,84.34
72593.96,10369.46,2411.37,341.69,0.132,5.36,16.91,11.08,90.0
72877.2,1270.47,3262.5,1351.75,9.259,9.176,5.0,10.0,89.75
73354.23,9456.31,1423.76,1983.64,5.061,4.381,5.0,10.0,86.03
54326.97,12974.18,3305.75,1229.83,1.091,5.976,8.26,10.0,90.0
92339.75,23776.11,4566.97,941.89,3.476,1.941,13.6,10.0,79.27
54027.69,23584.82,9658.27,621.88,0.556,2.522,23.16,10.0,90.0
50523.87,5340.98,6704.13,229.64,5.356,5.531,29.0,10.0,75.36
27944.27,5443.52,7937.3,495.08,1.311,7.0,24.88,10.0,90.0
37688.96,4921.15,3592.34,1129.56,4.784,4.411,9.77,10.0,86.53
13810.1,19934.13,1872.87,1519.88,3.125,4.383,5.0,10.0,90.0
67018.18,1144.53,2938.84,1761.97,7.64,2.634,5.0,10.0,73.03
32368.22,4052.25,2936.44,1597.74,4.874,7.011,5.0,10.0,90.0
37373.97,13911.03,6039.6,294.66,8.497,0.154,26.39,10.0,68.12
79373.31,6941.49,3743.98,1558.25,9.419,5.176,7.59,10.0,79.67
39449.91,3216.55,8645.29,1184.13,9.698,0.135,16.03,10.0,66.63
31797.63,9637.07,9891.17,964.76,2.676,5.975,20.54,10.0,89.34
25215.2,7580.98,3761.33,1166.89,7.699,0.406,10.14,10.0,70.42
79737.26,13266.5,7198.07,65.75,4.437,9.407,40.03,10.0,69.1
21673.56,24501.61,6746.12,182.07,4.319,4.832,31.25,10.0,74.32
50837.84,3983.31,2347.39,1075.41,8.695,6.872,5.54,10.0,82.31
55623.71,9945.44,9221.08,388.56,1.542,8.551,26.99,10.0,84.05
71865.09,23367.64,2394.7,1113.8,4.83,2.431,5.75,10.0,78.61
66995.51,22044.95,7501.09,740.72,5.97,5.447,19.8,10.0,81.69
82964.86,10462.5,3802.29,1819.45,0.755,8.648,5.31,10.0,90.0
14027.63,17774.88,3987.27,1901.88,8.659,5.424,6.66,10.0,81.18
36679.67,3108.57,4826.77,1960.58,3.212,3.988,7.2,10.0,90.0
35212.07,18100.99,8712.83,1802.93,6.603,3.752,12.98,10.0,80.26
23141.52,24348.59,1832.39,1972.49,9.288,3.903,5.0,10.0,78.55
36026.04,13899.72,1018.41,1426.99,7.226,6.193,5.0,10.0,88.62
37878.88,12963.77,4319.39,1923.06,8.872,0.552,6.75,10.0,67.59
56969.6,5495.65,1028.06,1301.5,0.788,4.212,5.0,19.6,90.0
69733.4,16210.92,7032.21,1627.97,4.978,5.65,12.81,10.0,86.58
44299.05,15170.49,7723.09,307.22,5.692,7.885,27.1,10.0,78.81
74752.32,16646.39,8619.77,1381.07,6.921,5.347,16.25,10.0,82.3
40254.88,1626.0,7566.5,1865.65,1.257,9.269,10.77,10.0,90.0
36125.53,14169.36,9205.34,1103.09,6.602,4.493,18.27,10.0,79.21
58706.93,15278.44,7608.86,414.3,1.545,6.543,24.48,10.0,89.05
12134.47,5980.72,9392.72,1077.43,0.769,0.274,17.69,28.5,72.39
17181.02,5999.99,2334.55,1428.53,4.746,2.461,5.0,10.0,78.53
47617.26,7629.24,5248.7,1551.09,6.044,8.173,11.35,10.0,88.96
94862.14,18081.32,9942.34,1071.22,9.585,5.904,19.19,10.0,79.78
74936.06,15550.39,6974.99,473.87,7.016,9.467,22.61,10.0,82.52
17931.39,21298.3,8847.09,1857.04,5.955,7.553,12.97,10.0,89.25
86168.62,8095.81,788.74,1558.55,2.224,4.552,5.0,10.0,90.0
75907.07,22889.63,8781.7,577.84,1.605,7.809,23.61,10.0,90.0
64985.19,18848.95,7128.28,1633.04,6.112,4.731,12.2,10.0,84.08
83826.37,10480.28,2122.18,728.33,2.307,3.369,10.09,10.0,90.0
46369.89,3286.29,743.97,659.24,7.095,0.566,5.0,10.0,67.03
29935.09,7167.61,2969.3,1733.0,1.233,8.67,5.0,10.0,90.0
56082.11,23962.44,9199.85,1752.81,3.462,4.248,14.04,10.0,85.56
59395.76,8448.72,6847.26,827.04,7.754,6.883,18.7,10.0,81.04
58449.37,8917.62,9234.96,67.4,8.327,1.615,42.93,10.0,68.09
60856.64,5550.13,4738.43,413.8,3.518,8.307,20.41,10.0,90.0
95383.44,20364.41,9397.96,1823.13,2.147,8.26,14.63,10.0,90.0
91202.11,7615.46,4898.12,1802.56,9.586,4.873,8.25,10.0,74.22
88814.53,8926.2,2440.42,934.02,7.635,6.754,7.93,10.0,85.59
82127.51,10944.35,1938.24,643.03,8.09,5.262,8.7,10.0,81.99
94908.53,11409.48,9941.21,640.36,2.305,5.567,22.93,10.0,85.95
18864.52,10872.18,3671.7,1799.53,4.302,8.899,5.34,10.0,90.0
33861.09,13089.85,2020.5,683.23,0.775,9.672,10.0,10.0,90.0
54555.04,20548.31,579.88,1047.58,1.183,3.738,5.0,10.0,90.0
86188.1,20662.84,3212.91,1475.47,2.287,3.384,6.64,10.0,90.0
55464.91,20159.52,8946.6,458.49,3.102,3.108,24.92,10.0,78.21
77323.13,3427.0,5573.09,544.99,9.972,7.731,19.03,10.0,80.55
22506.39,20192.29,6508.13,748.22,4.279,7.257,18.16,10.0,90.0
32717.24,3886.04,9262.72,1325.74,7.009,0.534,16.66,10.0,68.66
75859.85,3993.37,5371.98,1644.11,9.054,0.976,7.49,10.0,69.16
24826.06,23748.71,8463.66,1116.08,2.536,6.497,17.99,10.0,90.0
41622.03,20665.55,3576.42,309.21,1.533,2.822,21.74,10.0,87.61
33837.96,14257.85,9782.47,920.18,2.508,1.007,20.46,10.0,72.81
41487.55,21999.28,1248.73,299.0,8.836,4.195,12.32,10.0,76.43
73749.16,24744.75,7385.88,222.18,6.69,8.787,30.74,10.0,77.97
43106.25,15655.41,6775.38,1199.75,4.568,3.726,14.64,10.0,83.22
59973.7,15709.56,2320.88,1914.61,8.221,6.987,5.0,10.0,88.52
18993.87,19106.25,4194.02,1683.34,2.444,9.016,8.04,10.0,90.0
82451.59,6571.33,3471.88,1560.22,2.468,1.776,5.02,10.0,84.82
43289.98,5011.0,1397.68,1467.76,5.715,6.136,5.0,10.0,90.0
68368.07,19229.94,6055.49,1799.4,7.922,9.086,10.52,10.0,88.26
75285.06,9277.72,9939.86,1518.03,2.67,2.015,15.79,10.0,80.03
28869.48,4241.69,5816.09,1272.41,2.179,9.888,13.02,10.0,90.0
89620.75,8557.07,5679.97,761.13,4.792,3.714,16.47,10.0,82.56
65460.18,9607.28,882.98,246.84,1.429,2.254,10.73,10.94,90.0
48585.26,24165.46,1822.59,949.02,7.503,8.394,5.99,10.0,89.43
26410.17,17751.03,5375.58,1853.33,5.816,4.732,9.54,10.0,84.13
94807.08,13740.55,9859.2,1187.05,5.174,6.74,18.43,10.0,87.86
77956.14,24252.96,8827.77,409.78,8.735,4.947,26.26,10.0,73.06
28722.21,22675.35,3731.99,1315.6,7.352,6.471,8.58,10.0,85.33
40393.97,13288.02,5658.54,957.65,1.578,0.45,15.52,10.0,71.22
82870.68,22736.31,5750.67,1866.19,4.262,3.567,10.04,10.0,86.06
72610.99,10703.31,7010.93,363.83,3.281,6.607,25.07,10.0,81.54
78920.59,6530.1,7033.93,1438.42,8.04,3.573,12.69,10.0,75.29
49708.1,6584.28,8003.03,1379.12,7.218,7.78,15.15,10.0,86.35
74482.86,16895.57,737.22,1967.91,4.773,9.613,5.0,10.0,90.0
44784.44,13025.69,9464.96,1151.58,8.254,0.47,18.76,10.0,67.18
29013.66,16814.82,1165.59,1749.57,4.16,8.568,5.0,10.0,90.0
66940.93,17465.82,5023.52,98.19,8.055,1.774,33.33,10.0,71.45
97841.25,1535.75,9236.0,289.64,0.418,9.182,28.61,10.0,83.32
37954.09,2296.95,5132.85,724.58,1.433,9.473,15.31,10.0,90.0
51487.26,13784.27,1104.55,1257.69,7.584,5.735,5.0,10.0,85.44
70660.12,5584.85,2677.78,925.7,1.232,4.842,7.88,10.0,90.0
58735.57,16180.81,5997.33,445.26,6.869,7.609,22.7,10.0,82.41
85908.5,14252.46,1334.69,1198.95,7.263,9.188,5.0,10.0,90.0
78556.84,15058.25,4524.94,1155.06,6.656,2.401,11.83,10.0,74.98
15246.75,8258.93,3626.39,1072.67,8.2,3.886,10.48,10.0,75.12
99857.91,16356.24,8244.47,226.58,5.165,4.234,31.26,10.0,73.76
77716.22,20907.82,1546.25,1857.7,8.981,8.474,5.0,10.0,88.58
87751.3,24953.71,6986.59,1204.9,5.738,1.455,15.6,10.0,71.56
68607.79,21122.67,4362.6,564.78,5.128,6.268,17.88,10.0,89.12
87065.66,14379.97,6083.63,1390.47,5.143,3.574,12.6,10.0,80.18
20114.47,5642.31,2452.55,669.92,9.13,8.867,11.38,10.0,86.61
41296.41,17354.7,6292.19,1036.42,2.513,3.464,16.18,10.0,88.22
88877.88,23503.69,6902.79,715.21,6.981,9.782,19.49,10.0,87.35
28148.97,6084.8,1167.2,1766.77,2.502,0.255,5.0,12.78,68.25
17041.79,7143.89,8331.27,1988.26,1.013,2.472,12.61,10.0,90.0
80930.7,4576.21,8681.91,364.31,9.542,4.627,25.9,10.0,71.68
85193.75,18681.32,1103.76,95.98,1.384,2.638,21.01,10.0,89.59
24638.7,10757.48,6230.28,477.68,6.893,7.4,22.46,10.0,78.93
86891.14,2504.7,6143.11,1200.41,4.303,8.164,11.75,10.0,90.0
71809.1,21998.8,618.35,389.2,8.387,7.005,5.0,10.0,85.99
56807.44,14384.13,3752.29,1632.39,7.755,9.707,7.88,10.0,90.0
84722.52,8946.26,9704.79,846.91,1.523,4.615,20.99,10.0,90.0
47732.43,9255.59,5776.78,1240.54,4.731,9.8,12.86,10.0,90.0
27459.46,7966.03,9365.51,938.45,0.373,1.334,19.61,10.53,90.0
35636.74,11931.52,6918.62,1811.49,4.352,8.475,10.92,10.0,90.0
55464.76,9089.0,769.71,118.51,7.032,0.481,16.84,10.0,69.13
57819.77,14150.71,1238.28,1472.14,2.398,5.366,5.0,10.0,90.0
82502.27,19564.41,7360.7,1321.74,8.119,4.896,13.51,10.0,78.35
81221.75,17187.07,5768.39,1316.55,0.626,8.577,11.97,10.0,90.0
62322.99,8066.97,1707.94,857.28,0.442,7.037,5.69,11.27,90.0
80270.69,13689.78,6333.6,80.57,0.372,4.466,37.34,10.0,71.06
27259.61,21163.03,8197.73,1394.02,2.872,8.967,15.4,10.0,90.0
14505.81,2636.95,7653.33,1667.47,4.724,8.87,13.21,10.0,90.0
88627.04,2879.13,2838.54,216.2,1.164,0.345,20.05,36.51,72.49
16799.9,14348.08,2952.85,911.15,9.968,8.723,9.71,10.0,84.0
32201.96,16338.76,9694.46,367.06,9.996,5.313,28.82,10.0,73.73
72578.71,6073.91,8930.35,1241.33,5.246,8.406,16.35,10.0,90.0
46850.31,18885.28,3524.2,1581.93,5.723,1.895,5.54,10.0,73.49
88868.26,16510.32,8328.52,1350.08,9.275,1.596,14.85,10.0,69.35
36818.18,23158.94,2036.52,670.22,7.721,7.25,8.7,10.0,86.83
11068.42,5054.9,2369.99,322.48,1.763,2.826,17.17,12.49,90.0
37059.01,19032.98,2221.36,1598.82,7.946,5.633,5.0,10.0,81.43
62026.75,3007.43,1333.35,681.64,2.386,6.919,5.0,10.0,90.0
43834.45,14567.02,8619.44,93.17,4.359,6.143,38.91,10.0,67.81
58138.55,14245.48,5998.67,1164.27,5.372,7.02,14.62,10.0,90.0
88893.83,10321.24,2960.08,531.02,7.198,6.242,14.68,10.0,85.39
92123.65,21269.71,8562.22,1690.35,1.586,3.853,13.49,10.0,90.0
33937.67,1104.9,8125.14,329.35,0.854,0.996,25.41,17.65,78.0
51592.64,13484.31,1459.04,897.86,8.675,8.568,5.0,10.0,88.34
59422.96,6211.69,6619.32,543.6,8.285,8.475,21.03,10.0,82.76
95420.12,18843.97,7357.42,1394.72,5.28,0.156,14.29,10.0,67.29
99875.56,2033.62,7300.36,1119.64,6.657,8.425,14.48,10.0,88.09
31186.65,20957.31,7369.86,1592.43,7.221,1.595,12.84,10.0,70.26
75428.19,21114.21,2109.85,944.29,4.818,3.395,6.19,10.0,83.9
44022.8,20988.78,3493.32,59.38,2.647,4.192,35.52,10.0,71.28
10729.74,4661.64,8519.7,469.63,4.866,6.828,25.51,10.0,81.22
10832.73,16129.76,9034.72,1998.36,9.513,1.015,13.93,10.0,68.95
51450.94,1344.82,3152.29,840.42,8.395,8.284,9.68,10.0,88.05
53950.14,21351.1,718.69,1259.46,4.709,9.433,5.0,10.0,90.0
12031.27,18351.4,8667.79,1814.62,2.333,9.532,13.85,10.0,90.0
71823.47,13747.69,4082.37,90.02,8.907,1.009,32.87,10.0,65.91
36460.3,18534.19,3629.9,1336.23,6.419,9.202,7.94,10.0,90.0
60390.38,3263.78,3796.5,612.34,4.107,5.722,13.82,10.0,89.34
37082.72,13687.74,4449.12,594.53,1.205,7.297,17.53,10.0,90.0
25042.09,7990.64,4093.53,488.46,7.542,9.313,19.08,10.0,86.2
46645.64,24342.87,5881.09,1654.32,3.238,6.644,10.99,10.0,90.0
30904.6,21570.83,1249.93,777.25,6.102,4.622,5.0,10.0,82.83
58132.09,18598.62,9729.63,180.88,5.739,5.299,33.57,10.0,71.83
27894.57,23409.94,9396.28,238.86,7.026,6.877,31.23,10.0,75.06
55756.54,9324.24,9376.86,339.8,5.422,9.453,28.11,10.0,77.68
24164.07,22621.12,8853.14,1802.91,6.341,8.909,14.61,10.0,90.0
70387.72,8805.72,6773.1,883.51,0.907,5.813,17.25,10.0,90.0
77854.39,18587.12,2600.53,1836.3,6.686,2.189,5.0,10.0,73.76
19935.48,18674.01,970.09,1644.08,2.022,3.533,5.0,10.0,90.0
52102.22,1440.4,1443.55,1683.87,3.981,3.682,5.0,15.57,89.34
16378.45,9665.43,3577.93,609.32,5.174,2.963,15.18,10.0,78.07
63836.42,1466.38,5286.89,579.06,6.9,7.493,17.78,10.0,84.73
33796.39,24930.21,9935.9,1142.13,7.45,8.376,18.4,10.0,84.27
57486.2,3932.72,4636.71,864.95,7.079,3.266,12.72,10.0,74.56
56571.49,14027.46,5484.14,1042.67,1.042,8.477,13.66,10.0,90.0
93191.89,19973.35,7103.99,153.75,3.93,7.371,33.27,10.0,74.17
59417.49,5830.33,2216.97,1944.6,2.879,4.467,5.0,10.0,90.0
62469.86,12641.26,9361.86,163.43,4.044,7.017,35.43,10.0,70.95
46148.78,15578.29,5525.83,398.72,6.504,7.716,23.19,10.0,83.81
95417.16,4844.91,3124.44,1372.49,2.01,5.654,6.58,10.0,90.0
79946.73,19685.33,9383.54,353.23,5.071,4.487,28.22,10.0,74.29
35686.48,8184.07,6441.78,258.4,8.86,1.107,27.34,10.0,65.04
85978.86,6064.55,5095.05,349.56,7.338,0.114,21.49,10.0,65.91
48915.67,14398.93,6011.48,170.74,7.281,9.379,30.38,10.0,74.48
84580.04,10847.53,7608.87,540.07,8.502,2.748,22.08,10.0,70.97
84059.93,23086.86,1968.11,578.68,4.053,6.664,10.39,10.0,90.0
26998.32,22121.5,8715.89,1022.31,7.619,9.439,19.56,10.0,86.01
73102.7,12600.42,9615.31,905.51,0.681,8.201,20.66,10.0,90.0
36157.87,9622.33,5886.5,973.74,0.659,1.314,15.7,12.97,90.0
36774.34,8812.43,6981.57,1251.28,3.385,8.039,13.96,10.0,90.0
36671.33,7421.53,8668.42,500.37,2.049,7.291,24.29,10.0,86.25
75301.14,14069.15,4060.7,312.67,5.234,3.361,22.8,10.0,77.63
30684.34,20319.49,9931.9,1763.81,1.914,6.927,14.82,10.0,90.0
10081.53,8458.16,6964.76,1286.19,9.758,8.276,15.72,10.0,81.86
74371.32,5562.26,4527.99,168.29,8.526,2.985,27.29,10.0,73.29
25406.63,12411.61,6934.71,1924.05,9.827,8.703,10.99,10.0,84.95
19403.42,2656.83,5455.96,1401.48,8.097,0.88,11.35,10.0,68.65
31376.45,17830.7,1560.59,345.82,9.516,5.322,12.99,10.0,79.03
44191.05,13440.6,8060.72,1939.81,3.744,2.409,11.54,10.0,79.42
52831.57,12913.0,5861.57,762.54,5.029,7.307,18.07,10.0,88.07
14011.3,8210.69,8060.53,1969.79,2.474,1.831,12.4,10.0,81.88
97351.6,22712.16,1971.66,251.39,6.394,3.48,17.62,10.0,77.23
74445.67,3171.67,5614.39,361.94,7.903,1.361,21.75,10.0,69.8
39087.47,21875.78,7782.93,1331.97,5.038,8.138,15.68,10.0,90.0
38682.75,10040.92,9888.89,93.18,3.034,1.41,41.4,10.0,70.23
50368.83,22134.96,8901.77,86.44,5.126,7.259,40.94,10.0,70.96
66362.03,18490.27,8711.32,1594.37,0.723,7.102,14.73,10.0,90.0
23173.58,3500.1,2850.87,377.17,7.239,1.509,16.9,10.0,70.92
27003.68,20956.87,8460.85,1841.64,4.571,5.704,12.43,10.0,89.05
87349.11,17372.24,2108.17,880.5,8.993,5.019,7.47,10.0,78.25
33062.94,1775.25,2382.02,1753.62,9.24,5.986,5.0,10.0,79.91
44217.55,4208.86,1546.11,864.64,1.342,9.379,5.0,10.0,90.0
88414.47,16255.07,8647.17,1083.95,9.961,0.897,17.99,10.0,67.92
69683.3,16902.41,1528.42,667.2,9.701,8.223,7.42,10.0,86.11
40754.07,18919.63,1812.06,1333.25,6.309,8.635,5.0,10.0,89.61
71532.96,18285.89,2835.93,670.49,8.272,1.35,11.95,10.0,68.43
11771.49,16828.48,5940.29,485.18,0.283,6.595,21.57,10.0,90.0
76207.84,19389.73,8861.71,208.04,9.707,7.051,32.59,10.0,72.53
53831.44,14802.06,4473.17,162.46,4.618,5.532,28.78,10.0,76.0
83186.39,7258.99,5689.72,646.65,9.106,5.079,19.36,10.0,76.52
95917.39,22897.04,2081.65,1486.12,3.913,3.246,5.0,10.0,88.35
93320.97,1437.14,3026.49,450.96,7.903,6.922,15.08,10.0,83.04
91833.85,9797.48,1772.29,633.49,4.238,2.927,8.98,10.0,82.18
56095.3,18492.89,4394.23,1815.08,3.691,4.654,7.12,10.0,90.0
42412.79,11251.74,6108.19,1296.36,9.473,8.588,13.1,10.0,85.35
51853.18,1596.03,3198.19,1843.46,7.021,0.986,5.0,10.98,70.28
72090.64,2583.54,8536.96,1826.89,8.417,5.331,11.07,10.0,82.74
89559.8,16567.3,9821.76,173.65,5.479,4.912,34.56,10.0,73.12
28628.77,24156.75,1641.47,1912.27,9.192,3.847,5.0,10.0,75.86
92637.38,14244.73,669.67,149.8,7.426,6.016,13.02,10.0,84.99
83366.22,13162.19,8002.88,1854.96,0.814,0.255,12.96,14.08,70.54
98097.04,8639.81,2311.11,1116.13,7.692,4.975,6.05,10.0,81.34
89222.66,7160.58,3854.89,1089.72,0.285,4.908,10.26,10.0,90.0
35194.36,1503.64,4245.2,1440.86,8.308,5.21,6.42,10.0,79.74
19536.03,7550.92,9207.69,1764.46,3.385,2.203,14.25,10.0,81.05
20101.7,11778.65,6758.96,1253.16,6.023,2.155,14.91,10.0,74.84
36210.1,5750.79,885.79,879.53,7.519,6.507,5.0,10.0,85.36
65276.54,3096.35,640.7,268.18,6.406,1.018,5.2,10.0,68.97
82388.83,18225.47,2395.9,1588.96,6.756,3.129,5.0,10.0,75.87
90932.53,22470.89,3522.63,300.17,8.937,8.325,20.71,10.0,82.05
66137.8,23482.53,5102.98,1466.41,3.802,1.127,10.97,10.0,73.38
10506.82,15831.97,8459.47,1079.45,5.517,4.734,18.35,10.0,85.09
26768.51,2266.59,3490.77,802.38,1.832,6.719,11.94,10.0,90.0
18975.36,18780.7,4077.1,1245.32,4.729,1.502,9.72,10.0,73.94
42699.2,3642.29,3628.71,1556.09,1.585,3.193,6.56,10.0,90.0
55121.59,17073.95,585.17,1885.22,6.372,5.632,5.0,10.0,87.0
13905.75,19704.78,9574.41,566.16,3.31,3.34,24.16,10.0,79.62
41363.02,18420.75,1820.46,1896.9,8.604,1.188,5.0,10.0,71.89
26126.17,23845.21,3232.84,1923.85,3.501,2.401,5.0,10.0,82.64
68236.31,18715.51,1728.38,1636.58,2.94,1.183,5.0,10.0,76.81
51784.51,17637.03,5160.16,1768.8,4.964,9.837,9.98,10.0,90.0
54578.59,7281.84,9355.58,1400.23,1.836,2.433,15.24,10.0,88.65
48492.26,23194.45,1456.66,126.24,2.118,5.352,20.88,10.0,90.0
96041.77,5309.05,4688.52,1171.4,7.853,4.342,9.93,10.0,77.56
29326.16,22717.52,712.56,1507.05,5.023,5.738,5.0,10.0,90.0
56499.78,8503.9,7823.53,1886.32,2.143,5.031,12.25,10.0,90.0
76241.56,4123.93,6591.65,1162.38,0.412,7.299,12.92,10.0,90.0
60116.0,20840.39,7147.14,1598.69,4.718,8.743,12.54,10.0,90.0
93611.88,1059.89,4987.2,1424.83,7.452,2.924,9.45,10.0,74.99
44017.15,20970.12,9122.51,597.57,3.577,1.918,23.2,10.0,73.79
51730.82,7295.48,4390.8,351.72,2.555,9.845,21.75,10.0,90.0
17967.01,22233.31,5383.81,1514.27,4.024,8.674,10.9,10.0,90.0
64809.92,17595.5,7105.25,505.85,9.595,3.703,23.07,10.0,72.7
35939.08,16988.4,5445.33,527.15,4.289,8.958,21.0,10.0,88.87
24427.81,9767.67,2298.69,1305.7,2.67,6.738,5.18,10.0,90.0
59007.82,2425.67,3512.17,1588.68,5.736,4.43,5.0,10.0,85.46
57907.92,20921.75,1376.8,1185.55,8.126,8.747,5.0,10.0,90.0
16828.45,5101.69,4609.83,1775.72,0.321,6.785,8.97,10.0,90.0
72839.39,9934.21,6289.22,462.31,5.625,8.282,22.94,10.0,85.12
66139.5,15408.51,1626.03,542.21,8.379,4.236,9.54,10.0,76.23
27011.56,12574.09,6490.58,1292.06,2.235,8.007,13.56,10.0,90.0
52249.14,5767.86,8982.29,1667.27,9.225,3.733,13.0,10.0,73.89
74829.06,4374.79,3708.38,1101.74,5.819,7.377,8.64,10.0,90.0
57649.22,3957.91,2609.31,70.24,5.216,4.412,29.78,10.0,71.83
45594.02,21712.19,8983.56,1370.04,9.64,4.111,15.59,10.0,75.61
39010.46,1757.43,7073.48,1636.49,1.384,7.987,10.91,10.0,90.0
64935.45,24448.34,1501.25,589.26,7.427,1.338,7.81,10.0,69.71
94519.78,5764.69,4377.06,155.69,8.204,9.289,27.23,10.0,75.63
70457.04,3647.74,6903.85,1060.01,4.937,5.136,13.96,10.0,86.61
16727.13,14847.32,5956.65,132.2,0.164,6.397,32.67,10.0,77.04
51461.65,2919.66,6376.2,861.23,5.291,4.112,15.35,10.0,83.43
90174.17,15458.88,5887.78,84.74,1.62,6.494,36.04,10.0,72.52
18501.62,21415.04,8081.58,488.69,5.669,7.128,24.81,10.0,81.16
98998.81,2149.55,3544.06,808.2,7.412,8.698,10.84,10.0,88.41
95416.25,20196.85,7230.39,267.83,5.358,8.558,27.89,10.0,78.79
17044.7,10467.46,9915.25,272.6,6.345,3.642,30.85,10.0,73.81
94007.2,4827.78,4204.61,1662.77,1.129,6.197,6.35,10.0,90.0
42681.93,5226.32,8014.96,130.78,1.061,7.828,35.23,10.0,74.07
86023.83,23050.35,2838.04,1393.48,8.524,7.672,6.41,10.0,87.21
47654.5,3654.54,3178.02,1638.24,0.588,8.92,5.0,10.0,90.0
49676.96,21802.79,9381.21,304.91,2.915,8.336,29.55,10.0,79.65
67081.88,14061.87,746.41,430.97,9.383,7.207,5.0,10.0,84.21
79702.97,1937.35,2565.56,1300.91,4.643,7.514,5.0,10.0,90.0
13041.02,12147.43,5087.75,665.51,6.778,8.094,17.26,10.0,88.74
63384.04,20618.79,4317.55,979.02,2.295,8.395,13.1,10.0,90.0
26805.97,18428.87,6477.11,1680.21,2.778,3.591,11.9,10.0,90.0
41135.46,12730.78,2330.86,319.07,5.139,7.84,18.04,10.0,89.12
41317.18,21641.2,1170.2,1258.32,6.417,9.497,5.0,10.0,90.0
52215.43,3888.75,4008.67,1887.68,9.609,2.406,5.0,10.0,70.98
40072.28,22838.59,5481.37,162.06,5.787,0.578,30.0,10.0,68.03
19662.5,21314.59,5839.02,167.01,1.05,0.817,30.12,10.0,72.19
23106.59,17998.64,6214.19,1131.75,3.733,2.246,14.86,10.0,78.73
13009.42,20629.31,5712.29,1922.15,2.517,9.206,9.93,10.0,90.0
52322.42,14051.57,2834.64,479.92,2.619,1.355,15.88,10.0,79.27
95900.29,17203.9,7763.22,695.04,5.103,7.501,20.63,10.0,86.21
20410.77,14454.35,1333.91,242.36,3.235,8.684,14.78,10.0,90.0
95163.8,9530.28,2384.36,756.38,2.964,8.787,10.13,10.0,90.0
76002.54,14652.66,7524.09,136.45,9.683,4.226,34.27,10.0,71.08
67374.89,7179.17,3157.4,808.73,5.881,5.003,10.11,10.0,82.24
68075.0,11566.7,5188.0,1133.2,2.692,3.3,13.58,10.0,88.51
84405.49,7738.61,3608.38,1951.26,2.831,1.559,5.0,10.0,80.64
19622.79,3949.31,5316.32,1645.86,8.129,2.2,9.87,10.0,72.54
55427.89,8724.68,3793.23,1653.03,8.876,1.434,7.2,10.0,67.83
72738.2,21447.69,9944.98,494.88,6.822,4.134,25.72,10.0,76.02
62813.84,10145.94,3896.04,220.11,4.371,1.786,25.27,10.0,73.42
84950.12,18952.09,6456.97,1226.0,7.669,4.094,15.62,10.0,76.29
16504.45,5204.75,8939.26,1066.22,9.38,8.527,17.96,10.0,82.81
72163.09,11186.06,6560.38,1057.18,1.745,6.58,15.68,10.0,90.0
58062.5,3756.55,5875.64,262.57,8.631,6.661,24.99,10.0,76.64
44124.48,4326.91,5907.68,1013.08,8.503,8.137,14.88,10.0,86.98
40624.75,15818.47,5216.38,343.19,3.728,0.508,23.25,10.0,68.13
65874.94,15579.56,8172.01,873.12,2.989,7.966,18.96,10.0,90.0
90189.58,6120.93,979.03,171.22,5.697,2.044,12.82,10.0,73.69
54655.83,12386.16,8908.73,1720.94,2.796,3.525,13.9,10.0,88.95
84225.08,21719.35,6069.78,75.7,1.539,3.15,37.73,10.0,68.13
46194.07,5180.84,8564.3,1881.68,9.535,1.146,11.48,10.0,69.71
19215.5,1461.05,598.73,1732.64,4.965,1.82,5.0,20.59,75.69
15535.52,16647.88,8758.13,1517.59,4.775,9.568,15.03,10.0,90.0
14620.09,2283.96,1641.31,1965.97,1.348,6.043,5.0,12.34,90.0
44213.51,24518.57,7351.57,154.95,5.091,4.792,33.51,10.0,72.13
40351.4,15630.89,4456.95,1301.11,7.454,7.602,10.61,10.0,88.27
74614.33,12289.51,6970.19,1706.14,2.556,8.156,11.8,10.0,90.0
76853.94,11319.82,6467.8,296.9,3.752,1.192,26.5,10.0,69.88
14576.86,14753.7,2052.27,1190.31,1.871,7.435,5.0,10.0,90.0
29901.09,3174.99,5388.83,818.15,3.615,9.331,15.3,10.0,90.0
34683.57,23320.46,3133.69,899.86,8.627,5.896,11.76,10.0,81.59
59285.08,16015.41,5824.15,1829.42,2.447,6.18,9.69,10.0,90.0
23006.37,5415.48,7511.03,1100.37,0.392,8.717,16.67,10.0,90.0
22054.71,14501.95,1271.95,231.86,5.409,6.827,16.03,10.0,89.32
94941.0,4198.16,5399.74,1877.57,5.837,9.953,6.96,10.0,90.0
82378.26,1421.27,6367.48,411.16,3.356,2.899,22.02,10.0,78.89
26258.94,16132.41,3305.99,1790.64,6.452,8.47,6.43,10.0,90.0
46591.1,16563.6,9553.53,1943.3,0.475,6.163,12.92,10.0,90.0
42005.98,15008.72,5442.88,1761.78,3.472,3.721,10.37,10.0,90.0
81190.37,5403.6,2233.91,1370.41,1.531,8.842,5.0,10.0,90.0
55919.16,15482.32,1523.99,1499.93,2.375,9.963,5.0,10.0,90.0
21506.48,2356.26,5645.77,1414.74,3.887,0.673,11.59,13.95,69.84
76509.29,15621.72,4064.76,948.02,4.985,9.263,12.3,10.0,90.0
45719.92,14296.41,2329.2,585.12,1.023,2.111,12.68,10.0,90.0
33663.18,16726.12,791.64,605.76,1.103,2.131,5.0,10.75,90.0
43794.88,22491.41,5882.7,1475.78,6.773,0.513,12.29,10.0,67.56
54798.09,21408.59,6186.7,1270.77,4.101,9.23,13.4,10.0,90.0
40880.4,24535.7,1847.12,1190.52,1.848,7.618,5.0,10.0,90.0
31771.52,24429.78,6216.51,1322.59,2.426,0.629,13.2,10.0,71.72
45865.18,19535.67,9543.74,1560.83,7.229,6.372,14.94,10.0,83.02
11725.56,23954.07,9793.81,1509.26,0.612,1.289,16.87,10.0,90.0
79524.81,21814.81,8940.68,255.52,5.137,7.539,30.93,10.0,75.15
25385.04,18461.98,8167.25,757.92,3.667,4.15,20.98,10.0,84.62
13951.42,2809.22,2488.99,564.74,8.13,0.613,12.35,10.0,66.98
68832.88,2177.2,1986.13,1099.57,7.922,8.311,5.0,10.0,86.97
79654.25,21102.39,4727.0,169.76,6.923,5.767,29.01,10.0,75.28
83244.62,12751.74,6386.5,1536.8,3.909,7.751,12.2,10.0,90.0
54415.83,20550.56,8581.45,257.73,6.349,6.778,30.88,10.0,76.61
28483.14,8510.04,2703.65,579.23,6.435,4.401,13.11,10.0,81.56
76350.49,10543.6,5056.66,1576.35,3.389,7.017,10.48,10.0,90.0
72974.18,17804.48,6650.68,150.54,8.812,0.246,32.44,10.0,66.5
32164.37,22967.84,4733.14,1337.39,9.85,3.463,10.94,10.0,73.31
91306.7,3106.28,4814.84,1852.73,3.213,7.801,5.82,10.0,90.0
19393.43,21675.48,2638.61,1254.39,8.032,7.654,5.84,10.0,88.17
98441.94,20032.31,9873.28,1439.68,5.059,8.885,16.32,10.0,89.94
87422.3,8572.94,5014.34,1594.92,4.69,6.149,9.28,10.0,90.0
71910.88,9525.2,5561.05,483.38,3.927,9.428,21.18,10.0,88.81
94487.49,2115.08,2576.31,1182.88,2.991,5.621,5.0,10.0,90.0
75008.01,1377.77,5384.3,652.66,9.203,5.054,16.61,10.0,76.88
27141.13,12448.15,2925.82,536.52,7.434,2.052,14.5,10.0,69.85
49794.05,3292.95,2422.19,425.29,4.463,7.81,12.86,10.0,90.0
16435.27,5656.04,3119.36,1191.59,7.54,6.951,8.58,10.0,86.58
45069.17,21322.41,526.22,1599.34,7.214,4.662,5.0,10.0,81.24
76744.27,14704.68,5916.44,1757.98,2.747,0.962,11.27,10.0,74.57
44779.9,16207.18,4181.06,885.74,1.844,1.344,13.61,10.0,81.15
39726.48,5499.5,9037.55,777.15,8.379,1.233,20.33,10.0,68.57
63582.02,20887.88,886.72,1390.25,8.133,3.818,5.0,10.0,78.94
88498.41,21831.51,910.4,1571.7,9.969,1.674,5.0,10.0,69.89
14282.49,13559.86,8915.8,543.97,0.292,8.622,23.43,10.0,90.0
44692.34,22901.39,1703.12,629.72,5.45,9.004,9.1,10.0,90.0
24241.67,21275.89,520.52,1090.12,7.043,8.582,5.0,10.0,90.0
72581.88,18551.78,2199.68,916.55,5.867,6.128,7.11,10.0,88.44
19515.21,18617.82,8326.82,1426.29,7.133,6.004,15.64,10.0,80.45
69832.7,3529.44,8125.78,1033.75,1.459,8.92,16.34,10.0,90.0
35756.28,7500.06,3731.26,267.62,0.115,4.122,22.72,10.0,90.0
27902.51,2604.33,6846.29,373.61,1.021,0.717,25.07,20.86,74.27
94271.73,1208.35,5318.87,1808.72,3.863,4.757,7.51,10.0,90.0
11667.21,4799.43,9094.98,493.43,3.356,5.582,25.8,10.0,79.18
49399.95,22131.69,1036.02,147.67,8.753,5.54,16.26,10.0,81.32
11946.43,6756.98,8225.2,1476.34,0.927,1.674,14.93,10.0,90.0
53523.37,24283.7,2120.69,1383.82,4.483,7.856,5.0,10.0,90.0
55094.26,15334.98,4220.4,1220.15,9.582,7.346,10.08,10.0,84.21
38949.62,6694.2,2323.59,1029.4,5.079,2.376,6.33,10.0,77.11
21894.56,12931.14,7174.84,1940.68,1.411,5.557,10.51,10.0,90.0
43874.88,6258.28,6944.1,283.67,2.984,7.924,27.52,10.0,81.94
70503.66,24615.37,5705.03,1044.82,6.305,0.176,14.43,10.0,67.38
80415.62,21334.36,7132.55,1149.89,0.219,2.824,15.08,10.0,90.0
57767.55,1629.73,6575.87,93.86,9.684,4.773,35.51,10.0,70.64
63085.1,23746.62,7876.2,853.39,5.713,8.466,19.42,10.0,86.44
28055.47,18305.56,2774.36,1576.46,7.071,8.01,5.0,10.0,90.0
35859.73,2977.15,4574.67,968.64,5.04,1.595,12.61,10.0,70.58
24570.6,17095.31,1940.45,1756.79,9.583,4.681,5.0,10.0,76.98
32436.58,16526.24,4581.14,1307.36,5.933,3.116,10.04,10.0,75.69
30239.81,6250.93,7166.07,1543.87,6.654,4.074,13.31,10.0,80.26
56750.39,19202.72,7068.22,1618.74,8.622,5.452,13.53,10.0,81.38
60641.99,3089.55,7239.56,1394.53,8.629,5.043,13.0,10.0,80.49
95045.27,12746.68,3433.29,1511.29,0.379,1.502,6.87,17.05,90.0
27601.36,1238.16,6791.03,1405.86,2.905,1.305,11.45,12.86,74.48
67750.81,24249.7,3990.93,1123.4,2.539,1.39,11.2,10.0,79.4
83553.33,19037.53,9472.67,1154.74,0.166,8.429,18.27,10.0,90.0
60421.73,4812.45,3761.98,420.28,8.78,0.297,17.83,10.0,66.19
32950.33,9200.18,6228.67,1663.51,3.24,2.104,12.28,10.0,79.79
33629.52,4853.5,7626.38,658.67,3.535,9.563,20.8,10.0,90.0
13532.77,19398.82,9110.87,1094.69,1.086,0.754,18.85,10.17,80.83
37489.98,2413.51,4660.32,536.61,9.898,0.46,16.84,10.0,65.89
77014.33,21169.76,3924.61,1406.94,8.28,3.935,8.87,10.0,78.18
14276.6,23612.71,4585.27,1951.58,5.761,1.597,6.56,10.0,71.5
29736.58,17239.07,3575.12,1613.78,7.742,5.701,7.4,10.0,84.88
73560.92,6111.17,6712.28,1257.24,7.793,3.452,14.0,10.0,74.9
80438.64,9642.16,9360.81,1156.64,6.602,2.169,17.88,10.0,73.26
50978.66,12453.76,1697.67,1005.05,1.823,9.986,5.0,10.0,90.0
72826.69,15510.99,5828.76,449.69,7.231,3.477,22.3,10.0,74.82
44915.7,17047.91,9027.66,728.62,5.739,6.446,21.13,10.0,83.71
24392.19,14301.15,1451.09,842.47,7.268,8.754,5.0,10.0,89.02
45833.45,9431.53,5191.72,1891.91,5.48,9.232,8.57,10.0,90.0
62197.1,22382.01,8719.68,879.89,9.568,4.16,18.99,10.0,72.32
95324.8,2953.41,9054.3,1193.07,6.308,9.764,16.16,10.0,90.0
16187.59,12190.15,5386.35,1848.73,5.779,7.273,9.13,10.0,90.0
55665.47,19613.56,737.04,1060.93,8.444,5.874,5.0,10.0,84.31
39602.78,2460.94,1503.57,540.33,3.854,6.963,6.39,10.0,90.0
55748.05,17928.05,6073.81,792.96,3.226,3.665,17.91,10.0,85.72
12157.79,20673.08,1676.66,782.3,5.081,4.302,6.52,10.0,84.73
38172.28,16859.95,1919.47,1443.7,5.886,5.904,5.0,10.0,88.75
83788.13,1310.49,7835.11,627.44,2.283,3.336,20.63,10.0,84.93
59854.76,5323.29,7631.57,1474.06,6.855,7.711,14.17,10.0,88.24
50552.42,9210.71,8506.34,1784.02,8.044,2.586,13.75,10.0,72.58
35697.26,6608.56,1504.48,705.34,5.815,7.988,6.49,10.0,90.0
36823.83,24103.65,2382.38,313.92,5.277,1.606,17.29,10.0,70.35
44479.13,16638.25,8413.13,1295.18,3.017,2.252,16.02,10.0,80.71
85201.36,8127.3,7350.33,753.67,9.105,7.556,18.98,10.0,80.82
97049.19,23312.74,8156.58,1091.27,7.57,2.705,17.53,10.0,72.01
49478.98,18774.26,9902.58,1286.62,4.855,7.974,17.62,10.0,90.0
45401.76,7830.57,8712.1,845.1,6.625,7.86,20.05,10.0,84.57
86189.57,10093.16,5444.4,1853.15,3.435,2.647,9.74,10.0,84.91
48421.48,5786.29,3452.3,829.25,0.692,0.824,12.58,23.92,89.72
59681.64,24305.78,5911.93,649.38,2.119,1.747,18.71,10.0,81.88
30784.75,13415.12,6566.57,1777.07,0.887,7.55,11.42,10.0,90.0
76915.23,22505.36,3685.47,315.79,5.131,8.485,20.84,10.0,88.75
57878.95,9315.99,7823.9,292.21,6.258,3.892,28.62,10.0,73.86
82813.11,21660.2,1381.16,1874.61,3.866,1.726,5.0,10.0,77.98
80265.95,2293.28,7904.23,457.49,5.349,0.847,22.56,10.0,69.9
29350.43,24570.17,803.99,339.45,0.946,2.237,7.84,10.96,90.0
74407.2,22888.82,5230.68,1093.58,7.723,9.799,14.3,10.0,88.86
82004.9,9716.87,8683.65,141.24,0.425,1.786,35.32,10.0,72.68
41149.65,19593.33,1321.71,1259.03,6.381,0.953,5.0,10.0,68.68
25534.82,19054.19,5418.52,933.22,4.39,7.876,16.08,10.0,90.0
10236.89,22630.12,2014.22,1298.8,1.92,6.193,5.0,10.0,90.0
50581.33,8374.12,9000.75,603.68,5.278,5.395,22.73,10.0,82.91
41718.95,12172.48,8407.28,1815.67,7.831,4.534,12.58,10.0,76.91
59941.89,21759.99,9372.21,577.63,4.194,7.048,24.49,10.0,81.9
26923.7,19685.91,8812.33,1293.25,3.74,7.014,16.11,10.0,90.0
87369.9,10443.2,7497.26,1892.93,1.51,4.302,11.86,10.0,90.0
33197.97,21297.41,2256.45,831.58,5.986,2.419,9.29,10.0,74.42
30378.66,2126.9,3373.77,364.78,8.297,8.429,16.98,10.0,82.05
53264.27,19769.11,5220.12,183.35,5.657,1.73,28.62,10.0,70.89
54896.59,5962.38,6094.52,1927.89,1.734,5.387,9.87,10.0,90.0
29357.67,7866.9,7930.74,1539.22,6.646,6.957,14.14,10.0,87.99
34467.47,12837.16,2656.12,1841.96,0.398,6.425,5.0,10.0,90.0
25273.47,11793.63,1718.64,1412.72,8.397,6.226,5.0,10.0,83.82
74661.42,13493.68,5084.8,717.77,9.223,6.659,17.09,10.0,78.52
79308.01,14074.61,1999.49,289.88,6.011,8.769,16.38,10.0,88.59
51609.56,8956.66,7090.5,1862.15,8.83,3.717,11.2,10.0,73.94
74267.83,5205.46,5968.49,1004.76,0.937,6.312,13.82,10.0,90.0
76234.19,19443.55,7540.52,823.19,2.361,7.0,19.09,10.0,90.0
22444.8,10599.43,1102.65,1176.69,3.241,5.944,5.0,10.0,90.0
96956.02,13140.18,9664.63,257.79,7.754,9.04,31.25,10.0,73.68
83892.88,16472.72,500.05,652.95,4.894,6.582,5.0,10.0,90.0
28403.51,22831.31,3591.7,1293.86,3.549,4.302,8.64,10.0,90.0
26754.85,17981.27,6956.53,245.24,1.665,8.471,28.91,10.0,81.03
21309.5,2091.02,928.85,313.72,8.125,4.947,8.46,10.0,80.08
22454.07,21125.45,1291.82,1045.65,0.303,5.349,5.0,15.99,90.0
77334.56,24744.52,1228.47,1265.74,3.439,5.865,5.0,10.0,90.0
52268.88,12339.64,6024.34,414.65,2.503,3.296,23.95,10.0,83.72
80464.08,24270.17,9011.29,114.52,1.377,7.253,37.43,10.0,72.22
77162.94,14135.89,5776.65,1918.82,1.803,1.071,9.83,10.0,80.66
64415.14,12030.78,6233.93,103.61,4.989,8.702,36.11,10.0,70.72
71772.99,8953.71,3787.02,54.0,4.318,7.57,37.04,10.0,72.21
11652.02,16781.32,678.04,680.51,5.232,3.601,5.0,10.0,83.81
38059.99,6515.69,705.34,483.78,7.303,2.341,5.0,10.0,73.41
67404.0,3518.42,8938.94,1168.49,8.934,3.94,16.42,10.0,74.44
10841.05,1653.69,1474.44,1793.71,1.273,8.07,5.0,11.0,90.0
12967.92,8017.12,9998.0,988.16,0.919,0.413,20.03,17.57,75.17
86669.92,10498.5,2062.01,1557.94,3.272,4.732,5.0,10.0,90.0
71562.24,14249.84,6909.03,1822.99,5.508,2.616,11.79,10.0,76.05
33883.28,8026.0,9515.08,419.33,1.089,8.762,25.75,10.0,86.72
71916.66,24617.43,3941.75,1002.21,7.188,4.197,11.39,10.0,79.49
81321.1,8001.88,7477.12,1302.04,5.605,7.009,14.11,10.0,88.58
37611.49,11583.41,3833.14,697.17,7.51,3.643,15.49,10.0,75.24
13243.36,3478.63,3396.94,1492.52,3.643,3.364,7.13,10.0,87.17
93950.12,7255.04,2417.14,1425.36,4.071,3.326,5.0,10.0,86.55
41066.19,2159.97,8298.88,871.13,8.095,6.814,17.47,10.0,80.16
19583.36,14428.21,2945.18,221.51,2.743,9.646,21.73,10.0,90.0
54267.12,19025.55,3190.0,72.56,3.876,2.161,33.45,10.0,70.39
79162.1,5697.04,9990.21,770.23,0.234,6.475,20.17,10.0,90.0
29948.26,9829.86,3609.45,210.03,5.598,2.728,24.9,10.0,74.63
34254.1,1398.79,4516.36,1574.17,8.529,5.539,6.82,10.0,80.48
31844.35,21148.53,9905.53,701.94,0.376,5.462,22.91,10.0,90.0
99250.57,19719.12,4008.35,1348.89,6.177,4.555,8.83,10.0,82.33
27766.34,2518.1,3978.44,725.44,8.47,5.037,13.93,10.0,78.19
61796.82,9756.82,8363.29,1602.08,4.99,8.814,14.64,10.0,90.0
93273.82,23926.88,3463.34,1782.4,3.199,0.977,5.69,10.0,71.62
23220.69,10408.65,2720.97,1683.15,9.966,8.32,5.0,10.0,85.96
97376.88,13629.01,4520.5,994.72,0.742,4.677,12.89,10.0,90.0
95272.95,9525.83,7156.09,213.71,2.183,3.403,30.75,10.0,75.24
89611.48,15307.15,910.81,774.84,8.864,1.854,5.0,10.0,71.53
29310.09,24475.77,4052.2,877.69,3.043,8.167,13.17,10.0,90.0
67064.96,24940.06,3789.33,1922.5,8.216,5.961,5.9,10.0,83.34
78480.23,19593.16,2825.77,1152.72,3.399,7.311,7.16,10.0,90.0
98742.51,10703.47,6715.73,1299.65,8.139,3.218,13.86,10.0,74.86
26238.14,12866.37,3254.91,1574.91,6.889,3.99,6.25,10.0,78.89
78942.33,9561.55,6263.95,1157.99,4.738,9.145,14.35,10.0,90.0
40492.11,24653.79,5291.2,1217.04,5.277,9.616,12.77,10.0,90.0
25806.38,17986.25,2563.3,528.39,1.859,7.424,13.33,10.0,90.0
47923.92,11774.35,3032.38,164.79,1.247,7.519,24.35,10.0,89.44
81445.23,1290.77,2120.7,1456.7,7.198,6.975,5.0,10.0,89.05
51836.48,13491.6,1037.98,1704.94,8.501,5.913,5.0,10.0,83.97
58377.08,24614.28,6382.29,853.4,7.248,5.991,17.35,10.0,82.25
99564.35,13553.46,6891.49,1120.38,9.137,9.642,15.1,10.0,84.2
45919.84,5378.24,2077.0,649.21,8.912,7.534,8.97,10.0,83.25
65386.07,1530.25,6346.23,927.93,7.804,6.588,14.87,10.0,83.18
42871.98,9512.89,9829.81,457.33,8.991,1.972,26.85,10.0,70.51
45350.71,23037.47,1206.82,1531.78,1.756,9.773,5.0,10.0,90.0
72607.67,24917.3,5158.52,1009.23,7.34,5.251,13.85,10.0,83.35
94409.83,23688.83,7463.86,1116.96,7.561,9.443,16.39,10.0,87.22
58812.31,18506.08,937.09,122.32,1.624,7.164,17.75,10.0,90.0
79155.99,14395.43,7893.6,1263.68,9.105,0.497,16.23,10.0,65.3
18028.59,15176.47,9805.36,445.18,0.187,5.436,25.94,10.0,86.98
29004.22,13935.81,1340.63,797.62,4.403,8.938,5.0,10.0,90.0
55191.85,17969.18,8311.18,854.8,0.313,0.613,20.35,17.0,89.67
11801.06,11052.96,4096.52,925.03,5.281,8.681,12.04,10.0,90.0
32756.95,17060.9,1869.1,493.5,4.18,6.173,11.96,10.0,90.0
56566.12,3918.69,5185.34,1707.71,6.268,0.541,8.31,10.0,69.56
11346.51,7376.69,1179.43,884.31,7.688,3.799,5.0,10.0,76.97
33809.17,21064.07,5459.96,1243.66,7.709,0.399,12.29,10.0,65.93
56262.77,22689.97,683.89,1247.18,7.25,0.117,5.0,10.0,66.41
61583.43,13936.2,7421.81,1233.62,1.109,8.975,15.41,10.0,90.0
93317.65,1759.25,5135.71,1140.67,4.233,7.511,11.94,10.0,90.0
68081.11,23247.37,4859.93,1654.12,8.178,2.966,10.14,10.0,72.65
47326.22,17849.54,2363.82,1634.6,6.578,1.226,5.0,10.0,68.04
93731.61,10936.67,3932.0,863.43,6.842,0.639,11.97,10.0,69.49
80639.47,15361.09,2227.76,1289.9,2.347,9.181,5.0,10.0,90.0
28000.8,11314.6,7486.21,250.52,3.318,6.293,29.32,10.0,77.96
21775.81,12168.14,2390.74,227.01,9.563,1.69,20.4,10.0,69.45
70823.05,22283.44,6359.16,985.84,8.485,6.846,15.26,10.0,82.75
60389.48,4866.02,3156.27,1805.4,1.733,9.989,5.0,10.0,90.0
81070.63,3488.06,6741.33,1317.5,5.492,7.901,11.42,10.0,89.01
76492.45,1065.49,5634.32,1354.97,4.956,4.521,9.11,10.0,84.62
66269.04,8536.01,4522.67,357.46,4.492,8.16,21.82,10.0,87.22
98774.4,4537.93,6893.51,933.94,4.759,7.469,16.31,10.0,89.9
58023.08,6279.65,4449.36,831.54,6.465,0.978,13.68,10.0,67.53
20179.52,1269.74,8303.02,1576.81,9.675,9.264,12.19,10.0,86.28
84544.62,6452.69,7431.19,318.76,8.766,8.853,26.42,10.0,76.05
32666.8,8985.08,5636.07,1101.42,8.764,5.947,14.64,10.0,82.55
79957.19,1757.62,8832.08,1827.14,7.063,5.131,11.73,10.0,79.38
96139.64,15589.7,8374.19,1790.3,0.274,2.355,12.82,10.0,90.0
72711.6,14651.21,5552.47,1712.06,4.461,8.361,10.71,10.0,90.0
63642.71,3328.86,1150.25,781.22,5.16,4.376,5.0,10.0,86.07
51434.76,15280.23,5876.97,1885.15,8.441,5.835,9.51,10.0,82.61
42796.89,24967.69,3874.94,1620.34,9.236,1.784,7.81,10.0,69.0
41770.43,23667.25,5631.07,1709.73,4.57,2.217,9.51,10.0,76.31
67273.54,1064.1,6647.74,1868.09,3.075,9.853,9.21,10.0,90.0
77614.58,20089.08,6625.97,1877.15,3.44,4.991,11.4,10.0,90.0
71066.54,9486.53,6898.48,518.13,5.829,8.176,23.01,10.0,83.92
27856.91,2527.63,6953.05,298.99,2.822,8.314,26.41,10.0,82.33
54458.85,8103.6,1538.17,1397.21,9.116,9.817,5.0,10.0,90.0
81247.61,8721.68,2321.27,1148.27,4.245,9.831,6.0,10.0,90.0
52813.37,13557.86,6490.14,688.48,9.902,4.624,19.05,10.0,76.75
58296.1,16866.01,4377.64,1384.68,1.184,9.508,9.73,10.0,90.0
79402.24,18977.33,7747.09,170.89,1.96,3.718,33.15,10.0,75.28
69513.88,6901.67,1686.64,142.06,5.165,6.116,21.11,10.0,84.43
46841.04,8722.49,2319.47,740.91,8.696,8.235,8.77,10.0,84.52
90587.14,8401.16,5805.41,428.0,3.604,9.146,21.38,10.0,89.72
24631.04,9705.68,5257.11,1451.18,8.391,5.286,10.18,10.0,78.89
99596.48,24991.75,3030.77,1898.64,4.312,4.237,5.0,10.0,88.25
20696.73,19670.64,4379.26,1340.17,8.545,7.312,9.68,10.0,87.23
11345.5,24399.77,832.32,1326.83,2.847,4.614,5.0,10.0,90.0
90101.7,17634.67,851.86,62.86,4.772,6.751,22.4,10.0,85.84
32045.82,10750.5,1401.81,1048.94,2.859,8.062,5.0,10.0,90.0
75672.97,10353.86,5979.53,1643.35,2.231,8.427,10.45,10.0,90.0
82991.38,12725.95,8705.31,1325.53,4.269,2.618,15.34,10.0,78.39
87308.78,11004.87,2972.12,494.18,3.414,5.757,15.14,10.0,90.0
99243.48,20879.83,822.43,1704.53,7.893,0.348,5.0,10.0,67.01
36463.57,12160.05,7231.96,1930.53,7.502,7.998,12.0,10.0,88.16
73921.9,8094.74,8625.85,594.04,3.65,1.338,22.72,10.0,70.62
20385.99,19596.65,1812.64,453.83,9.924,8.73,11.68,10.0,84.52
46612.84,21506.09,4164.6,710.13,9.741,4.127,15.16,10.0,73.73
86317.45,11090.29,2008.0,173.16,9.187,1.756,20.63,10.0,67.94
43089.22,17027.41,1510.4,1753.19,5.906,7.979,5.0,10.0,90.0
63198.58,2411.31,6657.6,1862.13,4.182,2.083,8.89,10.0,78.63
55339.61,13707.16,9691.6,1284.94,3.199,4.005,17.65,10.0,86.32
68135.64,2079.55,6942.57,1540.45,0.249,5.712,11.46,10.0,90.0
97560.5,1700.58,9855.74,1353.87,6.355,3.664,14.9,10.0,77.35
15016.2,15710.2,4626.76,785.84,5.576,1.872,14.46,10.0,72.11
61656.54,8280.05,9029.76,1282.48,6.336,4.12,16.4,10.0,78.77
87672.59,18820.89,2448.3,1680.82,5.802,1.528,5.0,10.0,74.16
53324.44,22505.98,1620.09,1629.32,1.463,7.22,5.0,10.0,90.0
17067.45,4345.39,7173.94,208.06,6.984,1.798,30.75,10.0,70.09
60448.54,18388.55,4028.38,952.07,3.668,4.876,12.84,10.0,90.0
39886.65,13348.48,3518.03,824.78,5.211,5.648,13.2,10.0,86.39
23944.76,3690.86,6877.17,1516.42,3.72,9.456,13.22,10.0,90.0
86413.11,16638.22,3668.1,1027.68,0.318,0.875,11.02,20.74,90.0
56943.96,15627.2,5939.3,731.92,8.778,9.312,18.16,10.0,83.83
93994.88,13375.4,3344.82,1427.38,1.572,2.161,6.51,10.0,90.0
82541.49,23235.31,7945.7,973.48,5.864,8.425,17.65,10.0,88.15
72367.46,13505.91,3467.69,550.42,8.843,0.996,14.93,10.0,68.26
10452.3,24772.36,5582.44,1786.31,2.291,9.888,9.9,10.0,90.0
48504.11,13221.49,720.17,270.44,4.179,8.096,8.61,10.0,90.0
27773.77,3780.45,8021.44,85.27,3.84,0.723,39.23,10.0,67.31
91971.81,12291.31,6393.21,330.63,0.983,2.22,25.56,10.0,84.21
25712.56,5375.89,2326.25,369.1,4.293,5.531,16.21,10.0,86.52
35745.4,15331.2,2546.05,1099.18,4.847,5.283,6.55,10.0,89.53
56515.31,17635.17,2993.68,1268.49,0.363,6.33,7.39,10.0,90.0
33702.73,12242.45,5977.04,924.79,4.933,4.689,16.24,10.0,84.99
28887.82,3344.87,5709.01,448.13,1.029,7.368,21.46,10.0,90.0
63918.94,12247.39,3101.71,307.77,8.935,3.55,18.82,10.0,74.99
18003.66,2954.9,7093.59,1009.7,6.537,1.846,16.2,10.0,72.18
15235.1,17371.02,8945.89,1152.69,0.659,0.434,17.5,16.65,78.28
43502.08,19968.84,913.4,642.72,8.288,3.315,5.0,10.0,74.34
74859.8,24097.13,4463.37,479.86,3.68,4.326,19.29,10.0,85.55
59932.61,4571.25,6138.44,207.16,2.334,6.625,29.01,10.0,78.1
48058.88,13778.09,6071.13,101.18,2.614,8.084,35.92,10.0,75.57
60917.64,14620.9,685.59,256.19,6.017,2.477,8.4,10.0,74.98
42890.63,23139.44,2500.38,1497.05,0.907,4.983,5.0,10.0,90.0
94253.17,16054.64,1087.39,720.84,0.682,2.414,5.0,13.63,90.0
14941.44,4492.23,5905.17,103.47,6.312,9.517,35.67,10.0,72.2
70605.23,11472.43,6631.2,1040.92,9.821,6.511,16.02,10.0,79.58
90215.44,16714.3,2017.55,1095.33,4.886,6.811,5.98,10.0,90.0
82349.62,17806.83,3663.61,885.94,4.192,5.359,11.72,10.0,90.0
26563.69,21713.78,3633.14,265.83,9.477,2.89,22.65,10.0,69.57
36633.37,5332.17,8288.12,1522.19,2.486,2.084,16.03,10.0,83.18
74534.31,23837.01,2349.26,1393.71,2.481,6.601,5.0,10.0,90.0
17584.35,2419.35,5708.98,819.72,9.061,9.225,16.49,10.0,83.12
83067.55,24610.29,7937.89,792.59,6.505,2.208,19.96,10.0,71.5
74701.63,21586.41,8380.99,354.07,0.632,5.76,27.46,10.0,86.23
75664.6,16846.55,6832.38,1519.42,6.772,5.34,13.74,10.0,82.54
19021.72,18639.89,3345.51,1219.17,8.218,6.452,9.13,10.0,84.18
74598.45,2744.61,8318.94,217.3,2.812,5.919,29.61,10.0,76.4
71183.63,1995.52,7550.58,787.22,3.891,2.801,16.79,10.0,78.64
84783.02,3442.38,7192.46,1811.94,2.057,6.945,9.6,10.0,90.0
13743.64,3096.64,1139.69,932.13,6.37,2.799,5.0,10.0,74.89
12079.96,14137.15,911.02,683.61,6.676,6.565,5.0,10.0,86.06
43570.64,6170.66,7105.97,1305.38,0.779,3.069,14.98,10.0,90.0
23390.95,21644.94,9475.55,445.8,6.809,0.916,26.39,10.0,68.23
60254.6,11697.97,7850.38,1071.42,6.619,1.36,17.54,10.0,71.37
92561.4,17692.25,8399.02,1355.57,0.448,8.358,14.92,10.0,90.0
45233.18,16668.95,5677.33,1717.01,5.598,1.301,10.04,10.0,70.74
86045.53,8676.47,3393.57,1400.38,6.178,3.372,7.49,10.0,79.01
10021.68,6836.02,6938.5,799.6,4.359,2.948,19.75,10.0,76.83
25166.32,9218.95,7263.72,1547.21,9.023,0.673,13.27,10.0,68.05
12738.12,20119.8,6915.9,1801.88,3.351,6.035,12.06,10.0,90.0
39533.25,15070.64,9493.74,981.64,0.765,8.008,20.29,10.0,90.0
91737.06,7084.93,3988.2,58.78,6.751,9.924,35.8,10.0,70.65
18725.69,20628.31,876.75,1767.79,6.092,9.367,5.0,10.0,90.0
64576.88,2314.23,9130.22,372.61,9.892,0.588,25.6,10.0,66.63
50634.63,17780.4,2024.74,296.33,2.39,2.649,17.36,10.0,86.12
94462.14,11538.42,7124.52,649.97,4.015,4.18,19.77,10.0,83.63
21026.72,18550.97,8795.44,790.97,4.666,8.763,20.24,10.0,88.37
29082.51,23259.07,3446.34,1608.78,8.629,3.665,7.5,10.0,75.65
12658.78,19000.82,8388.94,808.91,4.204,5.746,20.46,10.0,86.2
49054.17,11607.17,3654.55,145.2,7.744,6.63,27.26,10.0,76.94
35004.96,4623.42,8045.45,1290.13,1.654,3.05,14.86,10.0,90.0
88291.53,20352.42,1163.38,1358.88,4.157,5.861,5.0,10.0,90.0
64444.67,12056.93,6724.81,1637.73,1.634,0.604,13.1,10.0,74.62
65268.17,2807.5,6932.81,827.79,9.502,4.854,16.41,10.0,75.08
57871.96,18257.33,5168.55,217.84,1.86,3.848,27.14,10.0,80.53
18266.53,8004.45,7027.36,1128.47,4.249,3.622,16.62,10.0,82.98
50051.68,2173.32,9270.24,285.94,0.914,2.425,28.33,10.0,80.88
99955.47,22666.02,7471.62,83.3,9.222,8.196,38.74,10.0,70.27
85170.64,12594.43,9632.31,1568.24,6.276,8.831,16.03,10.0,90.0
90411.31,7743.07,4761.82,836.65,9.628,8.892,14.53,10.0,84.79
84090.37,18193.28,5518.76,1073.76,0.518,4.021,14.36,10.0,90.0
19273.75,22261.66,3005.52,1342.56,1.832,2.666,6.83,10.0,90.0
30470.34,1007.37,9863.22,832.0,3.862,1.074,19.02,10.71,71.98
10280.95,17508.45,1023.8,149.71,6.251,6.757,16.16,10.0,86.58
37315.91,19408.28,3906.89,542.85,3.362,3.369,17.13,10.0,83.2
19774.67,6038.26,3328.12,428.97,7.148,2.839,17.69,10.0,72.47
52551.4,12750.97,4171.86,1955.92,1.735,3.777,6.68,10.0,90.0
70941.47,3142.86,9218.32,1492.04,6.046,5.592,13.6,10.0,85.63
88705.48,18922.0,3996.36,930.52,4.04,1.703,13.14,10.0,74.71
77429.54,21338.94,9211.28,173.57,5.132,9.617,33.72,10.0,73.68
94472.7,3596.48,4521.72,275.91,5.739,7.353,22.49,10.0,80.88
14850.85,20595.05,8620.3,1635.15,0.693,0.563,13.95,14.6,82.35
11096.19,19517.68,5456.63,1893.63,9.248,3.137,9.04,10.0,73.7
69520.43,9325.92,3457.85,111.13,7.882,0.598,29.09,10.0,67.6
36041.72,17566.95,4768.82,1825.27,4.48,2.372,8.09,10.0,77.62
32815.09,1001.15,4531.62,792.1,5.52,2.937,12.61,10.0,76.44
39779.84,23363.14,2969.18,466.58,0.422,7.208,15.51,10.0,90.0
34281.65,14209.2,3251.57,249.35,5.03,7.216,22.71,10.0,84.93
56029.28,15888.13,2271.31,1554.91,4.321,0.549,5.0,10.0,66.83
49613.36,16951.83,3692.01,964.38,3.807,5.922,11.89,10.0,90.0
56118.57,14472.86,6431.86,1673.23,8.172,9.613,11.99,10.0,89.16
70544.23,21562.33,4172.3,491.01,1.901,6.321,18.84,10.0,90.0
44841.75,15632.84,7267.07,1373.21,1.845,9.609,14.37,10.0,90.0
32617.69,22786.24,9876.29,280.34,5.265,3.868,30.34,10.0,73.62
24958.05,14975.96,4082.46,225.01,6.903,4.652,24.34,10.0,76.0
41452.67,5106.94,4895.07,310.13,0.322,5.005,23.02,10.0,90.0
76762.58,22925.5,2059.05,1627.36,5.504,9.247,5.0,10.0,90.0
78103.44,17359.06,4226.05,1328.46,3.057,3.865,10.04,10.0,89.16
70021.48,17781.74,7404.91,373.63,7.593,9.836,25.1,10.0,80.3
31062.54,24651.56,2565.35,800.31,4.742,5.477,9.97,10.0,89.35
62927.76,2804.72,2229.51,1539.19,8.357,2.259,5.0,10.0,72.7
61362.07,11286.22,4075.56,607.07,4.03,1.127,16.2,10.0,70.54
53583.96,6738.29,8277.17,1846.46,8.288,1.811,12.55,10.0,67.63
59498.11,16130.24,6424.74,1833.48,7.193,0.489,11.41,10.0,66.82
54261.16,20363.48,9597.0,1128.16,8.3,6.954,18.76,10.0,82.43
60891.07,24191.46,9093.13,1282.35,8.143,5.217,17.28,10.0,79.06
74395.54,11910.31,1935.8,1323.78,4.915,7.405,5.0,10.0,90.0
19866.54,19869.24,904.25,554.01,3.744,7.844,5.0,10.0,90.0
77466.32,23009.24,4291.4,762.38,7.675,9.32,15.05,10.0,88.1
22229.75,17399.81,5459.76,315.09,3.679,1.258,24.83,10.0,72.54
15996.52,6825.58,5397.92,1853.5,0.985,1.942,9.01,10.92,90.0
97847.17,15588.5,1774.02,1461.51,8.603,5.528,5.0,10.0,82.52
96129.26,24278.85,1685.77,140.39,4.032,1.382,22.51,10.0,73.03
15439.29,24701.29,945.18,1121.31,1.413,1.018,5.0,11.24,85.52
49892.81,16416.64,8583.17,718.99,6.5,6.697,22.29,10.0,81.32
26762.04,22287.71,9503.57,1639.81,8.909,7.275,14.27,10.0,83.56
53681.04,5808.38,1599.01,720.41,8.624,8.45,6.5,10.0,86.56
84715.95,6905.89,2524.66,1306.09,5.589,9.166,5.1,10.0,90.0
95555.06,23869.3,1353.7,373.19,0.972,4.481,11.25,10.0,90.0
67082.74,4245.65,8836.27,1139.57,6.996,9.801,16.04,10.0,90.0
41851.51,5586.55,9607.73,623.08,6.127,0.475,23.26,10.0,68.02
64299.3,11093.17,2987.07,371.53,2.18,8.714,18.5,10.0,90.0
38080.12,15150.02,3384.05,1257.56,9.015,3.283,7.72,10.0,71.79
91884.13,15491.61,3945.36,1295.35,0.958,9.225,9.38,10.0,90.0
88336.04,8007.42,5273.41,1967.54,3.793,2.304,7.9,10.0,81.55
60240.86,23094.73,6983.38,1354.76,1.036,7.436,13.87,10.0,90.0
39231.9,22962.4,5291.71,1055.63,9.128,4.312,13.96,10.0,75.39
36405.07,10409.63,9534.52,1829.61,0.45,3.877,13.24,10.0,90.0
13007.62,11423.0,1448.99,1665.15,4.315,0.688,5.0,10.0,71.3
83423.88,17859.93,8086.75,1120.06,8.632,7.089,17.65,10.0,82.01
50534.49,16911.9,3677.59,1047.13,2.589,1.836,10.94,10.0,82.25
39261.96,10175.13,4086.7,1886.84,1.14,4.684,6.4,10.0,90.0
52399.93,10941.86,7233.88,1253.4,1.357,1.499,15.55,10.0,84.2
83686.42,9352.93,9329.08,1441.87,4.109,6.084,16.48,10.0,89.92
21215.28,6649.24,7303.91,219.02,4.343,2.388,31.26,10.0,71.84
87189.04,11995.32,7870.68,1450.7,7.209,5.985,13.45,10.0,83.52
90775.8,17474.42,7632.4,566.13,2.455,9.471,23.11,10.0,90.0
95203.71,18807.2,3549.3,275.3,7.048,9.217,21.45,10.0,85.34
45773.92,19692.97,7690.84,1706.85,9.99,2.085,13.15,10.0,69.81
29542.64,9993.57,7952.95,1397.82,8.656,1.082,15.31,10.0,68.31
43627.67,19351.26,5567.3,844.75,6.392,0.522,17.11,10.0,67.76
39962.09,1156.39,5599.18,891.26,9.405,8.302,14.19,10.0,84.6
25853.85,12449.2,7717.35,434.38,9.912,2.568,25.06,10.0,71.73
64654.0,20053.71,8261.79,68.62,5.746,2.911,41.09,10.0,66.88
52896.17,16121.07,3703.36,731.25,2.809,2.34,13.14,10.0,84.06
87913.09,12377.51,8114.84,339.41,9.158,8.417,26.85,10.0,76.13
12889.86,16471.41,8234.99,872.37,8.458,9.791,20.17,10.0,87.6
67948.11,22766.7,2724.19,1675.96,0.938,7.576,5.0,10.0,90.0
78665.4,14593.16,7311.03,273.77,9.37,8.253,29.17,10.0,74.0
78353.79,20194.87,2272.07,228.92,3.726,6.243,19.45,10.0,87.9
89746.66,24537.83,1383.97,1809.1,3.289,5.335,5.0,10.0,90.0
75613.04,17933.64,5958.16,1503.02,3.498,7.244,11.91,10.0,90.0
93502.91,14759.82,9132.2,153.49,3.268,0.454,35.9,10.0,67.41
39939.09,1899.66,836.86,205.16,5.209,0.708,10.09,15.67,69.93
55288.85,9987.47,8351.77,1385.6,5.84,6.904,15.34,10.0,87.29
11267.17,14570.63,5311.48,772.17,4.314,3.417,17.32,10.0,82.85
10626.18,20132.96,8678.51,1462.14,4.185,4.939,14.39,10.0,86.18
31611.4,11514.51,8513.03,838.69,7.399,7.842,19.97,10.0,82.49
19072.65,24041.4,8815.22,1937.18,0.13,5.814,12.29,10.0,90.0
33419.02,7523.05,7804.3,1404.11,9.474,8.072,14.74,10.0,83.56
25933.9,18869.61,8508.43,140.9,7.173,4.25,35.36,10.0,69.38
12566.8,11056.75,2172.24,694.48,7.102,2.945,10.16,10.0,73.93
91837.37,12663.72,3386.6,1149.03,4.277,2.425,9.33,10.0,79.46
10740.08,20260.05,2803.62,326.65,9.661,1.404,18.5,10.0,69.78
76247.39,8109.17,7553.07,54.91,0.103,0.464,41.8,36.46,67.94
23693.31,3323.49,1959.61,204.65,0.857,0.626,19.38,42.81,77.84
92100.67,13486.13,2231.16,1072.31,8.06,2.783,6.75,10.0,73.51
90351.63,13691.07,8850.16,1282.9,7.413,2.856,16.03,10.0,74.13
68851.1,20132.03,7205.88,231.16,2.786,3.88,29.01,10.0,75.14
70501.07,24239.66,8816.11,1347.06,5.988,5.957,15.3,10.0,87.19
10480.52,2327.22,1823.87,1253.39,5.367,7.617,5.0,10.0,90.0
98638.44,15200.55,4290.31,1882.8,5.318,2.057,6.9,10.0,74.1
89004.93,17350.68,3189.94,1689.32,5.996,7.617,5.0,10.0,90.0
90559.56,24659.23,591.97,1889.32,9.938,1.476,5.0,10.0,68.05
69332.01,23622.17,3202.97,1933.91,9.875,9.888,5.0,10.0,90.0
41030.82,18098.82,4106.04,909.58,9.819,2.922,11.95,10.0,70.85
90428.38,13522.95,1376.09,1001.43,5.532,8.39,5.0,10.0,90.0
36236.52,4876.57,5881.63,599.16,3.249,1.986,20.25,10.0,76.96
60644.04,10220.24,4140.14,1041.44,5.645,9.511,12.7,10.0,90.0
18975.79,15042.94,941.39,343.89,6.265,8.284,9.44,10.0,90.0
92976.01,18404.81,7187.8,1359.29,3.183,3.658,15.5,10.0,88.81
22669.34,16249.59,7428.16,98.62,6.364,4.273,37.6,10.0,72.28
30240.71,18138.95,8427.48,509.47,6.258,0.138,24.72,10.0,66.09
60232.07,11299.66,5112.64,455.74,9.044,2.589,20.69,10.0,70.82
78768.37,18463.05,9702.26,1878.88,2.452,2.964,14.45,10.0,90.0
65741.62,4449.79,9183.61,332.56,7.006,4.582,26.88,10.0,72.33
30892.05,4902.07,5737.84,1787.01,4.563,1.477,9.06,10.0,71.77
10084.87,4907.97,4727.04,292.5,1.386,4.84,23.35,10.0,90.0
78143.55,22380.76,528.83,1318.86,3.23,6.718,5.0,10.0,90.0
98668.66,2824.82,7254.45,673.78,0.667,3.776,18.71,10.0,90.0
82892.18,20236.2,5867.07,666.2,3.261,2.399,19.47,10.0,80.63
51418.6,6605.7,9406.67,1996.63,0.783,5.522,12.85,10.0,90.0
91339.05,12242.32,6145.21,490.78,9.262,0.387,21.2,10.0,68.38
46886.29,22982.96,9932.13,444.99,1.107,3.474,26.86,10.0,81.49
57244.07,15062.49,8611.28,1199.2,8.192,5.323,17.39,10.0,77.8
52941.68,6042.82,9559.18,1494.47,9.071,3.425,16.4,10.0,73.94
50286.15,7818.16,3612.8,1965.88,4.73,3.52,5.14,10.0,82.32
79767.17,23090.72,1918.69,1417.76,0.634,8.498,5.0,10.0,90.0
57409.2,11251.45,8070.29,1145.65,5.998,9.347,16.71,10.0,90.0
38504.54,15087.65,7968.87,847.81,2.424,8.291,20.11,10.0,90.0
33234.24,12038.37,2508.76,1210.47,1.849,1.079,6.98,10.0,79.58
13397.26,10082.51,7765.07,1221.63,5.711,2.968,15.62,10.0,77.61
62487.56,6358.7,6028.75,474.54,3.628,7.142,21.73,10.0,88.4
30696.53,17468.6,1540.49,1358.86,7.331,9.746,5.0,10.0,90.0
23332.05,18237.81,5266.94,448.63,5.953,2.499,21.75,10.0,72.48
68844.7,7597.24,9345.81,1005.41,8.31,8.992,18.72,10.0,83.24
71308.83,19936.26,5311.35,556.75,0.678,7.416,19.08,10.0,90.0
77693.94,21508.84,7992.64,659.96,2.426,9.836,20.53,10.0,90.0
55321.92,23096.2,774.64,1247.06,5.713,1.026,5.0,10.0,69.35
90464.91,4869.1,7416.77,175.75,8.816,4.008,30.6,10.0,70.14
94270.85,8294.17,9494.96,73.47,8.153,4.833,41.56,10.0,69.5
82663.38,21648.48,5245.51,304.71,6.827,6.754,25.01,10.0,78.78
67203.41,5764.96,3708.24,378.98,5.783,6.574,18.56,10.0,85.63
37334.89,1083.24,6643.18,435.85,6.351,9.073,21.19,10.0,85.03
98465.04,21899.86,9204.48,1559.17,2.215,8.403,15.55,10.0,90.0
34672.26,8834.79,2179.31,921.37,5.992,0.648,7.93,10.0,66.59
28239.12,10947.94,4335.09,966.38,4.988,4.917,13.22,10.0,87.17
49793.87,11712.02,1984.76,1306.45,3.906,4.13,5.0,10.0,90.0
15115.65,21358.59,5218.22,1471.76,8.889,9.972,11.24,10.0,90.0
98064.5,9109.41,5634.01,56.84,8.311,4.33,39.5,10.0,69.16
62959.02,22414.72,9469.93,1720.61,0.86,6.858,15.13,10.0,90.0
60125.69,15806.54,4418.89,1977.45,9.859,2.916,6.74,10.0,71.62
69021.67,13654.88,5886.09,287.52,2.377,6.185,25.43,10.0,83.59
54732.13,8814.75,8909.99,1319.61,2.232,2.146,16.37,10.0,85.61
12885.72,6849.08,3553.35,54.71,9.444,6.076,36.54,10.0,70.79
65108.02,15977.4,6904.56,145.61,4.504,8.695,32.95,10.0,74.82
74455.65,11725.46,7693.04,605.75,8.073,0.29,21.13,10.0,66.17
47507.42,22852.38,3640.02,1700.49,2.953,5.095,6.18,10.0,90.0
78156.6,12799.33,2061.24,1322.38,8.744,9.825,5.0,10.0,87.73
30430.12,13283.08,5277.64,919.35,8.34,1.677,15.35,10.0,69.4
29914.89,11001.36,3889.62,905.27,5.243,1.916,12.51,10.0,71.76
24527.53,19942.31,3031.39,958.8,7.08,4.761,9.47,10.0,83.49
43479.53,11196.14,9747.5,656.51,9.644,8.723,23.44,10.0,80.01
86231.08,7464.21,5270.45,1761.54,4.575,5.671,8.77,10.0,90.0
84512.09,21688.74,8636.54,1157.34,4.993,5.136,17.56,10.0,83.54
44454.18,15323.88,2355.52,993.7,7.256,0.959,8.65,10.0,68.51
63020.69,15196.25,9424.71,956.9,3.926,9.624,19.98,10.0,90.0
74873.47,15659.73,8047.1,1874.86,9.616,3.536,12.14,10.0,72.55
31708.61,18252.15,8182.58,1461.14,0.5,2.593,14.21,10.0,90.0
25132.7,8513.63,4202.77,332.39,4.093,4.176,21.66,10.0,83.09
97488.64,1812.26,5113.55,902.09,7.167,4.2,12.83,10.0,77.01
65580.16,20454.24,6136.87,612.33,4.351,4.639,20.33,10.0,83.28
98327.41,4093.72,8002.77,1974.39,2.667,6.917,9.84,10.0,90.0
40398.04,18323.67,8566.04,860.02,4.193,8.693,19.4,10.0,90.0
73272.85,2975.57,1241.43,182.35,8.827,0.667,14.92,10.0,68.56
30034.33,10007.39,9088.59,851.86,5.515,4.959,20.16,10.0,83.33
33508.02,2512.63,9406.22,676.63,3.418,4.198,21.64,10.0,83.41
56071.19,13533.13,6132.43,1219.19,6.748,0.208,13.47,10.0,68.41
38765.63,16675.26,2274.13,490.85,6.157,8.183,13.0,10.0,90.0
25085.94,5114.4,8274.94,120.15,5.648,1.133,36.3,10.0,66.8
33659.26,9919.06,5711.58,236.97,3.972,1.236,27.74,10.0,70.75
13217.36,23325.75,8263.37,602.14,0.815,0.578,22.64,14.0,77.6
73398.13,11617.34,8240.68,729.23,6.245,2.084,20.21,10.0,73.3
54290.5,20261.05,1323.93,1677.18,4.256,1.85,5.0,10.0,75.95
18481.88,23252.43,6266.7,576.64,4.345,3.544,20.53,10.0,79.72
25452.46,24384.3,5089.87,111.41,2.417,6.627,32.44,10.0,73.59
19228.11,22559.73,9488.13,1572.43,2.569,0.638,15.37,10.0,70.5
65133.35,8617.73,3318.09,1744.39,7.896,8.617,5.4,10.0,89.72
18478.93,24101.75,2457.0,1010.0,4.846,3.333,7.09,10.0,82.88
77885.41,20497.49,9022.33,605.61,1.182,6.105,23.76,10.0,89.94
11845.98,21092.21,1912.8,1555.67,0.554,0.219,5.0,34.35,77.66
32443.82,1364.15,7021.93,67.35,2.325,3.721,38.9,10.0,68.41
90160.0,23901.73,3350.19,1851.86,4.926,0.12,5.36,10.0,65.28
74667.82,19674.17,5894.53,1737.79,6.211,1.738,10.7,10.0,72.29
16567.15,19431.22,6354.08,1112.42,1.522,4.534,15.22,10.0,90.0
83901.35,2956.59,4465.01,591.28,4.395,5.397,15.74,10.0,87.19
54373.16,6581.64,9762.17,114.05,0.818,1.614,37.98,10.0,69.48
86210.47,24094.28,1752.42,1999.66,0.473,7.478,5.0,10.0,90.0
64066.58,13016.25,4218.29,1536.04,8.647,1.971,8.68,10.0,70.77
71364.97,10548.59,4588.76,710.48,6.618,1.247,16.26,10.0,71.0
99415.14,21158.58,6494.95,87.58,7.833,3.401,36.45,10.0,69.9
30910.2,3096.17,4368.97,1296.62,1.901,5.559,10.1,10.0,90.0
66155.1,11006.61,1421.84,1974.46,3.289,9.89,5.0,10.0,90.0
51428.93,10016.82,9500.58,1428.79,4.494,4.245,15.98,10.0,83.25
13550.68,9396.43,4452.75,213.24,6.615,4.317,26.29,10.0,74.08
11302.36,8384.61,3755.4,834.44,5.395,0.687,12.08,10.0,68.81
20730.57,6041.8,4743.86,262.91,5.559,7.682,25.05,10.0,82.32
68418.26,5149.86,2557.66,1828.71,1.654,1.9,5.0,11.89,90.0
61044.68,16369.75,1452.11,694.31,4.8,7.474,6.01,10.0,90.0
59808.66,23065.48,1911.5,1480.08,8.256,9.115,5.0,10.0,89.97
12867.11,13212.44,2083.22,215.15,5.144,7.705,19.37,10.0,88.19
52237.27,8151.39,2377.9,300.41,2.077,6.46,17.65,10.0,90.0
93216.05,4819.84,4489.62,1375.0,4.193,6.079,8.46,10.0,90.0
45783.27,20923.44,6427.04,1694.79,7.573,4.591,11.49,10.0,78.79
66243.02,24315.81,6474.43,442.83,1.436,1.531,23.28,10.0,81.09
80183.68,9379.73,500.93,865.76,5.847,7.811,5.0,10.0,90.0
80553.28,7982.81,9249.1,1257.86,9.657,4.825,16.68,10.0,78.35
56735.21,15435.83,8317.05,1602.74,3.865,6.294,13.07,10.0,90.0
87215.68,19607.9,9657.41,1274.98,0.532,3.803,17.24,10.0,90.0
45224.03,11929.67,3919.87,236.08,6.368,2.087,25.2,10.0,72.97
89982.39,16121.76,6815.59,1108.5,0.566,8.084,16.04,10.0,90.0
31620.44,18197.18,2096.2,1774.98,1.997,3.49,5.0,10.0,90.0
35219.48,24054.21,8261.81,1742.65,0.579,8.68,13.19,10.0,90.0
14780.86,4960.9,2032.99,1190.78,1.789,9.661,5.0,10.0,90.0
81602.37,24937.18,3596.86,1991.61,8.564,8.317,5.28,10.0,87.61
47534.97,10411.76,5162.93,254.99,7.375,1.369,26.4,10.0,68.09
30620.5,18356.8,6148.05,983.26,3.484,8.565,16.68,10.0,90.0
30861.12,14737.95,5816.51,1561.49,8.982,5.242,10.87,10.0,79.74
91125.99,12680.05,1469.91,325.02,6.685,2.49,12.93,10.0,75.82
85052.49,17753.81,4505.92,1946.86,4.533,1.022,6.24,10.0,69.83
59817.78,10498.09,9267.64,740.39,0.776,2.857,21.95,10.0,90.0
65449.97,4026.64,8787.5,732.77,7.334,1.461,19.82,10.0,69.86
52689.3,12733.44,6112.44,465.73,3.818,0.354,22.23,10.0,66.32
45249.99,13525.98,5937.08,611.63,3.098,9.879,19.96,10.0,90.0
92392.92,5845.65,1560.91,1176.3,2.954,8.332,5.0,10.0,90.0
21305.14,23454.86,2402.46,887.24,0.176,7.416,7.95,10.0,90.0
47660.21,6459.42,2900.08,427.09,7.452,2.011,15.86,10.0,71.36
41010.57,10821.46,5137.86,1627.82,1.539,0.375,10.04,10.24,70.72
54833.56,4718.31,7447.88,171.37,5.254,4.904,32.56,10.0,72.39
51186.87,13859.12,4876.89,1677.57,0.259,7.443,8.72,10.0,90.0
56700.06,8383.3,1697.58,586.13,6.316,9.632,8.63,10.0,90.0
22592.71,12742.54,4673.81,1017.01,3.758,8.454,13.24,10.0,90.0
56182.74,6390.81,2045.02,793.08,6.344,8.946,9.53,10.0,90.0
31817.69,2290.6,7635.9,1162.67,0.99,2.463,14.22,10.0,90.0
26589.82,19701.44,2081.76,1602.18,2.737,1.638,5.0,10.0,80.52
15835.08,16386.07,5084.07,1979.17,1.192,2.553,8.06,10.0,90.0
78638.73,9177.74,7087.43,646.82,6.496,1.472,20.13,10.0,70.72
48469.77,2139.86,2667.88,1129.92,1.175,8.005,5.0,10.0,90.0
66397.93,21773.8,1222.29,958.71,6.209,9.04,5.0,10.0,90.0
75483.4,5075.08,5851.35,1997.91,1.433,3.143,7.75,10.0,90.0
71138.5,23337.81,1014.93,1627.38,9.439,8.782,5.0,10.0,88.42
52345.06,12486.29,6083.8,824.31,4.222,0.645,17.27,10.0,67.61
44910.87,9169.28,7658.24,979.91,1.353,6.806,17.26,10.0,90.0
43836.39,18802.23,3628.5,529.62,0.514,5.322,16.43,10.0,90.0
67604.39,22044.15,5139.32,1522.73,3.361,2.84,9.71,10.0,86.02
54531.49,9897.13,9323.24,1698.16,8.925,7.705,15.76,10.0,81.03
86421.9,10776.25,4975.53,1931.72,1.524,2.199,8.02,10.0,90.0
88723.18,11395.8,9967.26,1153.37,7.929,4.22,18.24,10.0,75.28
25350.43,23135.75,1991.52,1357.83,4.232,7.128,5.0,10.0,90.0
22261.03,17621.54,7234.87,919.81,8.049,3.448,17.82,10.0,75.9
66736.08,6943.51,6699.88,1237.8,8.755,8.568,14.39,10.0,85.67
37110.32,5439.99,8786.9,730.06,9.978,8.668,22.12,10.0,82.04
11671.36,6528.82,1378.21,1488.49,0.775,2.105,5.0,25.54,90.0
89977.84,7325.53,3161.96,94.27,7.983,4.46,28.9,10.0,72.38
30421.07,6524.4,1755.7,105.49,0.79,4.377,24.27,13.75,87.89
93635.26,16804.15,9364.4,1446.44,3.216,4.159,16.66,10.0,89.01
74569.1,3782.4,4553.04,1864.83,6.498,5.07,5.21,10.0,83.25
78638.81,10296.6,9145.63,1282.89,4.528,0.836,16.61,10.0,66.11
28131.53,16001.29,3296.87,1466.73,5.696,8.713,6.83,10.0,90.0
31077.5,7980.64,1700.5,1656.67,9.665,2.97,5.0,10.0,74.2
56914.1,2566.59,3317.1,755.26,8.205,0.118,11.25,10.0,66.81
25488.99,2963.77,6173.16,260.82,3.7,6.883,27.66,10.0,82.1
37488.85,4023.2,8529.71,1869.53,6.039,6.54,12.75,10.0,89.63
38931.62,21060.23,4161.21,1880.21,0.58,9.833,6.32,10.0,90.0
24366.69,16788.72,9190.68,911.59,4.584,7.221,19.84,10.0,87.24
28466.46,2548.54,2820.2,473.48,6.123,3.394,14.22,10.0,76.23
80969.67,10385.65,7088.64,1790.09,7.176,9.531,11.28,10.0,90.0
25047.63,7686.04,7489.28,1431.43,9.025,3.717,14.62,10.0,73.38
12561.17,14872.96,3102.65,66.05,2.902,8.23,32.68,10.0,73.05
66641.94,13547.34,756.21,260.05,9.031,3.423,8.83,10.0,73.33
97838.48,12546.98,3969.75,1967.24,6.649,0.582,6.21,10.0,67.54
39809.24,8548.3,929.36,124.35,0.869,7.364,17.66,13.09,90.0
20679.01,4307.19,9057.16,600.98,3.865,3.567,23.0,10.0,79.44
61334.86,18817.03,9558.49,1119.57,4.818,3.455,18.07,10.0,80.2
91571.88,22116.56,7486.11,409.49,3.59,7.187,25.89,10.0,83.9
80565.56,23659.62,7403.5,502.51,1.248,3.288,23.44,10.0,89.17
66026.43,2406.86,2788.48,738.29,5.561,1.268,9.13,10.0,71.39
38355.08,18757.81,1202.29,575.63,1.404,4.105,6.31,10.0,90.0
58769.22,18436.08,8119.99,1616.54,9.159,8.256,14.46,10.0,84.67
18212.04,23730.63,5812.04,1025.54,8.666,1.389,14.58,10.0,67.64
71105.09,7069.95,6975.46,593.31,4.805,5.589,20.38,10.0,83.4
75258.64,18812.3,7906.59,660.54,0.771,1.409,21.54,10.0,86.67
96852.85,2311.03,4389.63,127.74,5.567,0.587,28.04,11.01,68.86
33435.76,16149.9,1873.19,146.31,5.963,3.849,21.74,10.0,75.15
11661.08,9420.35,8052.85,1449.92,8.895,6.613,14.63,10.0,82.05
59104.76,19453.83,4810.77,270.18,0.768,2.822,23.58,10.0,87.82
73611.15,21719.3,8355.78,977.8,6.952,4.513,18.57,10.0,79.34
81136.67,9755.71,4658.14,1692.61,5.672,4.964,8.72,10.0,86.23
27436.5,13614.07,2561.66,768.48,1.83,8.429,11.36,10.0,90.0
33557.76,3817.7,2124.55,724.22,1.305,8.208,9.23,10.0,90.0
56133.18,11005.77,7567.26,1752.44,6.97,0.123,12.02,10.0,68.75
39754.07,9659.21,5961.45,1736.46,3.464,4.198,10.35,10.0,89.98
87446.03,5394.96,4343.73,1766.27,9.999,6.595,6.74,10.0,81.05
52638.41,22467.49,5175.11,1165.23,8.951,8.539,13.1,10.0,86.18
81962.08,4554.11,5721.57,1906.99,5.701,0.584,8.06,10.0,69.47
62255.78,16257.74,2774.46,1646.98,6.453,6.32,5.0,10.0,88.12
79578.11,22363.42,4092.57,860.49,1.673,8.436,13.32,10.0,90.0
39940.57,22887.25,3277.91,1277.63,8.951,2.625,8.09,10.0,72.32
84827.5,20037.75,4190.03,287.49,4.643,2.132,23.59,10.0,74.57
34711.51,5227.39,5255.34,1125.1,5.261,4.732,12.92,10.0,85.32
59148.89,20618.35,2146.9,563.14,8.744,9.63,11.83,10.0,89.33
29260.64,7637.56,4238.39,602.92,0.162,6.96,16.81,10.0,90.0
52797.39,23137.55,4162.2,295.15,4.994,4.302,22.3,10.0,79.81
38635.77,18018.08,3217.04,748.49,6.305,0.307,12.59,10.0,69.11
34003.31,19846.42,9985.72,988.71,1.677,5.612,20.58,10.0,90.0
97028.65,3040.78,1199.46,1220.69,0.776,3.553,5.0,24.84,90.0
24406.67,14986.36,6608.04,644.5,5.396,1.939,19.99,10.0,71.85
80859.33,20707.41,2157.17,1594.88,5.521,5.051,5.0,10.0,88.1
98574.85,21678.17,8475.48,1065.87,3.369,3.48,18.05,10.0,83.74
11791.13,1687.16,9184.87,1294.2,8.834,0.483,16.05,10.0,66.31
72912.47,23539.82,4314.04,592.38,3.081,7.283,17.0,10.0,90.0
32762.06,2040.13,8323.05,1637.56,5.213,7.353,12.25,10.0,90.0
13643.9,15748.45,2874.14,1267.34,1.948,6.226,7.19,10.0,90.0
46260.06,17641.3,1830.65,1731.58,0.21,8.424,5.0,10.0,90.0
94169.6,3576.29,3500.84,361.91,4.318,2.111,17.62,10.0,75.11
11058.86,2152.28,3745.9,792.29,5.317,2.933,13.21,10.0,76.94
62909.71,19837.89,4274.9,270.38,7.67,4.641,23.88,10.0,77.08
55125.68,10232.09,4043.11,470.28,4.543,0.696,18.89,10.0,69.66
88604.57,3570.7,4405.87,819.37,2.859,8.847,12.26,10.0,90.0
17560.15,19304.03,7245.32,1794.43,6.082,4.957,12.05,10.0,83.79
71337.34,21379.91,2833.01,1136.23,3.874,3.314,7.95,10.0,84.86
71209.87,15097.27,676.47,694.24,2.411,4.832,5.0,10.0,90.0
70217.2,4869.68,5151.97,1506.45,9.112,3.319,8.9,10.0,73.52
94810.1,1365.34,4758.77,88.38,5.413,2.934,32.79,10.0,69.33
84077.88,17819.26,1070.62,771.68,2.085,4.535,5.0,10.0,90.0
13777.55,14203.35,1771.11,1221.62,6.742,4.871,5.0,10.0,86.54
52397.46,16619.13,5344.25,1187.31,8.05,4.39,13.67,10.0,77.98
45815.78,20516.43,2730.13,1234.74,7.609,5.525,7.57,10.0,83.62
37913.25,11421.47,8837.18,462.43,6.035,7.855,25.86,10.0,82.78
50620.31,3988.37,2146.28,707.3,5.244,0.667,9.08,10.0,68.21
44577.48,23559.6,691.17,1866.55,7.796,8.134,5.0,10.0,90.0
48910.05,14086.29,4751.86,1949.25,7.11,2.362,7.91,10.0,72.33
98133.57,15767.06,9868.55,658.47,5.758,2.596,23.36,10.0,74.07
17976.97,23401.87,6521.79,1306.78,6.611,6.035,14.26,10.0,83.86
93000.78,23358.01,3863.28,520.53,1.769,9.759,18.2,10.0,90.0
53221.3,14730.27,660.25,768.63,0.297,0.272,5.0,43.01,86.0
66136.8,8142.67,5107.01,1595.05,9.318,6.764,9.58,10.0,83.19
84716.47,24930.73,2461.43,1027.3,9.359,6.999,8.27,10.0,84.05
42441.67,17339.61,6653.66,1706.7,7.901,5.779,11.86,10.0,81.09
48737.97,10802.48,6038.58,1276.04,3.786,0.196,13.68,10.0,69.88
46856.66,14436.08,3019.53,1276.4,1.592,6.103,7.26,10.0,90.0
43725.79,10980.02,1154.39,116.07,3.638,1.239,20.19,10.0,72.12
93297.64,22319.32,7672.68,1511.86,7.29,0.873,14.17,10.0,67.23
84603.69,12579.98,6061.91,1956.84,3.418,6.991,10.13,10.0,90.0
19810.0,20764.68,8500.2,972.41,7.98,7.032,18.54,10.0,81.13
19731.1,21164.23,2968.1,359.23,6.763,8.91,18.78,10.0,88.36
48508.26,20783.98,6702.19,1955.11,6.337,0.133,9.4,10.0,65.71
18879.16,18332.53,1627.46,615.75,9.309,3.85,8.09,10.0,75.55
65718.38,21517.07,3272.19,847.94,8.945,0.221,10.96,10.0,66.58
22932.24,10293.51,6737.12,200.86,7.145,3.71,30.61,10.0,72.88
57013.59,3751.92,8343.02,266.13,2.073,4.967,28.4,10.0,76.77
10649.8,21218.9,3548.79,472.3,9.395,5.344,17.48,10.0,77.83
38493.67,12956.04,8089.11,1119.51,2.349,3.624,17.76,10.0,88.68
70947.17,4057.02,6938.65,1137.69,3.789,7.28,13.31,10.0,90.0
53563.5,3767.5,3812.41,1232.18,8.285,4.214,7.1,10.0,78.06
98044.25,4821.82,8825.77,1188.44,2.166,5.22,15.77,10.0,90.0
88669.34,19023.36,5337.68,1015.71,6.422,8.021,14.84,10.0,89.5
42316.37,18060.56,6658.34,1614.09,4.633,1.826,12.28,10.0,75.15
14093.79,5891.65,5208.5,1871.1,6.278,3.277,9.72,10.0,78.02
86106.37,21326.16,4800.84,576.03,9.585,5.262,18.54,10.0,76.46
92011.09,7751.08,8555.79,303.88,8.103,7.699,28.27,10.0,74.24
83856.47,20031.65,3299.69,878.92,3.029,4.311,11.14,10.0,90.0
21515.49,12731.34,847.98,101.52,0.667,0.82,17.72,24.56,87.26
99812.36,18557.17,8857.94,1772.47,9.674,9.889,13.65,10.0,86.64
33272.58,10153.3,8337.73,517.43,5.893,7.108,24.83,10.0,81.13
75178.44,9331.37,3982.32,1121.13,1.814,7.255,10.75,10.0,90.0
91723.14,21192.63,2261.79,274.44,6.308,4.705,17.98,10.0,80.31
31211.84,1847.25,6917.57,1128.85,0.518,5.516,13.29,10.0,90.0
91743.27,24393.69,1248.23,126.04,1.956,9.941,20.06,10.0,90.0
37853.34,16556.31,4525.67,1549.17,6.363,5.992,8.67,10.0,88.94
97877.19,11379.6,1315.69,1913.07,4.085,2.267,5.0,10.0,80.38
35313.4,16073.31,6180.14,648.6,3.318,9.647,19.28,10.0,90.0
95809.22,3945.78,758.48,553.52,6.589,5.424,5.0,10.0,86.2
14819.02,13337.26,6477.76,923.59,8.677,0.305,17.19,10.0,67.94
73834.48,24642.29,6895.45,1258.95,6.818,5.776,14.2,10.0,82.02
57890.0,6646.47,5127.87,418.48,4.688,0.798,21.36,10.0,70.46
53008.94,18334.67,2162.57,1616.45,6.623,5.323,5.0,10.0,86.23
30114.49,11439.31,1463.24,437.14,6.987,8.271,10.35,10.0,88.25
73503.62,16659.0,3476.28,60.67,7.773,5.435,35.26,10.0,70.65
27172.85,5917.29,4919.46,1072.29,3.14,3.797,13.47,10.0,87.79
59755.76,12291.16,6600.98,274.54,1.233,8.838,28.02,10.0,86.07
32792.08,24522.23,511.88,1411.57,6.851,9.283,5.0,10.0,90.0
96005.92,5686.89,7255.11,376.57,1.299,3.54,23.49,10.0,84.09
12576.81,16274.68,7270.76,1643.89,4.674,5.04,11.97,10.0,87.89
27975.55,14814.35,4723.11,967.22,2.384,9.831,14.2,10.0,90.0
31807.95,14561.24,3762.36,1154.24,3.388,1.863,9.93,10.0,79.83
47266.1,15762.96,8501.93,413.84,4.759,3.052,25.43,10.0,73.69
30945.72,13053.71,7953.58,336.04,8.972,4.341,28.34,10.0,71.24
54221.42,1406.34,9841.12,1281.02,6.836,1.099,15.67,10.0,68.38
88521.9,22602.32,4033.34,548.15,1.799,2.793,17.45,10.0,88.14
74085.71,20847.49,9114.91,802.55,8.807,5.492,21.1,10.0,77.98
62196.58,5180.02,1330.32,984.93,5.055,2.362,5.0,10.0,77.6
18010.29,10918.56,4408.93,497.79,2.122,6.894,18.69,10.0,90.0
72459.29,19493.18,4921.05,1601.08,5.322,3.542,9.34,10.0,81.35
24977.29,24521.5,4688.31,1881.88,1.99,0.989,9.0,10.0,77.4
80773.06,23827.29,6438.43,892.19,3.737,7.669,16.33,10.0,90.0
32505.11,22584.62,2116.97,1839.22,8.075,5.717,5.0,10.0,83.74
47534.39,4800.97,8731.3,1771.23,6.62,8.266,12.87,10.0,90.0
41542.32,22947.4,5741.76,373.79,4.832,3.666,23.92,10.0,77.08
87293.25,22082.68,9089.99,388.09,2.342,0.292,27.06,10.0,68.75
21389.0,10046.8,525.0,980.94,2.893,0.562,5.0,10.0,70.05
60908.04,10468.54,6484.89,1075.42,9.785,7.975,15.72,10.0,82.07
22785.54,12037.81,4418.35,715.2,3.495,4.165,16.72,10.0,88.41
73431.63,16748.22,5298.44,660.2,6.2,9.766,17.53,10.0,90.0
91457.03,7260.05,7566.14,891.17,5.048,8.32,16.65,10.0,90.0
49114.69,1550.76,2657.94,1396.43,0.329,0.26,5.0,134.3,83.79
53928.3,4389.51,2446.54,214.57,9.452,8.713,20.51,10.0,81.44
93468.06,11562.78,7178.57,1435.63,0.97,2.207,13.52,10.0,90.0
56889.22,7768.06,5452.97,1856.17,6.621,4.914,9.38,10.0,83.21
53883.86,19348.4,2719.57,1538.84,8.129,5.111,5.0,10.0,79.51
62049.62,3560.56,5098.18,423.77,7.512,0.691,20.79,10.0,66.96
72030.68,23019.17,4865.8,220.59,8.112,1.344,27.08,10.0,69.61
19619.5,22487.85,7068.72,1006.24,7.423,4.288,16.65,10.0,79.94
83899.95,22810.16,525.28,1914.99,4.511,6.462,5.0,10.0,90.0
49195.45,18750.64,6074.22,1647.17,8.973,2.718,11.38,10.0,71.03
16511.37,3568.0,6253.94,1147.33,9.133,5.311,14.91,10.0,79.63
80756.44,11515.3,7582.35,328.81,4.426,3.853,26.32,10.0,76.55
43925.5,4153.73,8947.69,1441.98,4.899,6.341,15.21,10.0,88.29
19033.07,24704.78,4681.8,1635.35,4.908,4.302,9.47,10.0,85.62
67040.11,8992.92,3753.94,1873.38,2.861,8.531,5.9,10.0,90.0
89211.82,15047.93,1472.04,1243.63,1.238,9.839,5.0,10.0,90.0
89897.82,19705.43,3699.94,1053.21,2.694,9.139,11.51,10.0,90.0
96189.71,23094.79,1150.6,1257.4,8.457,1.769,5.0,10.0,68.44
88093.49,19133.15,8126.79,1889.34,5.476,4.626,12.63,10.0,84.15
10192.68,17188.09,8166.56,1274.85,8.517,4.642,14.92,10.0,79.35
44221.7,12183.56,4463.76,552.3,7.477,8.421,18.01,10.0,87.07
83668.83,15529.6,2966.59,1290.5,3.551,3.636,7.69,10.0,90.0
42962.77,3259.93,1621.19,1765.5,1.935,5.541,5.0,10.61,90.0
64139.37,22214.14,8586.75,1155.65,5.715,6.132,16.86,10.0,86.01
64568.53,14050.66,8836.21,1030.26,9.365,1.204,18.92,10.0,69.65
42852.28,1963.24,3029.75,1480.07,8.41,5.624,5.0,10.0,82.01
91402.65,23077.65,6406.73,1338.93,7.662,2.544,13.56,10.0,74.13
55290.55,12743.25,2957.21,160.54,7.665,2.146,26.24,10.0,69.59
51830.58,21846.14,2638.7,1464.36,5.325,2.578,5.0,10.0,77.39
99776.24,21565.31,701.48,844.72,1.778,1.084,5.0,10.0,80.3
54415.03,20578.04,5983.01,1884.75,2.927,0.79,10.13,10.0,73.25
26055.84,2473.67,1924.44,1943.07,5.821,6.504,5.0,10.0,90.0
56176.25,6929.6,617.53,925.04,3.232,9.416,5.0,10.0,90.0
83261.51,22013.15,1496.09,1939.15,7.838,6.911,5.0,10.0,86.07
79917.43,22575.79,3480.81,656.1,3.795,3.187,14.34,10.0,84.58
80972.36,11993.65,6857.05,1381.16,1.228,3.417,13.58,10.0,90.0
73722.14,11561.0,2424.92,196.36,7.847,5.46,21.94,10.0,77.8
32879.6,5203.38,8932.11,332.73,7.011,8.676,28.32,10.0,77.9
87587.57,24241.86,3240.64,1735.83,2.606,2.104,5.63,10.0,86.48
90409.91,6115.32,3646.65,1792.88,9.813,4.738,5.0,10.0,77.27
27473.74,5582.48,2570.78,1088.59,4.092,5.04,7.37,10.0,90.0
21741.01,16857.5,2911.15,712.56,6.837,9.319,12.19,10.0,90.0
97804.45,6828.26,1204.28,929.5,9.113,5.408,5.0,10.0,78.23
88149.16,23530.52,3300.32,1745.77,1.644,7.831,6.67,10.0,90.0
90391.25,1261.77,8666.37,461.44,8.802,0.969,23.95,10.0,66.13
89773.87,1138.08,7040.03,625.0,7.069,3.337,18.67,10.0,74.49
58751.81,13117.04,8815.05,1581.61,1.759,6.153,15.09,10.0,90.0
68176.16,12713.5,1496.16,1873.78,6.679,6.809,5.0,10.0,87.5
59082.66,4920.74,4828.36,231.21,8.758,8.864,25.27,10.0,78.04
14608.57,12868.47,2677.92,1617.36,8.01,5.945,5.0,10.0,83.48
77095.28,10879.87,7351.55,1307.88,7.63,2.967,14.42,10.0,73.56
55479.88,22367.91,9717.26,500.0,1.697,5.437,25.12,10.0,86.78
68293.82,1222.09,8245.92,1523.84,1.987,7.144,12.01,10.0,90.0
55237.58,24430.48,835.14,1469.44,5.522,7.865,5.0,10.0,90.0
54263.02,15985.43,3508.27,326.96,5.843,9.451,20.32,10.0,87.73
25461.02,4644.24,771.51,1029.39,9.442,1.988,5.0,10.0,68.7
35084.23,2122.24,881.59,1528.67,4.74,6.643,5.0,10.73,90.0
24296.74,13914.54,1255.4,423.51,3.095,2.083,9.67,10.0,81.33
27609.97,6637.36,3125.11,952.39,1.989,3.247,9.83,10.0,90.0
97567.96,8227.97,3389.93,285.45,0.636,1.513,19.91,16.32,88.4
23780.21,6883.17,4304.31,648.33,0.78,7.753,17.11,10.0,90.0
34234.34,16604.14,4346.85,474.99,5.784,9.149,19.26,10.0,87.32
63153.07,14284.7,7828.39,1034.89,1.845,0.396,17.27,10.0,71.3
64916.07,2871.39,1843.33,325.37,8.531,8.154,12.96,10.0,85.46
23857.67,13636.64,1998.54,797.14,6.005,2.493,7.74,10.0,75.75
81434.57,19988.55,6452.6,586.57,8.662,4.921,20.94,10.0,72.85
80668.26,2948.67,5931.55,1504.8,4.332,7.507,9.13,10.0,90.0
31358.59,22353.74,1963.04,1414.36,5.998,5.118,5.0,10.0,87.2
35979.97,14879.36,8596.51,235.11,5.302,2.389,31.24,10.0,69.05
94418.91,23814.99,3626.06,1909.29,9.868,9.071,5.0,10.0,85.79
84310.43,4555.39,3986.19,1502.13,7.989,5.976,5.52,10.0,84.78
72801.73,24845.56,4494.37,1251.12,5.994,9.319,11.46,10.0,90.0
17400.99,16462.55,3565.67,981.52,6.105,8.482,11.24,10.0,90.0
47643.77,14619.86,5795.82,396.95,2.563,8.778,23.27,10.0,89.68
60337.17,13366.71,4192.15,1925.93,7.374,3.681,6.04,10.0,76.81
26867.02,1567.7,2964.63,65.32,9.83,9.874,31.83,10.0,72.51
50340.39,23551.34,9092.51,1400.34,1.381,8.539,16.68,10.0,90.0
64092.33,16455.87,3429.33,1039.52,6.409,3.442,9.56,10.0,78.48
39463.9,3199.04,7135.64,1810.03,5.227,8.975,10.8,10.0,90.0
80285.03,1502.85,3798.65,792.36,8.519,7.577,11.4,10.0,82.57
85640.46,2218.81,4634.59,1061.36,0.1,7.279,10.77,10.0,90.0
39124.85,15625.5,2741.46,1497.56,1.452,0.162,5.71,10.0,67.2
85479.14,15736.37,7647.13,142.75,0.467,0.323,34.2,18.53,71.79
19321.89,12992.02,7503.43,156.23,1.713,6.978,34.07,10.0,73.66
85395.62,8362.38,711.28,462.76,7.109,2.859,5.0,10.0,75.88
23747.54,13761.83,1071.84,335.53,1.483,0.679,9.72,11.05,77.1
17463.44,13391.24,9262.58,62.56,6.261,2.931,43.16,10.0,69.34
67759.79,1465.97,8943.86,1264.83,8.695,8.395,14.71,10.0,86.64
52474.36,7779.26,5307.83,1602.08,0.443,4.759,10.15,10.0,90.0
91710.15,2276.45,5186.9,1916.37,0.365,6.194,6.72,10.0,90.0
42687.03,22603.71,8218.03,909.76,9.899,8.025,19.17,10.0,80.22
35843.7,18405.36,1815.28,595.46,6.765,3.301,10.06,10.0,74.07
55066.14,24906.76,6710.14,1734.61,1.493,0.21,12.04,10.0,69.19
51035.16,8252.11,5021.84,1696.57,3.136,3.301,8.45,10.0,86.89
40998.52,22083.66,7561.64,1268.44,9.852,9.571,15.52,10.0,83.58
72436.72,15473.3,785.98,582.64,2.349,4.875,5.0,10.0,90.0
78360.57,11875.01,6130.89,1821.61,7.553,5.741,10.7,10.0,84.02
86768.56,6341.75,5788.92,397.88,2.488,7.628,22.17,10.0,90.0
97557.09,18721.41,8488.06,135.11,4.045,1.238,36.2,10.0,69.37
33999.06,22699.38,6929.94,1603.41,8.819,7.366,13.61,10.0,82.79
74448.41,6647.4,8861.52,1149.14,0.382,3.048,17.36,10.0,90.0
45483.24,5209.37,8929.1,530.61,3.142,3.943,24.61,10.0,83.17
70937.38,17709.33,4377.56,1358.25,4.923,2.768,9.64,10.0,78.37
52838.35,24447.36,1805.62,1545.1,6.292,1.62,5.0,10.0,70.75
99439.58,18998.92,6487.69,1696.86,0.38,3.678,11.81,10.0,90.0
75601.19,7829.94,8800.59,600.15,4.166,1.037,22.96,10.0,73.08
95724.22,11078.93,1212.06,99.9,3.508,8.463,20.82,10.0,89.29
85147.26,10223.62,5800.27,1044.58,0.366,3.129,14.05,10.0,90.0
91261.09,21450.28,1592.5,1719.35,3.618,6.571,5.0,10.0,90.0
83297.73,19512.9,756.46,455.25,9.324,3.037,5.0,10.0,72.56
51324.32,15135.41,6956.54,871.19,2.819,2.186,17.42,10.0,82.73
32660.96,7599.02,6977.57,550.02,5.897,7.165,22.26,10.0,82.03
43328.82,23511.72,6206.25,76.06,3.051,6.278,38.53,10.0,69.44
11821.26,16679.57,8662.62,1802.12,1.156,2.259,13.71,10.0,90.0
57159.39,24291.44,1268.33,313.35,2.968,6.16,12.26,10.0,90.0
55455.2,14922.81,1499.97,1545.2,4.761,0.15,5.0,10.0,65.65
57272.54,20708.63,8713.09,725.88,3.032,1.851,22.07,10.0,77.92
97662.81,20514.53,5281.13,591.48,6.279,7.305,17.74,10.0,84.96
92030.86,9095.89,3094.0,1885.01,9.496,4.16,5.0,10.0,74.11
24554.15,24136.5,7512.49,1331.54,0.786,2.116,15.23,10.0,90.0
43199.43,1526.6,8996.84,1389.5,7.198,5.109,14.37,10.0,78.87
48156.06,19449.06,7051.23,1531.32,0.112,4.706,13.42,10.0,90.0
42447.96,24173.37,8023.36,714.82,0.11,6.376,20.78,10.0,90.0
81864.64,9133.8,3183.72,1149.15,1.416,0.818,7.22,11.84,79.43
57163.39,16554.65,3243.37,576.94,4.851,8.212,14.58,10.0,90.0
61488.98,14493.36,8709.18,1677.36,0.575,0.677,13.25,12.29,87.87
86771.22,19276.18,6341.2,1218.65,7.249,4.593,13.35,10.0,80.26
82533.53,21788.27,2724.55,524.64,0.39,7.134,14.72,10.0,90.0
21899.04,15473.07,5479.54,1804.53,5.005,3.514,9.32,10.0,84.21
74252.31,20581.71,7015.67,1182.64,6.793,9.11,15.48,10.0,89.06
49189.25,8494.85,2576.22,1015.31,2.452,7.577,7.88,10.0,90.0
36518.4,6486.09,6721.61,117.25,5.835,4.318,35.64,10.0,69.43
14501.69,11336.02,900.38,1824.11,2.692,1.92,5.0,10.0,82.58
53852.46,17265.68,3385.07,1906.93,2.22,0.53,5.0,10.0,69.35
41989.3,5493.93,6902.73,1147.07,8.202,8.036,16.01,10.0,87.41
32636.17,17328.45,1918.82,912.9,3.396,2.023,6.14,10.0,79.77
72520.46,10458.25,2610.89,751.15,8.158,2.77,10.76,10.0,72.7
79253.68,20093.81,8851.39,572.69,2.247,0.203,23.9,10.0,71.77
32031.06,1884.06,6906.05,1170.33,3.623,0.28,12.79,18.46,69.49
14450.27,17031.58,5239.73,299.79,1.116,2.381,25.27,10.0,83.54
86387.74,16595.74,2503.49,1842.39,5.015,8.741,5.0,10.0,90.0
10896.38,23582.45,3743.39,393.12,3.878,7.83,18.98,10.0,90.0
94340.12,18120.82,5956.14,1503.75,0.159,7.722,11.79,10.0,90.0
66485.79,20111.25,1975.47,648.43,4.702,8.288,10.24,10.0,90.0
38966.2,22710.18,5076.57,490.84,0.837,1.947,19.42,10.0,90.0
32183.01,17201.25,4385.26,1137.84,8.386,9.793,11.97,10.0,88.54
10810.51,7963.69,5028.53,1541.99,4.988,2.399,9.59,10.0,76.2
31192.43,21874.57,1502.83,1467.14,6.932,1.584,5.0,10.0,70.19
22395.55,18941.87,1511.72,505.82,8.229,3.017,9.36,10.0,74.34
65094.96,11186.5,9659.05,694.48,0.607,5.351,22.07,10.0,90.0
24989.1,18052.7,9803.99,1744.22,3.438,1.332,14.49,10.0,73.99
57576.69,21824.53,4548.56,1460.33,0.349,7.412,9.75,10.0,90.0
63110.48,24415.65,7995.46,1439.75,0.591,3.778,15.49,10.0,90.0
36823.75,23856.44,6730.02,574.36,0.475,5.727,21.56,10.0,90.0
13155.85,8807.87,1610.71,1594.41,4.831,7.369,5.0,10.0,90.0
13352.85,11120.65,3318.45,748.91,4.562,9.029,13.12,10.0,90.0
12371.26,3628.88,3479.69,832.71,0.706,8.212,12.33,10.0,90.0
76521.22,6941.06,6159.86,610.74,2.697,5.421,19.03,10.0,90.0
38620.87,22178.11,6009.78,286.71,2.52,9.913,26.15,10.0,84.4
81667.02,9660.4,9273.33,869.77,3.036,5.344,20.42,10.0,88.88
48855.95,15893.26,8005.34,83.03,6.444,5.406,38.8,10.0,67.33
50769.83,16983.17,8640.05,939.02,7.001,1.669,18.86,10.0,70.03
56159.43,19763.9,8966.67,1463.76,3.457,1.572,15.08,10.0,73.67
74172.83,5387.2,8112.13,1923.45,7.903,1.77,10.3,10.0,70.92
34615.26,8315.52,3662.37,203.3,4.237,5.959,25.14,10.0,82.71
20942.86,11760.07,2542.62,598.52,5.272,4.21,12.53,10.0,80.98
60045.16,9756.19,5931.79,1013.56,1.541,3.92,15.45,10.0,90.0
39427.99,24589.73,7050.9,382.26,2.406,1.363,24.13,10.0,76.36
49824.22,21038.58,4172.4,277.82,7.303,3.873,23.32,10.0,73.26
68225.2,12512.48,8559.22,932.02,9.773,3.842,19.01,10.0,72.73
54471.32,22102.45,9625.38,1182.42,7.076,6.246,17.31,10.0,81.31
65825.09,9343.67,5909.26,1649.41,0.637,3.945,10.46,10.0,90.0
58978.0,19859.88,4837.62,1995.72,1.515,4.246,7.58,10.0,90.0
76581.67,6368.21,8507.43,1559.83,4.513,2.798,13.93,10.0,78.72
73534.3,19535.73,730.56,481.61,7.352,1.402,5.0,10.0,70.67
58077.09,11954.88,1725.62,1508.56,1.743,3.07,5.0,10.0,90.0
71101.27,3579.98,8533.75,1097.45,7.533,0.523,15.49,10.0,67.89
88620.36,7558.3,7454.27,929.08,5.603,2.117,16.44,10.0,74.01
48904.42,10654.59,4453.3,1874.67,7.768,3.317,7.36,10.0,75.43
47148.68,18983.03,8944.09,1419.08,5.621,1.542,15.69,10.0,70.7
78782.11,2751.59,3838.85,1379.3,6.065,6.683,6.57,10.0,90.0
62429.85,16829.13,6521.53,72.92,2.563,2.88,40.49,10.0,70.01
16390.61,18184.33,6526.18,1736.89,7.23,6.194,10.93,10.0,84.87
90290.08,16694.11,2251.15,1596.94,8.456,6.474,5.0,10.0,84.73
12770.48,19256.07,3206.09,632.94,8.726,4.528,14.3,10.0,76.24
77355.67,5276.05,9202.07,619.62,0.392,4.546,21.61,10.0,90.0
78291.47,15090.48,2242.44,154.28,6.284,5.856,23.36,10.0,79.12
95780.0,23587.48,2148.96,149.17,9.896,2.698,23.21,10.0,71.01
14872.1,15658.82,5056.35,1353.76,5.91,0.31,11.24,10.0,67.16
63717.12,15672.07,1375.87,413.16,1.796,6.486,10.32,10.0,90.0
48505.65,18674.55,8998.95,1850.92,8.788,6.124,13.32,10.0,79.37
39756.97,8996.9,1451.42,1692.69,2.717,4.816,5.0,10.0,90.0
18128.67,17811.42,6357.3,730.33,0.546,8.77,18.09,10.0,90.0
60638.87,22989.61,3727.93,791.13,4.362,5.135,13.77,10.0,90.0
53113.67,1261.49,8140.59,688.19,1.093,3.105,20.0,10.0,89.4
19409.9,21882.71,6103.2,230.17,1.241,7.164,28.14,10.0,83.91
65124.06,6246.84,4188.91,111.29,4.687,9.628,30.85,10.0,74.23
76415.78,11942.16,9846.79,931.66,6.166,7.395,21.04,10.0,85.71
79055.05,21456.35,1129.19,1888.93,9.063,9.098,5.0,10.0,88.79
91483.59,20773.89,5988.97,1838.64,7.082,1.216,10.56,10.0,69.3
46852.37,22406.26,9900.9,1629.19,8.442,1.298,15.74,10.0,69.84
95776.55,23570.0,7064.05,1275.76,4.177,1.631,14.42,10.0,74.01
87888.65,11731.77,7527.81,1719.63,3.254,7.058,12.26,10.0,90.0
36685.14,16752.73,804.87,1054.38,5.969,3.958,5.0,10.0,82.62
24335.47,10371.48,702.95,401.31,6.985,4.829,5.01,10.0,84.86
49185.05,9417.2,843.05,1384.13,5.726,2.693,5.0,10.0,75.6
46170.88,11358.29,9921.38,1845.26,2.719,7.387,15.1,10.0,90.0
61814.74,18833.83,9805.44,88.23,3.76,8.469,41.51,10.0,69.41
62504.76,13034.58,3677.83,540.32,4.538,1.686,16.89,10.0,72.23
77498.83,20537.43,3264.33,567.6,0.24,2.008,15.82,15.53,90.0
55890.1,18885.24,1886.61,243.13,8.81,3.46,18.02,10.0,73.07
19434.04,1491.48,3626.83,489.71,5.163,2.874,16.18,10.0,78.04
87246.22,16125.72,4016.42,798.77,7.535,5.362,13.86,10.0,81.39
37878.81,11477.71,7608.69,1882.68,1.802,7.551,11.86,10.0,90.0
97416.77,11959.1,8729.79,1727.52,5.611,7.953,13.71,10.0,90.0
20607.41,20640.95,7593.98,1894.71,9.269,2.164,11.5,10.0,68.43
96242.61,14142.59,6641.51,285.11,2.221,1.838,27.04,10.0,76.62
18191.06,22254.92,7776.05,104.69,3.524,3.701,36.79,10.0,72.11
30793.25,18107.33,7515.73,264.27,3.944,1.562,28.62,10.0,69.56
14192.19,14268.16,5019.62,1832.88,3.895,1.009,9.32,10.0,71.23
73460.18,19108.91,3690.59,357.1,6.046,2.502,20.75,10.0,74.17
86526.89,1920.38,3186.42,1166.64,3.998,4.0,6.3,10.0,86.93
49066.4,1650.01,6953.88,493.79,6.773,5.92,21.4,10.0,80.12
93566.99,3000.38,9613.39,90.24,4.897,7.26,38.25,10.0,71.11
63126.92,11501.57,6020.02,215.01,1.66,2.306,28.42,10.0,78.25
66700.64,6650.8,9169.0,1434.1,9.491,8.205,16.25,10.0,85.59
86087.73,24622.27,635.18,405.61,2.471,0.433,5.0,10.0,68.26
36712.02,14014.96,8047.47,496.82,5.668,4.496,23.21,10.0,77.44
41883.91,16897.98,8609.23,785.65,0.701,6.367,20.38,10.0,90.0
91535.67,7691.68,6494.44,1331.62,9.194,2.984,12.53,10.0,71.96
91086.71,8723.13,9373.58,965.28,9.287,6.869,18.93,10.0,80.15
97883.45,9051.09,6104.17,1891.99,3.709,8.684,8.63,10.0,90.0
91165.45,17769.66,2785.1,896.66,1.298,0.985,9.84,10.0,82.71
21463.48,12368.95,2549.31,438.31,7.723,5.174,16.18,10.0,79.88
84135.19,13424.41,5780.44,1095.48,2.696,0.286,14.36,10.0,65.78
46885.46,15208.07,9111.6,929.23,7.036,2.868,19.62,10.0,73.61
99172.12,19451.48,1187.5,1584.92,9.16,1.456,5.0,10.0,71.09
52505.29,3168.87,6241.71,1873.49,5.943,6.28,8.48,10.0,86.46
59845.25,19644.97,7813.13,1680.78,8.626,2.562,13.28,10.0,71.92
57679.74,14517.64,1596.32,808.63,2.324,2.896,5.74,10.0,90.0
38956.33,17058.29,1609.31,471.43,9.113,2.136,10.7,10.0,69.46
16751.99,8861.24,3978.22,1833.25,2.344,2.514,6.46,10.0,89.15
90608.61,10825.28,3101.87,802.58,2.335,2.329,10.55,10.0,88.49
82240.82,6547.98,2383.98,1551.9,8.811,7.009,5.0,10.0,88.28
22557.41,24503.2,2387.59,1979.58,5.594,9.563,5.0,10.0,90.0
79909.14,12928.07,1741.36,1176.01,8.014,4.953,5.0,10.0,81.33
66326.2,24905.85,6303.11,985.77,8.045,6.044,16.2,10.0,79.94
46822.94,12754.86,7037.19,1414.75,6.505,8.199,13.25,10.0,89.81
32861.9,6274.03,7177.89,428.17,1.972,4.813,24.5,10.0,85.98
87375.59,13178.86,5557.36,1002.07,6.952,3.09,15.0,10.0,75.54
73016.94,1950.29,9552.61,659.04,0.73,9.515,21.73,10.0,90.0
59296.59,22714.48,8865.06,370.24,2.087,9.071,27.78,10.0,83.67
64861.17,20645.21,9597.5,1239.77,6.465,2.282,17.58,10.0,74.34
18195.96,18419.69,4193.56,1172.63,9.087,7.06,11.54,10.0,84.12
52652.78,15635.84,8838.94,1534.35,7.74,6.507,14.82,10.0,82.45
27433.03,14916.02,7747.31,1752.29,3.391,6.531,13.0,10.0,90.0
28754.53,24921.48,3729.74,479.73,8.255,8.323,17.4,10.0,86.29
69517.36,7671.94,1512.64,1570.42,9.669,6.774,5.0,10.0,84.68
92013.05,19712.42,6984.9,766.4,3.386,5.228,19.78,10.0,88.79
46338.09,14953.71,1796.3,1276.17,1.95,8.476,5.0,10.0,90.0
28697.43,24421.13,3290.87,1707.97,2.055,2.722,6.11,10.0,90.0
68387.22,20867.28,5253.46,549.56,4.063,6.824,20.06,10.0,89.53
88406.83,24964.6,6958.88,1221.87,0.618,7.045,14.96,10.0,90.0
77348.69,15119.8,9299.16,986.62,4.929,8.716,18.87,10.0,90.0
88188.15,5909.05,6135.78,1591.63,7.35,9.983,8.79,10.0,89.62
58289.92,13088.49,6878.42,1409.62,5.352,5.62,13.08,10.0,85.68
77668.86,18066.67,3445.13,1550.78,9.703,4.896,6.85,10.0,77.82
22605.81,19584.65,7029.28,611.49,4.671,6.047,20.15,10.0,86.5
41344.72,1012.24,4659.01,1423.49,0.231,6.621,8.38,10.0,90.0
45059.42,13120.65,8640.85,1231.32,4.754,7.159,17.06,10.0,88.76
56016.62,6645.63,4228.28,940.53,9.306,2.884,11.89,10.0,68.97
93616.87,21997.88,4948.58,787.77,1.049,4.922,16.26,10.0,90.0
88686.69,4669.73,4609.58,696.62,2.307,3.772,14.2,10.0,89.85
22107.29,16994.95,8205.67,68.87,7.184,0.484,40.65,10.0,69.19
25551.07,7385.49,9560.14,380.64,3.012,6.134,27.04,10.0,78.32
42187.65,9557.01,3609.12,165.01,7.676,8.761,26.62,10.0,77.17
36166.95,23573.42,5012.77,1704.3,4.251,9.223,9.36,10.0,90.0
65329.39,6770.76,7206.3,1727.17,7.981,5.222,11.89,10.0,81.02
91249.84,3280.07,9006.13,1700.08,5.56,7.682,12.99,10.0,90.0
96606.24,2662.84,5190.16,1644.94,0.916,7.153,8.0,10.0,90.0
68824.27,13110.76,1534.49,481.59,3.923,2.366,9.59,10.0,76.79
85434.33,16401.08,4002.38,1008.98,3.399,0.723,11.63,10.0,69.87
57268.2,8855.05,5728.44,1820.3,8.12,7.504,10.25,10.0,86.23
28749.43,17566.23,4466.48,1531.57,6.286,2.899,8.68,10.0,75.6
57221.96,2464.81,2272.28,53.55,7.796,5.539,30.63,10.0,73.69
59957.43,21576.03,851.4,945.88,3.784,5.288,5.0,10.0,90.0
76821.18,20597.61,7030.38,70.81,6.948,8.197,40.33,10.0,71.25
29789.47,24651.91,9931.0,597.29,0.746,6.482,24.42,10.0,90.0
43147.93,23476.12,9232.46,899.74,0.464,8.487,19.68,10.0,90.0
42762.47,9548.73,6991.07,1791.15,2.946,7.547,11.77,10.0,90.0
96349.56,10582.61,8494.53,1326.05,7.76,9.998,16.04,10.0,89.0
49955.05,18903.16,2929.41,756.84,5.387,8.652,11.74,10.0,90.0
77958.46,4217.99,6413.13,1006.78,4.147,2.19,14.62,10.0,77.36
77573.02,8536.35,1075.74,1643.91,8.977,9.618,5.0,10.0,90.0
33898.98,3844.98,7218.25,634.33,5.024,3.467,20.62,10.0,78.7
61468.27,11917.27,9713.79,1249.32,6.173,6.118,17.64,10.0,82.54
90487.26,14248.1,8677.57,561.38,9.86,9.419,23.93,10.0,80.67
52767.79,6067.85,5577.19,985.93,5.272,2.22,15.09,10.0,75.47
95060.58,1639.16,7993.03,98.08,7.857,8.587,36.23,10.0,71.14
29301.24,18264.54,9467.04,1711.94,4.197,9.536,14.62,10.0,90.0
16674.32,1480.12,2552.17,144.28,0.46,8.552,24.27,10.0,90.0
90230.85,24361.66,8035.96,487.5,8.361,8.21,23.65,10.0,79.45
86291.31,6318.57,3063.55,700.35,9.45,2.72,10.85,10.0,72.9
99333.09,16933.6,8831.0,1269.06,4.4,4.13,16.92,10.0,82.38
71145.41,11434.04,1434.37,1454.07,5.086,7.627,5.0,10.0,90.0
94301.91,2432.17,2193.07,206.88,4.299,1.27,18.17,12.24,69.0
84425.41,12332.41,7345.86,134.76,9.969,8.895,34.07,10.0,69.81
85998.37,13402.26,2160.39,1608.03,9.043,2.182,5.0,10.0,72.27
61222.74,21512.4,2001.52,1438.72,0.507,5.692,5.0,10.0,90.0
44412.81,18576.38,5776.94,1671.52,7.812,1.14,10.77,10.0,67.56
94110.23,2903.26,8432.38,1369.25,6.048,1.933,14.38,10.0,73.05
48890.55,6019.9,3050.44,1514.47,0.349,5.896,6.38,10.0,90.0
58493.74,8485.3,8490.81,789.12,4.503,6.383,19.9,10.0,86.92
50150.29,3793.78,8175.56,1200.86,1.582,2.771,15.38,10.0,90.0
60833.65,11965.58,6001.5,1620.52,8.743,1.279,11.34,10.0,69.71
52345.46,24623.42,6642.35,385.63,0.226,5.541,24.76,10.0,90.0
14317.08,13350.71,884.19,874.5,8.744,8.422,5.0,10.0,88.43
89384.34,18805.17,3987.79,1493.96,9.414,2.094,8.0,10.0,70.2
49995.44,17390.51,3002.25,1088.64,0.823,6.946,8.89,10.0,90.0
63004.93,21397.87,1925.04,1379.23,7.226,3.92,5.0,10.0,77.85
22526.9,6177.36,4201.76,621.09,5.534,9.437,16.53,10.0,90.0
10304.91,19091.83,3871.59,113.07,9.547,0.917,30.15,10.0,66.99
32076.11,22152.53,7424.47,106.83,8.002,0.496,36.54,10.0,67.3
73412.74,5116.24,6181.92,1888.42,6.975,1.331,7.63,10.0,71.91
18927.51,9323.25,9174.45,1891.85,9.263,7.846,13.78,10.0,82.52
91799.87,24282.44,1881.37,462.0,1.687,9.235,11.9,10.0,90.0
29352.03,19738.91,1067.61,337.56,3.822,8.243,10.08,10.0,90.0
28413.43,7782.18,5578.77,85.37,8.445,7.207,36.0,10.0,70.97
26335.72,14534.6,509.76,500.95,1.106,0.67,5.0,15.25,79.98
11258.35,10703.83,7983.33,701.99,9.361,2.217,21.98,10.0,70.15
79462.49,12759.16,5306.74,520.42,7.477,9.36,19.68,10.0,85.27
88753.11,9523.99,5136.62,1604.9,4.449,6.266,9.88,10.0,90.0
65274.64,7703.94,3943.71,1511.39,3.453,4.736,7.61,10.0,90.0
26938.0,17194.31,4062.25,207.98,1.561,6.558,25.69,10.0,85.74
35675.02,19685.0,4595.77,1409.78,1.027,1.868,10.44,10.0,90.0
52833.4,21974.97,652.31,1065.14,4.294,8.939,5.0,10.0,90.0
95891.14,4727.92,1293.68,307.72,8.447,6.597,10.81,10.0,82.91
32261.62,20748.53,5297.96,1492.09,5.365,4.765,11.43,10.0,84.8
75848.13,7115.22,1926.16,217.79,4.566,4.628,18.61,10.0,84.3
49550.34,11256.07,7898.24,395.44,3.259,8.242,26.32,10.0,84.2
36806.26,22634.65,3107.61,340.99,1.654,3.148,19.24,10.0,90.0
51032.43,11908.09,1430.05,1881.12,9.902,1.458,5.0,10.0,70.6
16408.6,5729.52,2734.49,1411.4,0.355,1.938,6.05,24.04,90.0
81881.86,4836.85,3892.43,852.01,3.187,0.903,11.0,10.0,71.83
31897.17,12351.61,835.51,1653.3,7.717,5.128,5.0,10.0,80.79
75287.09,19304.14,1845.92,471.12,5.254,6.805,11.11,10.0,90.0
16151.35,24932.92,3576.54,1865.63,3.207,9.346,5.44,10.0,90.0
95958.87,19897.81,3449.56,1409.14,9.928,7.533,7.27,10.0,83.38
27371.35,22048.29,8103.67,1141.18,6.23,5.873,17.17,10.0,84.56
89446.79,18947.98,8510.93,1599.56,3.022,8.653,14.07,10.0,90.0
82852.59,22490.44,2337.48,1307.32,8.495,8.933,5.0,10.0,90.0
97107.39,2831.05,1677.43,1779.86,1.587,7.153,5.0,10.0,90.0
53010.16,23318.36,6524.54,1666.85,4.689,0.657,12.29,10.0,70.09
75465.76,10513.75,8143.92,435.77,8.412,2.988,25.38,10.0,71.29
43363.96,23118.74,9655.37,517.34,9.838,3.428,25.5,10.0,69.59
26593.14,2817.59,564.56,176.94,3.892,9.974,9.6,10.51,90.0
49876.83,18165.83,4429.94,479.39,1.467,4.695,18.84,10.0,90.0
24917.41,18656.53,7472.88,719.8,5.713,7.643,19.84,10.0,85.45
98384.02,24925.86,8371.31,106.21,9.446,8.157,37.94,10.0,69.0
18662.18,19452.53,1091.72,664.18,6.69,6.567,5.0,10.0,86.66
63029.06,10181.77,6965.84,1554.51,6.061,0.281,12.78,10.0,65.15
66381.75,14373.97,3244.92,1688.64,3.162,0.292,5.57,10.0,67.91
58427.16,9797.22,1208.67,67.3,6.103,8.206,24.16,10.0,83.15
69596.73,5704.45,5146.47,63.94,8.858,7.418,37.07,10.0,70.09
20456.27,6964.06,2002.46,335.3,3.818,5.408,15.43,10.0,89.22
59951.67,6328.25,7501.57,1751.53,2.496,2.564,13.18,10.0,85.94
35849.13,14171.57,7541.99,965.09,4.861,0.958,17.78,10.0,68.21
94615.85,22747.86,8499.64,1966.66,3.824,1.726,13.01,10.0,75.27
78586.45,22905.44,4086.9,1780.3,4.752,5.845,7.33,10.0,90.0
97526.3,2314.33,626.44,1785.75,1.048,5.504,5.0,26.79,90.0
13380.05,2917.59,2967.49,300.53,3.428,9.419,20.15,10.0,90.0
35661.99,6882.86,4944.21,976.7,8.283,9.577,13.19,10.0,89.9
27588.03,7121.43,7093.11,1987.5,4.063,5.802,10.88,10.0,90.0
11003.91,3277.34,4129.39,340.64,9.682,8.43,21.7,10.0,78.95
31809.32,10323.12,5592.46,1169.76,7.118,8.141,13.01,10.0,88.8
71089.84,15105.41,5480.5,721.35,3.724,7.549,17.43,10.0,90.0
30798.0,14875.89,2067.33,806.32,2.591,4.43,8.15,10.0,90.0
55810.31,14042.31,6418.97,1787.05,6.885,3.955,10.89,10.0,77.9
89903.63,9128.13,4672.89,1196.41,3.094,2.715,10.85,10.0,83.49
72438.21,17954.94,8175.23,1529.61,9.276,9.377,14.05,10.0,83.71
45516.62,20835.61,7060.81,1362.81,1.252,8.361,14.05,10.0,90.0
43522.2,9310.58,1558.96,1081.58,0.385,1.853,5.0,26.67,90.0
51016.22,3052.85,5143.2,1593.84,2.288,2.599,8.22,10.0,89.73
25933.73,8111.93,7173.7,1942.93,6.106,5.855,11.34,10.0,86.58
67060.07,4296.85,1326.61,1935.3,8.366,4.195,5.0,10.0,77.23
42773.75,12216.61,8028.72,1589.43,1.784,2.218,13.53,10.0,88.53
86712.88,4742.44,2609.04,1000.29,5.889,7.932,6.17,10.0,90.0
78089.74,12108.27,5279.31,368.16,1.527,0.115,22.47,10.0,66.61
64946.18,6304.07,9435.33,136.72,5.675,3.498,34.66,10.0,71.18
42778.2,18729.55,5927.68,501.32,0.28,9.301,21.37,10.0,90.0
28893.86,1661.64,4528.52,713.5,5.622,7.632,13.91,10.0,89.54
79853.67,14313.91,564.55,303.21,5.266,4.073,5.82,10.0,84.02
53776.82,5067.72,1767.43,488.29,0.524,9.294,10.87,10.0,90.0
30227.5,1023.8,5997.31,212.91,6.925,9.018,27.23,10.0,77.93
27565.72,21860.8,5191.34,1071.17,5.765,0.621,13.16,10.0,67.78
24886.08,17116.67,3956.38,296.32,6.269,1.367,22.97,10.0,72.77
79944.51,3374.63,9270.55,1498.4,5.345,3.934,13.89,10.0,80.22
30608.85,16937.74,3658.58,698.67,7.248,9.301,14.14,10.0,90.0
57397.8,15679.54,5602.93,1360.52,5.298,8.458,11.78,10.0,90.0
50639.17,12360.56,5902.78,1770.91,9.23,0.573,9.99,10.0,65.45
62164.98,11062.19,5510.95,217.73,9.441,5.172,27.74,10.0,73.38
88943.94,22289.67,5037.06,1978.55,7.294,7.231,7.47,10.0,87.6
88097.27,6883.55,3702.11,1308.22,9.126,2.832,7.82,10.0,72.05
50596.85,10559.44,9133.25,154.06,9.239,7.253,35.21,10.0,72.13
11382.96,8898.77,4782.63,662.3,2.694,3.76,17.47,10.0,88.58
48379.94,19508.82,5520.26,1778.18,9.94,2.813,9.68,10.0,73.5
64557.42,22995.17,6736.54,1212.66,2.748,3.986,13.89,10.0,88.98
60198.83,21394.76,1142.73,610.08,0.284,9.513,5.2,10.64,90.0
68620.25,20144.89,7922.24,1883.96,9.626,9.062,11.8,10.0,85.64
23866.82,24682.96,5368.82,1585.14,2.315,9.148,10.26,10.0,90.0
68188.16,17731.47,6743.18,1484.3,5.883,9.182,12.55,10.0,90.0
26438.65,19025.29,7834.11,1782.43,9.71,1.865,13.85,10.0,67.01
77547.16,24587.26,8803.94,1551.07,0.59,8.971,14.81,10.0,90.0
40517.89,1167.78,4226.09,609.14,2.766,2.202,15.18,12.71,82.29
73890.59,16217.16,8208.58,1188.58,6.127,8.398,16.48,10.0,89.49
14307.9,18735.32,2958.95,1692.46,7.649,5.465,5.0,10.0,82.27
46707.4,23027.85,6773.19,402.65,8.093,2.476,24.21,10.0,71.76
73453.11,22212.26,1475.72,367.9,8.85,4.045,11.61,10.0,78.41
30418.35,21207.06,690.29,360.0,1.768,4.39,5.26,10.0,90.0
81575.83,23698.99,1409.75,428.8,3.763,7.358,10.41,10.0,90.0
66770.18,13897.1,3534.13,251.3,7.171,6.1,22.77,10.0,79.31
62880.56,1166.08,795.4,1683.38,7.182,8.186,5.0,10.78,90.0
41819.4,1265.31,6489.67,1645.72,3.15,4.028,9.8,10.0,88.93
53420.63,14071.34,3507.17,345.17,3.112,7.462,19.88,10.0,90.0
63761.44,11446.53,7495.57,1425.8,3.274,7.949,14.24,10.0,90.0
52521.59,11829.88,936.19,1272.6,8.932,0.725,5.0,10.0,68.2
72848.2,10609.71,2558.66,588.58,9.104,3.819,12.55,10.0,73.93
49032.72,23025.42,4376.03,493.37,0.247,8.871,19.56,10.0,90.0
28204.59,9620.09,4135.19,538.64,3.318,7.079,18.9,10.0,90.0
29254.04,21549.45,1744.49,1474.73,3.981,4.243,5.0,10.0,90.0
10522.34,22668.76,9944.3,672.67,9.826,1.911,23.55,10.0,69.98
37086.19,12988.04,3202.18,592.02,9.447,1.056,13.57,10.0,66.86
77402.59,11726.51,7349.8,93.84,6.32,2.371,38.32,10.0,68.5
81474.64,19264.49,2590.25,1821.06,0.553,2.522,5.0,11.09,90.0
28222.08,17991.32,8839.59,1517.77,1.993,3.77,16.02,10.0,90.0
96313.96,8884.84,4183.7,971.93,4.399,1.852,12.38,10.0,74.7
55216.25,3461.16,9058.57,1888.71,9.594,1.546,11.14,10.0,70.48
92528.09,7356.46,3747.43,622.39,1.038,8.456,13.96,10.0,90.0
73608.88,4144.68,582.12,1365.67,7.934,2.57,5.0,10.0,73.18
75019.01,8073.57,5411.69,645.04,1.993,5.66,18.04,10.0,90.0
17653.93,7283.72,5485.49,663.42,5.128,2.073,17.92,10.0,74.7
29799.2,16305.07,1638.42,1697.18,7.693,4.968,5.0,10.0,81.28
10793.33,23907.9,2732.15,1584.69,6.956,2.839,5.0,10.0,76.45
74451.49,17457.85,7943.21,623.51,7.78,0.959,21.8,10.0,68.4
40999.45,23239.59,849.18,208.71,8.155,9.824,12.26,10.0,89.38
80798.73,19819.17,5150.5,747.29,3.127,4.632,16.39,10.0,88.82
40504.26,18469.06,5538.88,1532.11,3.704,3.991,10.64,10.0,87.81
83740.04,10937.49,7042.76,246.06,8.176,2.071,27.9,10.0,69.26
21762.84,8795.07,855.83,1360.6,0.483,5.004,5.0,22.0,90.0
25603.58,21310.66,6063.64,1785.04,5.193,6.389,10.11,10.0,90.0
40678.89,22729.44,529.43,399.49,9.212,3.116,5.0,10.0,71.59
46763.86,11845.18,3019.19,1731.3,8.862,4.856,5.0,10.0,79.07
41383.25,1217.51,5247.0,150.16,8.063,2.447,27.83,10.0,72.21
78728.23,20020.75,9157.17,1350.42,0.313,5.324,16.64,10.0,90.0
18725.63,7841.65,1702.6,1592.53,8.888,7.893,5.0,10.0,86.84
41609.53,1237.31,2108.25,917.29,9.125,0.696,5.7,12.41,68.69
85351.6,20319.73,6857.88,447.27,6.67,5.227,23.38,10.0,76.46
16011.74,13417.94,4061.19,1853.22,3.059,4.054,7.29,10.0,90.0
94810.92,17445.06,6422.5,88.94,4.95,0.833,36.11,10.0,69.69
98768.52,22952.56,9975.81,1132.39,7.65,9.411,19.17,10.0,86.6
17971.14,13988.17,9875.28,777.06,8.149,2.672,21.67,10.0,68.24
36214.53,13076.66,3860.28,949.06,3.499,5.69,12.58,10.0,90.0
43516.06,7975.89,5287.29,1096.3,3.328,3.789,13.49,10.0,89.41
79875.22,8324.65,9094.56,1092.76,7.388,2.784,17.3,10.0,72.75
63633.41,20117.01,1375.59,447.07,6.895,5.319,9.78,10.0,83.67
67992.91,11776.7,4796.89,1375.42,5.181,6.921,10.64,10.0,90.0
78175.88,4924.63,4086.98,87.34,4.261,7.877,31.52,10.0,74.15
20618.11,3268.69,3301.39,91.31,6.606,6.376,30.53,10.0,74.17
84988.85,12350.08,9944.94,983.05,0.421,5.31,19.24,10.0,90.0
73505.78,12158.92,7468.72,1106.71,0.849,7.795,16.67,10.0,90.0
61960.76,16683.0,4193.1,586.03,5.774,5.223,16.94,10.0,84.73
90076.18,12305.62,8375.71,1125.77,2.182,9.745,17.42,10.0,90.0
73027.57,4443.42,5151.83,1056.41,7.77,5.315,12.03,10.0,79.91
28153.0,13187.27,8791.83,730.98,7.746,3.241,21.89,10.0,72.44
48677.08,22762.95,3030.61,1320.96,7.129,4.519,7.95,10.0,80.37
54463.86,4826.59,2624.2,1917.98,9.046,4.951,5.0,10.0,78.11
14969.59,17554.11,2849.22,1007.07,1.494,2.907,8.5,10.0,90.0
95917.38,15252.62,5615.57,1582.8,2.666,1.672,10.38,10.0,81.15
21571.95,18966.06,3267.48,532.81,2.598,4.371,15.56,10.0,90.0
72771.51,4614.41,1897.64,1535.8,7.846,8.981,5.0,10.0,90.0
55560.79,23598.53,9948.97,1315.37,5.261,2.63,18.19,10.0,75.12
12306.9,15903.19,9054.12,1297.41,2.601,3.682,16.77,10.0,89.56
93227.27,21329.71,6532.62,1791.42,1.451,7.601,11.93,10.0,90.0
86665.31,6918.56,8969.66,505.03,8.941,0.915,24.74,10.0,66.2
57183.21,18745.91,9386.9,768.48,6.952,8.268,21.85,10.0,83.35
30604.81,19744.74,6923.03,211.98,5.332,7.231,30.54,10.0,75.98
20946.06,10538.45,5427.46,1465.93,9.658,5.543,11.07,10.0,78.62
42705.32,10214.88,8879.02,1695.54,8.511,2.174,15.08,10.0,70.88
32988.55,16787.11,5894.07,841.38,1.863,1.018,16.52,10.0,77.98
55602.21,3241.78,1704.61,745.81,5.13,2.394,5.77,10.0,77.93
96976.84,18654.98,3985.13,1334.37,4.912,7.639,8.81,10.0,90.0
61745.81,2029.28,4736.25,197.4,8.458,9.342,25.91,10.0,77.62
90093.8,5574.17,9386.01,622.99,1.576,7.405,22.11,10.0,90.0
68579.1,16939.45,6762.26,764.11,4.573,5.323,19.26,10.0,85.31
52772.19,3359.77,8815.14,1061.25,6.402,9.512,16.15,10.0,88.18
86914.68,24324.21,7697.12,979.31,9.458,8.303,17.66,10.0,81.05
52423.13,21841.51,3443.68,456.93,9.003,6.593,18.23,10.0,81.24
88176.54,16031.26,7327.74,1104.54,5.385,0.475,15.99,10.0,66.11
36241.91,20657.38,2355.35,1855.44,6.107,2.949,5.0,10.0,76.51
21593.18,22301.92,4377.39,102.82,8.539,3.151,33.29,10.0,69.04
86978.3,7227.42,8157.87,1376.6,7.469,3.538,14.46,10.0,74.16
62867.36,21385.88,6313.33,1268.18,8.805,3.955,13.82,10.0,77.19
90018.32,5675.05,8341.42,1852.63,8.97,9.4,11.98,10.0,87.5
94404.45,10920.21,2919.68,1308.42,8.343,7.445,6.24,10.0,84.67
14826.56,14398.23,7622.61,1268.44,0.193,6.95,15.17,10.0,90.0
55087.24,18133.38,2422.08,1551.12,3.178,4.322,5.0,10.0,90.0
43746.81,1723.39,5680.39,572.22,4.095,3.442,17.95,10.0,81.55
66327.26,7972.23,4618.58,1211.68,6.811,1.284,10.86,10.0,71.08
81423.21,15604.46,5786.52,1062.87,3.138,4.59,14.94,10.0,90.0
35253.12,9576.85,1787.57,905.02,3.303,2.133,5.8,10.0,82.33
60111.85,19600.6,3931.66,205.0,4.062,3.971,25.59,10.0,78.24
73785.57,16639.65,6835.59,620.63,9.558,1.648,20.69,10.0,71.02
22098.8,6625.63,5806.04,595.96,4.428,3.506,19.14,10.0,81.32
83266.02,4502.3,5715.21,1462.29,1.493,0.525,9.42,16.97,73.62
64549.86,16097.13,5352.89,1845.28,0.163,0.16,8.33,53.54,86.52
95458.37,11811.22,9466.91,500.04,2.442,8.712,25.76,10.0,87.92
40557.6,5054.97,9378.41,195.52,9.394,6.449,33.27,10.0,72.92
19733.13,8832.98,3921.38,1999.92,9.554,5.918,6.27,10.0,83.29
55585.11,8273.12,3843.0,1397.85,5.337,5.187,8.3,10.0,87.46
17722.97,3595.17,5771.54,1778.62,6.499,7.295,10.63,10.0,89.69
97257.39,14125.82,1408.26,330.56,7.98,7.388,11.51,10.0,86.19
13481.65,19327.57,3378.56,1611.5,0.653,9.359,6.88,10.0,90.0
77815.35,14811.21,2693.24,1635.98,3.806,2.52,5.0,10.0,83.01
57259.22,20830.99,2622.2,345.4,6.458,7.873,16.82,10.0,87.62
43175.86,4061.65,6565.8,364.74,8.993,9.912,23.04,10.0,79.29
15925.79,11454.68,4151.33,626.13,7.296,0.387,16.63,10.0,66.29
65995.02,15625.96,2126.06,472.74,3.566,3.802,13.41,10.0,86.22
62669.83,17224.04,8931.93,1952.05,9.109,4.417,13.12,10.0,77.09
35279.49,17698.87,8804.41,757.74,6.68,8.236,21.54,10.0,83.58
91919.95,18495.17,8693.4,1534.55,8.319,0.236,15.12,10.0,67.5
37369.9,16634.32,4212.08,1619.85,3.917,6.026,8.25,10.0,90.0
50475.29,3261.47,1041.33,802.58,0.121,8.937,5.0,17.12,90.0
58938.62,17687.34,1514.05,1381.04,1.745,1.562,5.0,10.0,89.02
19020.87,18394.78,3122.46,260.21,9.279,1.244,21.59,10.0,69.19
93894.55,24843.52,2589.72,824.08,0.428,9.998,10.16,10.0,90.0
43708.25,17640.7,8802.86,1936.26,6.001,8.277,12.85,10.0,90.0
17270.13,17483.93,9870.4,378.63,4.15,7.004,28.41,10.0,79.65
44856.21,13355.52,8258.4,802.14,4.353,4.05,19.56,10.0,81.98
64018.23,21830.15,7433.56,1591.52,4.068,8.554,13.33,10.0,90.0
56228.74,24924.03,6091.93,1347.58,0.768,9.235,12.67,10.0,90.0
72508.78,19697.08,7814.13,1281.46,1.311,7.351,15.32,10.0,90.0
14993.55,15700.01,9496.82,1713.85,0.723,4.041,15.12,10.0,90.0
35608.65,2894.92,6212.77,106.73,0.634,5.877,33.37,10.0,73.76
83730.75,18441.74,1968.83,1553.77,0.948,1.075,5.0,10.0,90.0
17190.43,18005.48,2056.65,1770.97,6.997,1.664,5.0,10.0,70.92
86993.74,19613.64,6046.7,81.54,1.231,7.852,37.18,10.0,71.24
18270.65,3989.33,3667.95,1139.98,2.689,0.39,9.63,15.73,69.23
85100.88,16689.58,9147.35,729.75,6.604,0.587,22.01,10.0,66.6
42470.96,8097.37,6310.6,148.99,1.211,5.129,31.8,10.0,76.65
65098.82,19246.51,6926.68,864.61,9.112,1.788,17.39,10.0,69.2
23759.84,6768.97,555.3,1305.86,4.827,3.008,5.0,10.0,81.83
15955.18,17415.49,5239.06,1842.08,9.634,4.048,8.97,10.0,75.44
29434.44,8079.83,4596.06,1260.03,2.006,5.27,10.75,10.0,90.0
21506.84,1215.86,7205.78,1720.65,0.403,2.907,10.3,10.0,90.0
38116.53,16200.59,4135.07,287.06,5.944,4.887,23.76,10.0,77.21
56294.49,3718.46,9777.46,460.52,3.355,3.77,24.51,10.0,77.94
62988.35,16823.0,6866.93,1942.07,5.767,0.902,10.27,10.0,68.68
81088.13,23214.63,6769.22,1780.43,4.789,8.685,11.5,10.0,90.0
69061.59,24261.9,9233.74,508.69,4.626,2.886,24.03,10.0,74.57
64788.25,6662.15,9954.45,1260.9,8.527,6.133,18.23,10.0,81.34
47060.38,20422.08,2379.3,757.13,1.999,5.741,9.28,10.0,90.0
52642.76,9485.28,8200.06,963.77,5.046,2.072,18.5,10.0,74.75
47306.87,22610.97,2042.04,1728.71,4.218,0.397,5.0,10.0,67.32
85794.94,19899.75,4841.91,1484.64,6.77,8.584,9.73,10.0,90.0
30700.04,2774.12,1451.76,514.96,0.596,5.027,8.92,17.54,90.0
10514.88,10771.29,6422.02,666.19,5.341,4.203,20.67,10.0,80.7
68618.79,9095.63,4950.92,614.94,4.838,7.653,17.43,10.0,88.96
28221.6,19844.34,6472.64,1572.29,9.738,0.428,12.59,10.0,66.49
90110.36,10846.86,6940.63,1005.67,7.583,7.676,15.91,10.0,86.84
87314.17,17430.12,6384.61,1903.91,1.634,4.148,11.0,10.0,90.0
16905.46,15458.45,3293.28,1642.54,5.141,5.561,6.63,10.0,87.95
19574.96,24415.33,8451.11,461.83,7.859,7.549,25.72,10.0,76.03
54565.44,23506.84,5741.02,1582.59,5.293,5.513,10.29,10.0,89.63
64830.04,11264.79,5153.59,1036.85,3.631,0.712,13.45,10.0,70.93
34741.75,18365.88,9877.11,544.73,3.829,7.313,24.84,10.0,84.12
74511.79,20907.04,3193.33,758.5,3.733,7.885,12.07,10.0,90.0
63542.44,22573.26,5516.29,1945.65,0.298,4.673,9.62,10.0,90.0
39234.17,2635.22,6982.08,993.72,7.333,4.447,14.02,10.0,78.33
12283.43,8249.89,1689.65,1453.23,6.148,2.594,5.0,10.0,75.86
77513.53,8685.52,3865.28,980.32,2.76,6.477,11.86,10.0,90.0
29327.83,11426.7,8116.04,774.54,6.337,8.832,19.97,10.0,87.58
85102.64,5062.35,2749.2,1603.02,3.156,6.594,5.0,10.0,90.0
47826.12,12908.94,5186.26,1704.23,2.509,7.736,9.77,10.0,90.0
61936.97,16917.14,6490.99,190.18,7.437,8.391,30.41,10.0,75.86
88565.39,12936.73,6876.04,594.01,8.11,2.339,21.55,10.0,71.9
87726.07,16979.03,7418.95,1040.35,6.295,4.081,16.61,10.0,78.91
43436.76,2594.6,8726.78,667.17,7.863,4.416,20.87,10.0,72.2
28800.0,22023.7,4232.16,1577.99,3.72,5.633,8.59,10.0,90.0
79763.15,23537.66,7213.0,273.73,0.811,0.587,28.15,10.0,75.76
48977.22,15829.78,7455.66,1605.71,6.088,5.925,13.12,10.0,85.87
27283.78,22153.38,3352.6,1254.88,2.634,0.976,7.79,10.0,72.6
91398.28,4154.7,9697.5,614.27,7.797,8.085,21.78,10.0,81.44
27829.38,20138.77,8719.58,721.69,3.645,9.634,21.03,10.0,90.0
12322.65,3859.56,3253.68,406.65,6.74,2.969,18.09,10.0,73.5
11825.2,10792.25,6913.15,542.52,5.573,5.115,22.51,10.0,81.14
66008.38,8771.64,7319.11,1448.67,8.193,8.25,13.98,10.0,85.84
69550.76,15054.2,4599.09,782.97,8.34,3.215,14.87,10.0,74.16
37993.75,8236.35,8705.56,1390.59,0.776,1.662,15.64,10.0,90.0
38800.99,16295.53,7057.18,1052.51,3.022,7.417,16.59,10.0,90.0
40554.45,9817.29,6752.47,333.33,8.722,7.014,26.16,10.0,75.77
71214.27,21658.97,2597.98,1023.19,4.099,5.742,8.81,10.0,90.0
15232.04,16213.21,4374.5,1525.12,5.197,9.45,9.42,10.0,90.0
93620.47,6167.16,4622.26,630.47,1.915,9.556,15.37,10.0,90.0
30026.89,9067.11,7469.78,1313.76,5.572,8.629,15.04,10.0,90.0
99970.59,21338.1,6374.75,438.11,2.72,3.001,22.92,10.0,81.4
25437.04,10275.51,1315.68,314.61,8.309,2.331,12.35,10.0,71.22
79439.18,13859.18,3423.13,752.44,2.082,8.374,13.31,10.0,90.0
30107.13,16574.61,4993.95,808.95,3.663,6.548,15.39,10.0,90.0
17276.21,9347.43,7498.96,1533.97,1.041,4.022,13.92,10.0,90.0
88744.0,8055.49,7563.91,947.15,5.921,4.157,17.27,10.0,80.51
87287.61,12406.12,5160.16,208.41,9.426,8.548,28.45,10.0,75.21
46321.34,6157.14,1610.86,1286.3,1.814,1.716,5.0,13.26,88.35
73215.65,7821.05,3282.58,965.04,0.295,9.445,10.32,10.0,90.0
60135.93,2489.88,2919.58,696.7,4.282,6.369,10.01,10.0,90.0
86766.05,8295.29,7919.75,1614.33,7.509,7.934,13.92,10.0,84.59
38355.04,8696.9,2209.87,351.05,9.753,3.772,16.09,10.0,74.26
57130.52,24084.0,4916.75,1830.76,0.608,5.91,9.18,10.0,90.0
53683.51,15153.49,6871.83,701.42,7.881,7.525,19.61,10.0,80.19
41851.52,19897.18,9665.47,948.84,3.75,4.408,20.09,10.0,86.46
90230.96,2089.05,9992.79,1862.0,1.622,4.931,11.9,10.0,90.0
24929.01,3556.88,9552.76,1534.42,2.004,5.863,16.53,10.0,90.0
23455.78,20548.89,7323.3,194.89,9.246,0.728,31.64,10.0,68.19
61921.86,15965.19,7591.19,1177.68,8.113,8.646,16.99,10.0,85.01
69174.48,5583.57,7712.5,655.21,3.186,8.68,20.16,10.0,90.0
27515.73,10715.09,8694.75,1041.55,9.408,2.886,18.58,10.0,72.14
45164.57,13928.14,9541.96,1498.79,1.142,8.81,16.47,10.0,90.0
95190.75,21246.64,4734.21,1017.54,3.293,7.477,13.37,10.0,90.0
32195.57,2449.89,4456.85,188.49,6.564,4.884,25.91,10.0,74.05
70152.46,15321.33,4874.41,1083.46,9.994,3.543,12.67,10.0,72.65
76613.45,18208.86,6768.26,97.05,4.71,4.054,36.56,10.0,70.8
50331.58,24469.4,7866.73,729.4,8.126,5.391,21.92,10.0,77.91
94377.34,20371.84,8770.17,982.16,9.167,4.184,18.55,10.0,75.06
76299.11,7629.46,4834.0,1307.11,0.195,4.26,9.81,10.0,90.0
51213.21,18029.9,3952.04,1037.1,2.961,2.111,11.55,10.0,83.59
61240.17,19318.67,9841.85,346.3,1.094,7.107,28.98,10.0,80.55
72335.21,18513.65,2702.93,1867.82,7.783,6.135,5.0,10.0,85.71
63297.12,20683.46,2609.05,1318.08,5.714,9.92,5.52,10.0,90.0
89082.78,22689.52,7296.37,668.09,1.046,1.498,20.5,10.0,86.14
42119.98,3362.32,2206.74,1933.58,4.265,1.226,5.0,10.47,70.56
36989.72,3514.33,4294.39,1771.03,5.188,5.208,7.94,10.0,88.72
29245.5,20113.6,3277.67,329.81,7.008,1.605,20.01,10.0,69.09
13400.47,7056.94,2102.75,1328.09,7.817,6.145,5.0,10.0,82.91
13871.26,2404.99,6007.22,1142.14,0.97,2.042,14.74,11.32,90.0
88304.97,10629.5,4048.36,425.98,4.928,4.882,20.54,10.0,83.94
71055.38,20677.05,4891.22,505.28,1.695,6.152,19.4,10.0,90.0
69447.92,4037.56,2360.7,1149.36,7.557,4.635,5.0,10.0,78.28
65317.85,17124.21,7794.73,676.51,6.611,3.268,21.51,10.0,74.79
86429.72,1086.78,3489.76,1677.92,7.258,7.845,5.0,10.0,90.0
53224.02,3633.7,3755.82,240.59,0.842,8.561,22.31,10.0,90.0
88336.97,9420.41,2895.46,1832.36,5.152,2.853,5.0,10.0,77.49
42350.05,3006.45,4626.83,1689.08,8.422,8.153,6.54,10.0,85.55
93403.68,21301.64,4903.98,1490.32,7.162,3.977,10.8,10.0,77.63
72879.13,21737.69,5531.84,562.01,8.631,4.927,19.7,10.0,76.63
33145.94,19133.7,9691.9,1444.17,2.14,2.394,16.62,10.0,86.05
60767.64,6819.51,9094.57,905.6,2.94,6.295,19.91,10.0,90.0
57972.75,13557.93,6289.23,1285.83,4.469,1.099,13.29,10.0,70.97
22410.89,5420.52,869.58,659.48,5.28,5.957,5.0,10.0,90.0
63211.86,7750.68,6316.47,1679.92,2.596,9.898,11.45,10.0,90.0
38330.71,13384.13,1351.85,129.12,3.874,7.559,19.36,10.0,90.0
14711.39,18640.33,7248.27,1398.35,6.902,8.961,14.96,10.0,89.61
95379.05,3271.71,4205.74,1665.83,6.489,4.696,5.63,10.0,83.16
67734.13,8120.72,8458.12,1310.53,1.194,1.507,15.96,10.0,88.49
88922.7,23238.91,9454.03,424.38,9.858,2.956,27.6,10.0,69.44
70845.04,11298.96,4462.55,605.71,5.671,0.585,17.44,10.0,67.99
42128.53,23532.87,4875.28,1054.07,4.887,5.068,13.76,10.0,86.34
56141.93,24793.61,6106.4,692.43,9.676,6.532,19.39,10.0,77.82
70817.21,13639.84,2372.76,59.59,1.489,4.302,31.58,10.0,76.54
96422.71,7913.06,9309.66,129.32,5.482,5.676,35.61,10.0,71.13
32830.25,19978.64,4613.5,1547.15,8.07,3.275,9.64,10.0,74.0
88747.94,4823.46,2084.79,213.23,4.049,0.95,18.15,10.0,71.18
93167.0,7049.12,7745.95,1859.64,7.389,4.377,11.5,10.0,78.5
70337.4,19837.12,2581.94,913.34,9.002,5.523,9.3,10.0,81.22
93814.0,11407.5,1863.53,1528.46,2.69,9.828,5.0,10.0,90.0
45809.07,5836.91,5847.28,294.73,2.49,3.538,26.05,10.0,81.46
95771.46,16627.02,6879.2,1856.69,3.671,6.81,10.12,10.0,90.0
73250.46,18586.28,5910.85,115.93,4.243,8.244,34.66,10.0,72.38
13780.52,4001.71,6736.85,132.17,1.199,3.42,33.59,10.0,73.95
91618.55,7647.53,1597.48,156.44,2.39,9.306,18.77,10.0,90.0
53602.55,6310.64,5022.17,251.65,8.745,3.454,26.85,10.0,71.8
51429.43,10116.51,3891.68,999.32,5.709,9.701,11.66,10.0,90.0
60981.99,19322.68,9747.0,1587.14,2.751,0.121,15.53,10.0,68.13
23444.61,18128.99,971.43,605.65,9.442,6.378,5.0,10.0,81.7
52224.94,16900.57,3333.79,1504.26,7.766,7.92,7.03,10.0,88.6
84801.45,1150.85,9447.69,1559.42,3.688,2.873,14.04,10.0,79.97
11393.42,4411.44,9843.21,1821.14,7.678,1.259,14.4,10.0,68.79
34562.54,6359.14,8336.57,341.24,6.001,0.341,26.49,10.0,66.84
10220.91,7526.94,1221.98,314.29,6.87,0.837,12.56,10.0,67.35
47414.02,4514.24,5832.87,288.09,3.282,5.476,25.35,10.0,81.41
75548.4,10847.57,4301.17,750.66,2.174,8.408,14.73,10.0,90.0
81889.46,2804.33,8161.3,1004.35,2.61,0.725,16.17,12.04,69.87
95067.08,19000.53,1022.73,950.14,0.929,1.22,5.0,10.55,90.0
64765.42,19905.3,2372.72,551.25,4.763,0.151,13.21,10.0,67.84
32916.42,14782.4,5147.35,1262.86,4.122,2.895,12.49,10.0,81.56
93173.32,3152.92,1997.65,709.63,0.125,9.22,7.23,10.0,90.0
79778.42,22362.0,7080.79,763.86,8.578,2.835,20.38,10.0,73.36
61698.56,24175.26,8297.29,255.78,6.851,4.464,29.79,10.0,73.46
72607.62,5856.73,7192.94,1204.85,4.523,1.872,15.07,10.0,74.23
93188.47,17911.36,4682.7,1327.8,9.674,1.251,9.65,10.0,69.0
74115.46,21206.53,8844.68,1528.0,9.411,1.906,15.46,10.0,69.77
43153.71,13956.24,1808.02,1812.82,1.041,2.183,5.0,10.6,90.0
74172.54,8759.75,2973.22,1543.71,6.19,1.39,5.0,10.0,70.66
13625.03,12485.41,5150.63,509.7,8.189,7.936,20.87,10.0,82.68
44777.4,13294.45,1082.72,509.53,1.812,4.825,5.75,10.0,90.0
46569.07,10615.29,1409.01,1834.42,1.367,5.444,5.0,10.0,90.0
25015.44,23316.22,4275.71,1590.76,2.672,3.809,8.31,10.0,90.0
12077.69,18853.19,9466.92,1575.38,2.869,2.186,15.17,10.0,81.39
22004.31,6791.24,9129.93,1453.44,9.653,1.03,15.59,10.0,69.17
68915.93,15053.37,4926.76,571.04,7.827,0.852,18.58,10.0,69.47
82205.99,17528.54,1850.51,1702.45,0.691,1.933,5.0,11.59,90.0
98938.31,4363.75,2192.02,328.63,7.886,8.517,14.45,10.0,84.16
41172.72,9602.22,4086.69,732.53,1.779,2.244,14.95,10.0,88.7
63944.13,22733.16,2495.7,725.63,3.637,3.613,10.76,10.0,85.96
94343.05,14612.15,1288.27,1142.26,3.253,5.77,5.0,10.0,90.0
25033.76,6207.95,6900.89,953.71,2.797,5.163,16.84,10.0,90.0
74588.1,3946.84,6023.76,946.63,3.157,6.692,14.28,10.0,90.0
77948.09,13437.45,3267.32,1129.47,7.567,2.024,9.2,10.0,70.78
18007.8,14144.46,7900.01,860.07,2.739,5.288,19.38,10.0,87.17
87512.44,9025.95,7871.51,537.47,8.027,7.701,22.79,10.0,80.42
83179.45,16129.98,5164.52,1345.04,1.001,3.936,11.16,10.0,90.0
13006.27,2648.43,1417.06,1591.74,5.992,9.722,5.0,10.0,90.0
18197.6,4483.35,9225.46,984.04,8.644,5.822,19.17,10.0,78.47
14421.42,14110.57,6852.27,1316.49,0.885,6.781,13.25,10.0,90.0
40126.92,2483.58,2846.98,1093.96,6.385,4.645,6.8,10.0,81.35
55836.01,22141.81,6299.32,165.04,5.165,8.593,31.68,10.0,73.17
57911.3,4411.51,4347.7,875.02,3.386,4.57,12.52,10.0,89.83
34090.01,17174.08,6535.82,69.21,1.097,9.429,39.7,10.0,72.16
92043.72,10388.88,5001.77,1340.66,6.797,3.144,10.63,10.0,76.61
43143.65,10594.91,5111.99,1040.91,3.163,8.672,14.37,10.0,90.0
14099.51,19357.35,7490.88,297.32,3.455,6.43,28.59,10.0,78.59
37020.44,12987.09,6330.39,1107.27,7.204,8.011,14.47,10.0,87.77
57799.85,18415.73,1259.55,1801.93,9.459,0.473,5.0,10.0,66.88
46739.96,13124.59,1121.05,713.96,3.403,2.845,5.0,10.0,86.3
34645.83,15229.73,3397.59,1965.62,7.493,8.486,5.0,10.0,90.0
21819.09,19257.15,4587.34,1920.79,9.57,3.252,7.51,10.0,72.65
83724.81,15575.41,3114.61,1581.35,1.068,7.155,5.92,10.0,90.0
99653.07,15774.76,6688.87,1636.91,5.339,9.923,11.05,10.0,90.0
39658.79,19941.27,2353.53,850.56,0.211,1.854,8.31,21.69,90.0
44345.89,23778.08,7189.34,834.96,8.269,4.234,18.34,10.0,76.92
65623.38,10041.19,7844.93,1911.07,2.94,1.735,12.4,10.0,81.86
74659.73,14850.81,1681.03,764.08,3.394,1.627,5.6,10.0,79.23
45282.66,3070.56,6682.66,238.9,6.904,6.367,27.02,10.0,77.16
91443.66,9611.29,9633.64,347.77,7.913,1.995,28.16,10.0,68.57
60400.36,10889.18,2331.83,1435.28,4.06,4.878,5.0,10.0,89.87
50535.11,21045.7,9138.38,796.81,6.689,9.782,21.51,10.0,84.7
68200.55,13321.42,6257.46,438.72,9.568,3.398,23.76,10.0,73.11
95752.35,18545.59,6113.98,1636.88,8.88,8.749,10.68,10.0,87.92
81509.71,1456.18,993.27,1002.91,7.043,4.024,5.0,11.01,80.43
13601.18,12147.82,7608.85,1156.9,9.436,2.702,16.34,10.0,70.27
39907.89,22631.62,5043.59,350.2,8.772,3.429,23.81,10.0,73.8
52349.02,6383.53,7351.16,425.87,7.317,1.364,24.59,10.0,68.92
38306.58,1756.53,8187.22,295.42,9.181,6.822,26.9,10.0,74.04
73016.88,11401.81,5476.07,1053.36,8.192,5.139,14.69,10.0,80.26
84364.22,17906.36,3004.62,1562.53,5.072,6.177,5.32,10.0,90.0
75821.06,11907.12,1844.94,1477.96,5.073,3.101,5.0,10.0,80.74
99040.0,12039.48,2024.78,559.4,0.187,6.569,11.67,10.65,90.0
34529.29,17075.32,8735.88,1710.52,0.399,1.73,14.02,10.0,90.0
88749.05,7105.33,1673.99,256.04,7.488,6.559,14.42,10.0,84.66
78996.04,19045.35,4154.59,272.4,5.592,0.903,23.6,10.0,69.32
42596.09,4674.72,3675.61,1706.14,7.633,4.063,7.04,10.0,77.22
76071.21,10498.01,8721.83,526.62,9.502,6.137,24.34,10.0,76.28
19366.84,16744.19,5038.09,1430.83,4.58,8.568,10.2,10.0,90.0
81040.01,20880.86,9966.24,67.71,0.976,8.143,43.87,10.0,67.27
57909.75,19996.75,7502.02,232.52,6.303,5.317,30.48,10.0,73.92
36306.12,18320.45,8583.77,1238.11,1.087,8.845,17.25,10.0,90.0
69019.96,9618.31,1437.39,405.71,6.251,5.108,11.26,10.0,82.26
67745.8,3935.3,2904.47,105.02,5.325,5.22,26.56,10.0,76.79
28853.76,6204.02,1786.74,960.55,7.151,7.233,5.76,10.0,89.03
12735.77,21756.01,4904.41,694.51,3.574,8.79,16.62,10.0,90.0
49026.03,21575.95,7323.73,1614.4,1.524,6.067,12.47,10.0,90.0
61256.07,23837.46,2106.1,1646.72,2.438,9.447,5.0,10.0,90.0
88894.48,2823.73,1736.6,1248.13,6.868,2.403,5.0,10.0,72.77
93539.51,13883.42,6338.78,621.42,4.834,9.251,19.71,10.0,90.0
57592.47,16568.39,2687.97,950.17,5.454,2.294,9.66,10.0,75.26
77842.31,18055.78,5053.59,1419.4,3.298,5.312,11.44,10.0,90.0
49537.29,16452.72,985.62,185.15,8.383,7.981,14.76,10.0,87.04
77147.39,19480.27,6965.82,698.37,9.995,8.036,20.54,10.0,82.44
28432.14,9627.32,5642.51,1653.62,3.191,2.854,9.98,10.0,85.49
43395.83,5306.39,6650.52,841.76,7.215,9.86,18.07,10.0,86.63
67080.52,5910.0,3116.36,1268.1,1.794,0.898,7.3,12.9,76.29
11634.22,1287.49,3146.73,237.85,7.45,0.444,21.35,15.76,67.85
75021.52,9407.72,8112.93,1565.24,4.365,8.431,13.58,10.0,90.0
85198.2,3201.86,7326.34,245.91,6.093,8.208,27.4,10.0,76.92
45922.75,8715.73,6007.42,1729.97,2.452,7.157,10.54,10.0,90.0
50314.82,16077.04,6467.36,257.87,8.531,8.523,27.86,10.0,73.79
86615.4,22467.47,1393.42,1787.24,1.816,1.462,5.0,10.0,86.2
79808.92,21150.53,8633.63,759.35,9.293,1.047,21.73,10.0,69.02
35933.45,7064.18,7814.12,1267.83,0.706,9.697,15.0,10.0,90.0
39157.85,4218.0,6109.67,1700.77,2.951,6.28,10.03,10.0,90.0
71099.04,5633.73,9226.65,69.97,5.673,9.206,40.77,10.0,67.57
60687.83,24303.68,2102.06,568.1,8.599,9.074,10.96,10.0,87.55
24600.66,14187.39,7023.25,1821.26,5.813,6.566,11.31,10.0,87.38
37893.69,5380.05,9648.33,806.94,2.24,6.322,22.11,10.0,90.0
90998.49,21177.91,3445.09,1427.43,8.604,3.663,7.18,10.0,75.53
71935.7,10484.59,645.28,323.02,6.002,1.576,5.68,10.0,69.97
98737.69,22581.33,7481.24,1372.82,2.4,6.897,13.95,10.0,90.0
79031.13,7256.25,566.31,192.66,5.662,8.197,8.43,10.0,90.0
94777.7,10437.32,8789.07,1448.78,6.785,5.492,15.51,10.0,82.51
29456.97,13118.75,1034.86,681.42,6.837,0.604,5.0,10.0,67.01
79433.64,22422.77,6701.26,958.4,7.268,1.535,17.27,10.0,69.41
11819.58,21850.18,4083.25,374.21,8.968,1.109,20.23,10.0,68.6
70368.4,14784.52,2431.74,1274.31,8.266,6.613,5.11,10.0,87.2
52235.41,6322.61,9033.45,708.26,6.116,5.691,22.15,10.0,79.46
41208.41,10680.57,7589.34,797.58,0.418,4.718,19.43,10.0,90.0
87616.39,24415.19,3734.19,1321.78,7.52,5.48,8.87,10.0,82.51
86884.09,15586.56,3199.45,398.78,9.752,2.832,18.18,10.0,73.05
12007.15,19746.35,7492.12,1711.42,3.125,8.067,13.29,10.0,90.0
64855.46,11796.75,8447.42,1491.61,6.108,3.353,14.52,10.0,79.33
43104.9,13768.17,7300.58,1176.57,7.71,6.479,15.7,10.0,85.18
47409.49,11294.9,6579.9,300.25,6.427,3.97,26.62,10.0,76.59
84883.67,17870.1,2665.28,1389.86,9.233,0.814,5.01,10.0,67.87
37885.58,21435.3,8601.64,85.29,4.786,2.644,40.16,10.0,68.98
94874.39,13176.73,7621.79,1618.57,5.365,9.654,12.9,10.0,90.0
26167.04,12540.82,5414.11,642.41,0.479,1.986,18.44,10.17,90.0
69645.02,9166.88,5360.08,278.56,9.012,1.139,25.69,10.0,69.41
70489.46,5250.32,5907.14,370.75,2.697,2.982,22.62,10.0,80.85
32697.56,23541.95,8368.63,1928.11,9.786,8.791,12.25,10.0,85.79
39227.55,8585.91,7551.47,1558.97,2.101,3.13,13.65,10.0,90.0
85131.86,20216.6,8634.33,513.85,2.609,4.232,24.44,10.0,82.02
78562.47,18168.33,5319.19,1928.76,4.898,3.17,8.39,10.0,79.55
39618.63,19982.02,6434.17,323.23,6.639,9.891,25.48,10.0,82.12
58056.09,23482.44,8618.43,1480.38,4.463,9.999,15.3,10.0,90.0
15551.23,15960.9,2707.04,1330.64,3.583,4.879,5.43,10.0,90.0
28787.13,22550.81,4718.2,1651.88,5.447,7.87,8.53,10.0,90.0
53723.85,5024.74,6396.2,794.31,9.587,2.279,16.81,10.0,72.23
17737.64,16041.1,9193.89,833.58,9.623,3.806,20.2,10.0,74.27
85899.91,19534.61,650.44,1267.91,3.348,6.825,5.0,10.0,90.0
74620.56,7519.39,2519.45,826.5,6.834,2.935,9.66,10.0,75.88
94927.03,18778.09,2727.28,130.63,7.247,2.325,26.53,10.0,72.8
72412.02,19683.44,3602.82,1472.93,6.569,9.23,8.21,10.0,90.0
94636.12,20948.51,3176.97,1299.84,1.219,2.519,7.31,10.0,90.0
59906.13,8509.19,6106.32,876.24,5.441,0.687,15.58,10.0,68.46
64019.67,17358.56,8913.39,640.52,7.656,7.536,22.45,10.0,79.96
97927.39,8302.08,6551.29,675.42,2.088,2.508,19.4,10.0,85.15
67791.62,18736.97,2794.5,1495.01,3.547,4.557,5.12,10.0,90.0
12770.79,12111.37,8705.65,1471.86,2.118,1.204,15.38,10.0,79.1
75142.25,15341.06,6504.43,1646.89,8.881,0.778,11.66,10.0,67.32
91492.18,10980.16,2580.14,1536.25,8.599,4.658,5.0,10.0,79.02
81602.22,4887.59,3935.83,1527.99,1.775,3.437,6.63,10.0,90.0
62544.99,5272.71,8004.67,540.96,7.629,5.109,21.71,10.0,78.31
70417.32,2861.65,7519.85,248.14,3.703,9.661,26.41,10.0,79.09
99117.26,15833.74,5977.53,1535.42,6.893,4.133,11.9,10.0,79.21
18159.59,21367.32,1875.29,242.31,4.984,6.066,17.63,10.0,87.76
70052.03,1500.08,8131.25,1965.12,4.773,1.066,10.66,10.51,70.91
35505.79,2589.75,3421.65,1756.42,8.825,8.871,5.0,10.0,87.25
67608.14,11979.21,7830.18,1090.25,6.406,8.078,17.18,10.0,89.71
64686.12,18705.3,6651.88,736.76,2.434,5.272,18.93,10.0,90.0
23811.11,4784.98,3009.62,1077.34,1.197,1.915,8.39,14.42,90.0
28607.2,7519.63,2517.51,1481.89,9.341,4.317,5.0,10.0,76.99
65946.66,6568.15,1743.64,1524.84,1.619,3.044,5.0,10.59,90.0
21540.7,10577.23,2798.49,193.65,7.367,9.946,23.43,10.0,83.29
33866.28,6399.97,1999.38,1619.47,5.009,4.959,5.0,10.0,89.76
85172.1,9462.37,6361.99,1300.92,1.487,4.28,12.81,10.0,90.0
39438.24,18485.02,6188.44,129.13,7.789,1.774,34.37,10.0,70.03
53925.41,15664.22,6068.63,660.66,9.054,2.467,19.31,10.0,69.44
94702.63,2948.36,6597.95,1045.75,1.303,7.145,14.67,10.0,90.0
30443.42,16305.9,8240.45,417.48,0.764,5.396,25.3,10.0,88.23
45066.34,12449.85,9178.75,352.72,8.514,3.645,28.06,10.0,71.39
64581.2,23429.57,2688.57,77.85,5.059,3.04,30.77,10.0,73.87
77980.5,7943.3,6083.86,1827.52,6.778,2.087,10.24,10.0,71.28
91148.8,18427.99,1244.19,159.41,4.471,0.436,16.73,10.0,69.06
92392.57,18540.66,1641.35,763.72,4.183,9.774,5.55,10.0,90.0
79897.61,6316.02,6716.22,451.25,3.067,7.556,21.95,10.0,85.94
30549.78,22677.37,5122.52,1495.01,5.673,9.286,10.92,10.0,90.0
12232.84,12788.4,7704.15,1429.01,1.682,4.184,14.26,10.0,90.0
44539.65,17293.2,4543.94,1622.13,7.201,8.707,8.8,10.0,90.0
22739.4,4500.53,1712.18,1252.78,5.539,2.637,5.0,10.0,78.22
73934.89,7187.29,8784.51,1203.72,8.49,5.147,16.25,10.0,78.5
69501.75,15066.57,1287.44,843.87,9.218,2.105,5.0,10.0,70.56
13957.45,8656.65,2295.16,1290.9,9.016,7.726,5.0,10.0,85.29
85293.44,12992.63,3131.28,274.65,6.052,5.026,19.86,10.0,77.99
32386.89,9976.12,9955.17,1384.8,3.255,5.409,16.54,10.0,90.0
48900.44,16373.29,4460.17,252.6,3.636,8.609,24.42,10.0,84.5
70114.04,12691.49,5266.23,1730.39,6.56,7.418,9.56,10.0,89.63
48647.69,1110.64,7812.12,1036.08,7.148,9.666,15.65,10.0,89.3
49715.9,16592.34,6545.95,1084.2,1.697,4.113,15.81,10.0,90.0
15906.52,11130.92,8493.5,1190.47,9.98,4.668,17.95,10.0,75.19
46129.92,9200.76,5121.12,1563.3,1.164,6.192,10.15,10.0,90.0
78836.31,3259.52,9735.69,983.02,6.11,4.588,18.33,10.0,79.82
92365.87,6288.87,8069.72,883.8,5.357,4.254,16.98,10.0,78.5
47214.74,6370.53,4312.97,612.25,5.951,3.472,16.8,10.0,77.54
48122.72,23448.87,4122.08,299.68,5.384,8.336,22.53,10.0,85.19
73236.44,11380.31,9330.17,421.17,0.673,5.382,26.59,10.0,86.76
94849.48,2009.58,7001.95,51.03,9.96,6.113,40.82,10.0,69.88
34035.48,4331.6,6403.62,1745.37,9.815,2.12,11.44,10.0,71.14
49612.98,2896.78,7699.39,1541.67,5.291,2.593,11.93,10.0,75.5
81637.59,15132.87,5827.92,476.43,2.163,3.464,21.53,10.0,88.14
64872.42,5478.92,2012.08,54.66,1.911,4.707,30.56,10.0,78.11
19952.77,12965.38,3532.55,1009.63,0.665,0.535,11.26,22.51,83.05
66495.95,9881.49,5800.48,854.52,6.157,8.895,15.67,10.0,87.55
26807.17,20293.03,672.59,1563.21,4.835,9.047,5.0,10.0,90.0
55919.43,8691.75,4654.83,835.65,4.221,6.651,14.01,10.0,90.0
57619.29,11998.37,7680.13,1735.02,5.3,3.229,13.41,10.0,80.55
88858.3,18310.85,2060.22,236.88,8.741,3.915,18.79,10.0,74.05
51624.48,11400.43,1113.31,763.42,0.8,7.367,5.0,10.11,90.0
35149.82,20037.17,8442.28,1871.18,5.486,2.934,12.19,10.0,78.2
30786.97,16880.42,6364.1,72.87,7.04,6.128,38.68,10.0,70.07
88682.67,10852.7,2177.5,812.04,9.71,9.072,8.64,10.0,87.42
25390.98,13095.57,8159.9,556.42,7.423,4.163,23.96,10.0,77.72
48328.17,24212.88,6752.23,1087.13,5.526,5.912,15.97,10.0,86.2
26845.58,16878.68,3674.13,593.6,7.691,9.293,15.56,10.0,88.18
79597.36,22719.89,4073.86,1746.32,9.971,3.472,7.11,10.0,72.75
52693.54,5290.2,1980.94,1877.42,8.898,7.62,5.0,10.0,88.06
41602.93,12597.67,8434.93,1705.81,0.982,7.576,14.51,10.0,90.0
42498.97,22807.88,5335.56,827.21,5.791,9.292,16.45,10.0,90.0
86699.28,8742.69,5791.68,1980.37,7.886,8.6,8.68,10.0,89.52
59839.66,24223.94,8893.17,1483.32,6.752,7.513,15.75,10.0,88.72
74608.11,3329.86,650.39,743.44,4.228,6.402,5.0,10.0,90.0
90733.47,22664.11,1135.77,232.7,3.292,2.488,13.49,10.0,82.63
91156.75,11685.09,2035.0,1350.74,6.307,6.739,5.0,10.0,87.9
39565.81,2769.86,785.36,1470.71,4.182,2.837,5.0,12.09,83.2
95720.61,22108.52,6752.48,288.8,3.981,4.456,27.42,10.0,77.52
12238.83,7046.57,6521.85,1121.99,8.384,7.126,15.75,10.0,84.89
43915.2,1534.0,2502.62,1974.82,3.225,6.781,5.0,10.0,90.0
90621.9,4259.37,1919.36,686.17,6.485,4.072,6.53,10.0,80.14
34717.32,16818.75,1884.0,638.7,8.747,1.908,9.8,10.0,72.29
34577.33,24467.48,9555.79,1811.44,6.256,4.893,14.43,10.0,82.31
37236.01,3675.09,7088.29,278.96,4.979,2.773,26.41,10.0,73.97
65108.2,12086.75,6061.57,1870.38,0.449,2.629,9.67,10.0,90.0
49449.95,5335.28,3563.63,1570.0,6.848,3.335,6.89,10.0,76.37
75406.14,18880.88,4613.91,812.14,9.976,7.092,14.56,10.0,81.97
90541.96,3833.41,1349.36,212.92,8.103,5.023,14.06,10.0,77.87
70677.94,6756.2,9982.44,87.39,6.381,3.794,39.91,10.0,69.55
28402.0,5713.74,7673.31,782.87,4.745,9.016,19.45,10.0,90.0
93941.37,14260.47,6403.8,1425.44,2.321,7.097,12.25,10.0,90.0
33804.36,21956.42,6083.79,1000.68,6.952,4.997,15.01,10.0,78.17
23490.49,13266.16,5290.99,1490.37,1.855,4.271,10.56,10.0,90.0
18097.06,2397.84,2945.56,1357.61,8.882,8.207,6.85,10.0,87.36
60704.54,14521.33,2650.71,1167.17,3.604,1.812,7.19,10.0,76.21
20238.62,20140.5,5720.56,1936.62,4.058,6.675,10.39,10.0,90.0
22489.83,4171.75,1166.91,1470.35,2.239,0.308,5.0,19.26,69.41
37002.74,2745.07,1207.47,1833.5,4.868,0.169,5.0,12.43,66.63
35348.77,5507.39,5827.73,522.21,6.836,9.325,21.64,10.0,85.85
64381.56,18906.07,9238.21,1441.6,3.098,5.188,16.58,10.0,90.0
83507.08,15200.33,9185.58,1215.72,7.048,3.22,17.94,10.0,77.22
78521.47,13974.27,602.87,1852.38,6.244,7.967,5.0,10.0,90.0
33623.6,6987.52,1520.25,1045.38,3.787,9.85,5.0,10.0,90.0
32077.94,8973.68,6039.24,595.3,3.197,0.441,19.55,10.0,69.29
96921.24,24181.24,8560.52,800.44,8.627,0.476,19.12,10.0,66.03
10741.26,6775.01,9567.27,476.72,0.218,8.562,26.1,10.0,89.58
89174.85,22639.49,8675.53,478.95,7.187,5.611,24.55,10.0,76.69
27975.57,14932.76,6937.32,967.32,4.231,8.839,16.84,10.0,90.0
95255.59,3959.12,2404.99,1790.51,7.205,6.977,5.0,10.0,88.55
40807.66,12215.5,1189.9,424.15,5.124,4.759,9.01,10.0,86.09
49631.66,23765.17,951.4,611.35,0.93,1.697,5.0,10.0,90.0
73640.86,11045.57,6314.73,1713.33,9.822,3.96,11.7,10.0,75.9
62890.21,21721.28,843.79,711.55,0.952,7.893,5.0,10.0,90.0
38614.54,7154.29,7522.78,1926.71,1.669,2.416,11.73,10.0,90.0
59844.78,14702.13,7268.47,574.39,4.261,7.152,21.81,10.0,86.54
75763.62,21252.45,1256.3,912.18,9.452,2.549,5.0,10.0,72.1
13810.15,23096.52,9112.91,236.44,3.001,4.689,31.65,10.0,74.05
11007.94,12659.76,5458.33,1984.74,5.73,0.946,9.51,10.0,71.53
51226.02,16352.51,9092.17,1785.78,5.262,4.604,14.46,10.0,85.96
21865.3,1071.52,9065.3,1644.25,3.368,6.166,12.59,10.0,90.0
69790.99,7077.36,2371.82,356.82,6.994,5.677,15.61,10.0,84.83
29264.72,7689.09,4115.49,1940.25,5.064,4.124,6.02,10.0,82.25
48956.6,3243.83,1778.95,1861.85,5.825,3.76,5.0,10.0,82.97
27790.38,7712.68,7862.29,899.56,2.181,2.826,17.95,10.0,90.0
59363.52,8706.93,5289.19,1379.19,9.273,7.694,11.3,10.0,84.04
20444.81,24250.38,9323.67,1985.29,1.195,7.848,13.59,10.0,90.0
12079.62,17046.46,2478.04,849.0,6.934,4.882,8.91,10.0,83.34
14601.85,11224.12,7039.49,270.44,8.87,3.887,28.28,10.0,71.72
95883.26,24713.31,9897.75,1742.17,0.932,6.41,15.09,10.0,90.0
22805.76,4677.58,6821.12,979.15,0.385,5.622,15.81,10.0,90.0
73763.04,12425.23,1153.35,1974.59,3.398,6.706,5.0,10.0,90.0
16113.36,16529.49,6090.03,1124.24,7.92,3.13,14.4,10.0,74.66
19734.43,2333.94,2208.51,107.48,7.202,7.905,26.79,10.0,79.86
55798.86,18207.97,789.78,1008.87,8.239,3.236,5.0,10.0,74.08
51838.38,3396.82,3682.13,1450.22,4.035,4.245,5.63,10.0,89.0
95642.23,4366.78,3027.99,100.76,9.938,1.411,26.64,10.0,69.04
95035.19,4832.55,7993.32,856.22,3.724,8.568,17.37,10.0,90.0
80164.78,23293.36,4049.97,353.34,8.073,6.478,21.73,10.0,81.51
64189.16,17397.65,7463.11,1304.04,3.573,2.429,14.73,10.0,80.65
50946.43,16730.26,654.27,1916.82,2.263,8.532,5.0,10.0,90.0
42056.07,14331.84,640.72,1267.94,3.433,7.077,5.0,10.0,90.0
95237.88,8027.34,778.48,1405.01,2.008,4.478,5.0,10.0,90.0
64261.79,15901.35,2583.91,823.3,1.378,9.899,9.8,10.0,90.0
62116.53,10843.59,4052.88,1148.12,3.703,3.438,10.42,10.0,86.8
30871.1,4489.99,6274.54,1110.52,1.553,1.086,14.64,11.95,79.32
14202.8,17550.33,9866.18,1531.23,5.073,7.361,15.61,10.0,89.11
95066.97,4109.97,3866.89,1720.98,0.451,7.595,5.0,10.0,90.0
38236.17,5576.05,1028.76,1342.63,4.37,0.684,5.0,10.0,67.36
49833.01,20624.78,2351.55,1960.63,9.584,8.212,5.0,10.0,85.97
20317.59,16842.81,9029.59,1665.16,3.653,7.782,14.78,10.0,90.0
85323.19,16143.79,7144.1,293.06,1.463,9.303,27.2,10.0,84.9
12486.86,11036.87,8006.91,1039.58,3.121,1.274,18.29,10.0,74.81
85059.17,10510.73,1679.6,1811.31,7.934,6.048,5.0,10.0,89.15
22625.65,17566.3,1782.38,1890.67,3.205,2.272,5.0,10.0,84.76
89790.77,18760.13,1566.34,791.4,3.897,4.054,6.35,10.0,87.67
75679.54,13245.12,8643.11,1465.12,7.909,2.724,14.85,10.0,73.54
24820.32,24262.46,2494.69,850.56,2.68,4.548,8.99,10.0,90.0
60923.62,23936.79,6609.94,291.14,4.835,1.217,27.56,10.0,69.48
38139.07,10898.31,5403.58,1774.99,0.725,3.105,9.96,10.0,90.0
26040.98,20694.93,5671.7,1867.31,1.823,0.802,9.77,10.0,76.69
87326.4,14038.43,2356.64,1034.26,2.174,4.969,5.83,10.0,90.0
46317.05,13282.14,6534.84,85.7,4.689,3.037,38.17,10.0,68.2
45868.93,2319.14,909.46,1641.27,8.228,5.944,5.0,10.0,84.19
25289.8,14775.39,9937.99,980.07,3.61,4.619,19.77,10.0,84.59
44475.91,22613.87,754.21,196.31,3.867,2.514,11.52,10.0,80.73
88445.52,19723.21,976.49,419.31,3.08,1.119,6.59,10.0,73.28
42681.58,19871.61,3584.15,346.63,3.273,7.558,20.83,10.0,90.0
95644.32,4838.3,8400.44,1388.24,4.095,6.368,13.72,10.0,90.0
95167.8,9602.79,2943.3,633.85,9.004,0.426,13.14,10.0,66.33
23040.88,6596.92,4983.38,299.0,0.341,9.895,23.94,10.0,90.0
25958.01,8581.97,670.78,1839.42,6.283,6.461,5.0,10.0,90.0
87640.67,14908.94,1249.35,1915.24,8.888,2.151,5.0,10.0,70.84
45348.48,9754.81,6275.68,320.22,4.228,8.421,25.05,10.0,82.73
10393.66,14456.75,2346.41,498.96,6.544,8.833,12.85,10.0,87.41
34648.46,11524.03,7095.42,1204.64,5.899,5.779,14.9,10.0,87.75
63786.61,7878.77,7961.22,343.49,3.452,8.867,27.41,10.0,80.87
81933.94,3289.68,8578.17,359.25,1.46,0.389,25.64,19.73,70.45
22004.98,22404.12,1771.09,706.32,2.274,9.457,7.91,10.0,90.0
19948.72,1272.96,4827.33,1900.88,0.669,0.666,6.27,40.13,90.0
92988.34,1039.66,9497.27,1926.76,7.671,6.46,12.81,10.0,86.63
77603.35,20843.15,7834.79,1691.49,5.375,3.524,12.32,10.0,80.77
63080.16,24923.46,1611.12,1406.64,7.878,0.489,5.0,10.0,66.2
79226.81,18450.47,5273.75,1455.31,2.973,9.3,9.5,10.0,90.0
48596.89,1366.57,9262.62,965.67,8.066,1.44,17.88,10.0,68.61
78261.02,6440.57,4680.37,1083.8,3.161,8.552,12.25,10.0,90.0
43462.27,24323.74,8455.47,1287.18,1.301,3.37,16.13,10.0,90.0
31968.51,20406.5,5210.52,1476.01,5.385,7.438,11.23,10.0,90.0
75611.21,14603.2,1514.71,238.85,9.458,2.617,15.1,10.0,71.48
47770.51,6684.66,1904.62,488.53,4.203,5.876,11.77,10.0,90.0
98323.94,1344.88,943.42,1927.74,5.202,8.016,5.0,11.06,90.0
41453.67,1500.68,2355.49,703.53,4.568,5.705,8.3,10.0,89.48
92955.47,15687.54,8989.33,573.52,4.629,3.135,23.9,10.0,75.68
93966.63,1523.97,6676.88,872.73,2.222,2.411,15.37,10.0,85.71
31766.77,24847.12,7519.14,617.3,4.283,1.831,21.75,10.0,71.98
81839.91,5401.21,6405.78,227.8,5.019,8.404,27.53,10.0,77.75
48976.71,18056.98,4172.12,455.52,7.474,6.148,19.45,10.0,79.3
92577.23,4721.43,2560.18,1298.31,1.484,5.136,5.0,10.0,90.0
50511.18,13962.24,9293.34,485.21,5.759,2.571,25.47,10.0,71.85
76987.33,2934.67,5390.88,1312.95,6.656,4.394,9.66,10.0,80.05
52027.07,19402.68,5070.45,245.16,3.89,6.239,26.73,10.0,81.44
30502.07,15038.11,9962.99,131.66,5.537,0.812,37.88,10.0,67.51
27941.51,3068.0,4147.33,1730.06,7.136,3.671,6.51,10.0,78.64
48288.81,21366.07,8614.19,1532.05,4.705,2.471,15.01,10.0,75.77
77994.52,14128.45,8692.27,1348.75,3.4,6.5,15.52,10.0,90.0
64456.43,23118.22,2710.37,110.25,8.265,6.102,27.49,10.0,74.5
71976.64,22998.96,1400.98,516.74,9.889,3.064,8.97,10.0,73.41
35409.37,23092.19,9768.39,1634.01,2.245,0.512,15.97,10.0,71.68
53329.18,2866.84,4546.02,332.1,8.905,1.91,21.08,10.0,68.66
13995.57,3902.99,521.09,1635.06,5.5,1.685,5.0,10.0,72.15
83577.92,24704.94,5240.67,1189.26,4.534,5.727,13.0,10.0,87.5
99090.29,12702.42,6383.35,1493.72,8.942,1.776,11.9,10.0,69.9
46619.12,6717.14,7872.84,1306.79,9.112,4.875,15.7,10.0,77.1
10986.73,19471.95,9457.95,863.13,2.799,6.184,20.75,10.0,90.0
25281.34,7342.85,9194.12,619.36,3.648,8.808,23.08,10.0,87.46
68727.42,18453.18,9431.29,1361.82,8.534,2.526,16.32,10.0,71.57
65087.14,21094.86,805.19,1623.48,4.959,1.941,5.0,10.0,74.37
80907.82,19822.32,7261.85,137.23,2.951,1.815,34.27,10.0,71.52
32849.56,7577.15,2645.65,790.82,9.626,3.668,10.1,10.0,74.38
78726.87,10638.85,2281.75,733.92,2.249,6.527,9.3,10.0,90.0
71918.56,10918.02,8103.03,1140.97,6.142,6.751,16.15,10.0,88.69
39053.3,12790.55,4462.73,272.15,4.336,2.189,24.28,10.0,72.25
59093.93,5016.95,9207.7,1870.17,4.568,1.399,13.09,10.0,68.84
23254.64,11859.28,903.13,1119.6,1.149,4.542,5.0,12.52,90.0
50730.81,13258.79,8120.72,1851.32,2.646,1.498,12.18,10.0,78.27
89307.76,13761.02,1799.93,1643.03,1.753,8.148,5.0,10.0,90.0
47907.22,20677.61,2177.48,423.7,7.521,0.93,14.74,10.0,69.68
85561.0,13416.03,5034.84,308.06,7.008,7.546,24.34,10.0,80.59
63122.8,6538.81,4258.1,1729.44,7.962,0.522,7.86,10.0,66.99
27268.9,16915.09,5118.64,1095.4,7.023,8.089,14.14,10.0,89.55
62299.56,20135.54,9430.25,88.5,1.374,6.309,40.67,10.0,70.59
55538.5,8664.92,6745.19,1871.74,9.788,3.291,10.86,10.0,73.74
45877.72,16487.34,3257.94,972.41,1.966,4.115,10.51,10.0,90.0
20766.74,4526.51,2142.63,636.83,3.569,6.769,10.06,10.0,90.0
47503.78,9206.23,4490.44,1057.37,7.098,1.938,11.98,10.0,71.81
16548.61,22821.37,4790.59,1654.69,1.49,8.914,8.99,10.0,90.0
18889.21,22871.4,6212.3,265.07,1.788,4.881,27.24,10.0,84.28
47432.49,14807.79,3027.03,749.92,8.778,7.625,11.19,10.0,84.22
37484.33,17856.44,7791.34,671.79,3.387,5.116,20.6,10.0,86.44
93298.99,21496.37,1435.37,1687.32,6.689,4.578,5.0,10.0,84.4
43813.52,24005.28,5824.31,1568.01,8.602,4.749,10.68,10.0,78.08
78207.23,12757.27,6423.55,830.2,9.735,3.695,17.86,10.0,73.53
57722.28,14477.82,2464.9,1345.75,2.182,7.354,5.0,10.0,90.0
73367.71,10975.4,8347.11,819.17,1.317,8.477,19.81,10.0,90.0
33410.44,2727.57,6346.61,1164.06,7.433,8.559,13.89,10.0,88.5
94771.45,11147.28,6634.36,1982.87,1.963,1.299,10.51,10.0,79.13
57707.96,19975.06,5228.56,1094.37,5.844,7.638,13.72,10.0,90.0
84819.17,20317.25,9141.15,1977.72,5.373,2.08,13.98,10.0,76.0
42854.11,22417.05,7092.31,1507.04,5.643,0.221,13.41,10.0,65.38
19019.02,2235.2,4127.44,285.41,6.533,2.827,22.91,10.0,73.7
70634.05,13651.71,2766.76,1602.13,8.524,2.999,5.0,10.0,74.31
10698.37,3578.19,1175.09,364.51,2.791,8.117,9.12,10.0,90.0
52776.37,5817.81,2070.93,1088.04,5.597,7.45,5.18,10.0,90.0
27352.17,22605.2,9930.49,1245.83,3.433,0.938,18.41,10.0,70.36
66463.8,12922.99,4364.29,1789.85,3.255,3.327,7.19,10.0,88.76
98147.79,19205.08,9037.53,460.33,0.302,2.588,25.43,10.0,86.89
51796.26,2545.22,2120.41,1758.09,6.034,5.995,5.0,10.0,88.18
83574.84,11003.84,4540.93,1872.26,9.728,5.461,7.35,10.0,79.42
55700.58,17181.77,9624.93,224.5,7.636,6.821,32.08,10.0,73.71
54625.6,4201.76,1365.76,1776.31,2.504,9.116,5.0,10.0,90.0
93738.11,8819.63,6142.85,555.4,7.19,4.269,20.55,10.0,75.37
90096.93,2549.15,9232.13,207.95,3.043,6.594,30.87,10.0,74.16
80722.04,16632.16,9521.99,1919.22,7.561,9.192,13.67,10.0,89.18
36663.02,24301.39,8537.07,814.8,8.564,5.463,19.66,10.0,79.39
59050.76,20849.09,8631.38,1264.82,3.41,3.152,16.83,10.0,84.51
30150.75,24390.95,6695.74,1128.1,0.122,4.089,15.94,10.0,90.0
49952.5,21294.52,2594.02,465.7,3.12,7.571,14.66,10.0,90.0
53579.18,21524.7,7441.45,1355.65,2.138,7.228,14.91,10.0,90.0
84847.6,14852.25,9794.65,139.92,6.224,7.509,36.49,10.0,70.03
90642.55,13438.06,5496.37,446.04,2.972,7.459,21.85,10.0,90.0
47315.81,10750.1,2976.62,1892.09,0.457,9.213,5.0,10.0,90.0
11593.4,20634.28,5947.98,1909.34,5.36,7.664,9.65,10.0,90.0
87559.65,5369.62,7060.8,991.18,8.759,8.569,13.98,10.0,84.16
25685.08,2349.4,2478.66,379.69,4.568,5.78,15.19,10.0,90.0
65969.38,23749.45,7332.3,872.16,3.825,6.477,18.57,10.0,90.0
12247.38,1090.68,6080.61,1760.29,1.867,9.68,10.44,10.0,90.0
45955.58,24443.9,6317.32,187.03,3.935,8.716,30.2,10.0,77.61
98736.43,18492.48,3406.89,299.34,3.376,7.796,21.61,10.0,88.25
19062.42,8883.97,1975.03,1796.52,9.95,6.887,5.0,10.0,85.22
48132.38,17747.68,6422.77,860.0,0.402,3.649,17.72,10.0,90.0
37643.5,20629.0,6069.21,212.74,2.465,5.526,28.47,10.0,77.31
91457.93,6888.69,3711.12,321.46,0.779,0.646,20.13,21.14,79.84
88240.61,19501.5,3310.99,1770.77,8.588,4.22,5.01,10.0,76.18
31392.89,20304.87,3798.82,1005.7,4.231,1.208,11.19,10.0,70.58
17306.9,6984.51,5153.89,367.84,7.983,7.314,23.07,10.0,79.54
66442.46,2006.23,9760.79,1793.42,6.952,8.934,12.92,10.0,90.0
40273.18,5898.93,7753.86,1698.29,9.288,1.823,13.15,10.0,71.05
70487.6,5815.51,8591.53,94.9,0.335,2.532,38.47,10.0,70.99
12890.78,2565.77,5303.67,1182.93,2.153,8.584,12.83,10.0,90.0
22005.93,18424.18,5498.17,526.46,7.05,5.9,19.61,10.0,80.71
71773.5,10119.4,2441.08,1089.61,5.894,5.924,7.76,10.0,89.65
29113.36,22225.27,7349.94,594.57,6.977,5.672,21.6,10.0,79.6
87182.89,7052.11,4505.05,665.96,5.797,2.261,15.18,10.0,72.76
15273.18,11877.57,7553.25,1223.61,5.852,2.509,15.15,10.0,74.32
29393.38,16336.42,4386.03,1100.78,9.332,9.501,12.02,10.0,87.6
99870.42,22059.16,1530.91,820.63,9.221,7.262,5.28,10.0,85.81
48976.85,13590.91,2144.01,259.76,0.476,0.995,18.16,21.7,90.0
73266.91,9964.59,8209.92,1940.38,4.195,2.307,12.98,10.0,76.52
26439.67,21808.36,2956.86,390.48,5.155,6.308,17.87,10.0,88.11
64888.19,8445.91,3011.37,1284.58,3.643,2.906,6.57,10.0,84.23
75349.55,2906.17,9329.0,211.35,0.591,2.592,31.93,10.0,76.2
38302.9,11681.01,6747.54,1392.21,4.776,2.103,12.84,10.0,73.31
84600.74,19842.24,1585.92,234.94,9.759,1.939,16.39,10.0,70.51
64307.58,1738.74,1864.06,497.54,0.815,6.172,9.1,12.27,90.0
45021.07,15061.17,3087.49,1311.62,8.185,9.068,7.52,10.0,89.08
60187.82,15267.14,6142.96,601.72,2.037,3.675,20.37,10.0,89.51
61908.48,23285.0,7651.84,1089.06,5.81,1.303,16.64,10.0,70.53
24898.18,7875.16,3107.72,292.79,3.932,1.331,20.94,10.0,71.33
46245.91,7692.08,8771.1,444.68,3.555,9.344,25.78,10.0,85.87
40908.75,11571.61,1537.21,1480.86,8.717,5.334,5.0,10.0,80.73
46081.25,9565.96,2472.19,118.52,9.737,4.716,26.69,10.0,72.61
78499.95,18672.3,9719.42,268.01,3.928,8.918,30.81,10.0,77.26
53428.46,16402.05,1780.08,469.16,6.44,5.12,12.0,10.0,83.93
94628.45,19214.1,8937.06,89.37,5.608,4.858,39.51,10.0,70.12
36430.88,20681.0,7187.38,235.99,0.862,9.274,29.93,10.0,81.91
47413.32,23151.55,1194.33,598.71,0.507,4.797,6.19,11.61,90.0
80826.11,11342.48,5095.21,231.19,7.757,3.971,26.32,10.0,73.15
59142.21,24632.74,5430.3,1738.93,4.006,5.858,8.81,10.0,90.0
59232.53,6175.86,9355.33,178.84,3.145,9.775,34.6,10.0,72.73
14800.61,18144.76,4500.49,1728.92,9.857,9.642,8.48,10.0,86.93
45873.97,13816.22,4744.25,1654.58,0.944,7.778,9.05,10.0,90.0
34366.04,20605.61,1568.6,246.49,2.764,5.043,16.02,10.0,90.0
99940.16,12442.49,6572.14,99.12,8.582,8.826,36.57,10.0,71.53
37751.96,19814.53,2503.52,147.48,4.208,4.252,25.62,10.0,78.68
89604.69,23324.05,1236.57,1201.24,5.884,6.437,5.0,10.0,90.0
70861.04,18575.06,9970.73,1357.19,0.579,1.876,17.38,10.0,90.0
40682.48,19626.26,3061.48,1260.27,9.211,6.647,7.78,10.0,82.34
58918.09,2612.21,1840.01,1105.88,1.455,2.833,5.0,18.21,90.0
85648.23,5918.98,7145.16,390.63,2.212,7.74,22.74,10.0,84.88
89503.15,24383.29,8305.98,1689.86,1.652,4.199,14.0,10.0,90.0
24435.45,17636.49,1108.74,688.73,5.025,4.044,5.0,10.0,86.28
40561.58,14474.78,1501.24,1973.05,8.187,7.491,5.0,10.0,87.64
40170.09,9807.43,1356.65,800.47,2.743,4.311,5.0,10.0,90.0
13784.03,2065.34,946.11,562.86,1.509,7.169,5.0,16.79,90.0
63841.4,9859.26,6764.84,1793.79,4.158,8.565,11.47,10.0,90.0
86933.8,12973.91,6088.98,1156.46,9.818,1.455,13.99,10.0,68.16
44341.69,6075.03,6796.66,1457.61,0.209,4.842,12.57,10.0,90.0
76603.24,5155.28,5303.84,846.38,5.09,9.455,14.67,10.0,90.0
66493.04,13202.0,8266.32,1779.49,6.727,8.141,13.12,10.0,88.19
43808.39,15061.7,5693.35,1839.56,8.087,9.739,10.59,10.0,90.0
22695.38,6758.03,9228.1,901.7,7.487,8.617,19.48,10.0,86.99
73839.15,15097.35,5113.66,519.41,0.837,3.171,19.57,10.0,90.0
86910.87,22608.16,8011.26,1312.96,4.673,1.874,14.46,10.0,72.94
71726.9,12356.16,4369.92,1911.44,0.88,2.184,7.35,10.0,90.0
11609.06,21577.36,4634.63,1263.77,6.237,2.247,11.67,10.0,71.97
29460.96,23254.51,8565.42,1910.73,0.863,0.85,12.68,10.0,87.32
16253.2,3217.46,1522.77,720.43,0.579,9.077,6.0,10.35,90.0
61334.75,3299.48,5866.72,1834.4,3.13,5.075,7.9,10.0,90.0
78082.99,12425.06,7400.2,269.51,9.394,1.103,28.42,10.0,69.11
19952.13,15114.46,7629.0,749.73,7.129,7.65,19.82,10.0,82.72
85450.4,11221.2,6119.19,1014.22,0.14,3.324,15.83,10.0,90.0
59995.81,8834.82,4756.61,1323.57,2.919,0.803,10.61,10.0,70.36
72097.21,16383.86,2977.43,623.57,0.273,1.979,12.48,16.14,90.0
97426.17,1049.96,9139.55,1852.27,3.014,6.61,11.73,10.0,90.0
17531.29,24233.76,4012.99,1811.82,6.886,7.961,6.61,10.0,90.0
91110.16,6569.9,8090.42,1608.71,7.622,2.611,11.49,10.0,71.68
21349.24,23010.37,800.82,273.01,8.061,5.813,9.4,10.0,84.47
45366.29,3616.35,2705.61,202.67,9.109,0.109,20.41,10.0,67.98
86629.48,6714.09,3783.06,1021.36,3.721,2.856,10.28,10.0,84.91
91562.88,6636.97,6879.95,1542.42,8.64,1.898,11.14,10.0,68.27
55573.45,24907.67,3533.64,290.31,7.304,0.858,21.35,10.0,68.63
63469.42,1110.41,892.96,1300.8,5.424,4.891,5.0,14.98,87.02
73733.26,16351.32,2151.74,1079.32,9.551,6.347,5.11,10.0,81.12
84948.28,21872.48,2962.07,1465.68,9.483,0.559,6.42,10.0,68.14
20936.01,17134.57,2172.45,898.98,8.986,1.465,7.47,10.0,67.16
82906.24,9705.61,2435.38,1401.93,2.102,9.33,5.0,10.0,90.0
53314.85,23999.42,7805.09,361.24,2.158,2.309,26.61,10.0,79.95
50556.11,22444.5,4414.32,468.46,9.02,7.624,19.27,10.0,81.48
48150.98,11414.92,4349.2,1811.5,4.039,7.503,8.17,10.0,90.0
55829.04,14759.88,9682.76,692.28,7.995,3.284,22.58,10.0,73.16
95054.55,24220.46,4743.67,1971.74,6.901,2.121,7.99,10.0,71.39
59338.34,24581.45,9312.75,140.1,7.647,2.515,36.26,10.0,71.52
95785.98,11795.76,3341.1,1016.96,0.36,5.702,9.38,10.0,90.0
26226.11,21336.4,4305.95,683.72,4.357,3.873,16.17,10.0,82.28
75172.24,8247.53,4264.69,1992.13,8.585,5.006,6.77,10.0,78.01
83101.56,9923.51,5687.75,1980.57,4.95,8.135,9.24,10.0,90.0
71121.59,4955.73,6050.35,508.72,6.932,5.073,19.66,10.0,79.56
64623.01,6020.43,2857.19,571.15,7.584,9.953,13.81,10.0,89.81
60833.15,16764.96,8039.05,1511.86,1.296,6.692,14.48,10.0,90.0
87483.74,13258.76,5217.0,1784.87,1.642,2.152,9.1,10.0,90.0
83948.19,6547.16,566.91,1344.21,7.273,5.045,5.0,10.0,84.81
21005.98,10669.83,6117.74,1736.18,0.64,8.153,10.98,10.0,90.0
86372.89,9956.4,8081.56,173.42,3.485,2.261,33.71,10.0,73.21
47266.18,24696.64,2879.43,1299.03,9.189,7.321,6.03,10.0,83.73
32832.71,21485.58,859.77,1415.33,5.786,0.431,5.0,10.0,68.72
88279.17,10311.19,8168.2,421.12,9.114,9.432,25.19,10.0,79.3
48882.23,22934.0,9774.63,1567.04,3.163,6.667,15.15,10.0,90.0
82752.82,9223.25,1227.35,1891.32,6.403,1.709,5.0,10.0,72.16
33706.33,17029.64,9411.35,1801.03,2.939,8.756,13.43,10.0,90.0
10353.64,24199.6,3913.11,527.69,1.2,0.91,17.71,12.83,81.31
54591.33,10366.69,9443.68,681.79,9.908,4.119,23.15,10.0,72.6
19020.54,17317.24,6663.97,1024.24,1.845,7.396,16.55,10.0,90.0
77893.84,8102.17,8957.32,358.8,1.966,9.38,27.45,10.0,83.91
34846.76,7391.5,7965.41,1910.21,8.435,3.553,12.51,10.0,74.61
49928.11,14779.76,765.98,365.11,8.042,8.322,5.75,10.0,88.76
17833.02,24502.35,1121.7,1534.77,9.781,2.048,5.0,10.0,68.57
35799.33,11875.21,5494.57,715.78,0.81,0.448,17.3,16.19,76.96
80334.12,23503.29,1731.38,1168.76,1.032,0.385,5.0,10.0,74.91
23642.91,22944.72,4879.83,141.99,4.542,6.616,31.03,10.0,76.01
68244.36,7090.3,9568.99,449.77,5.958,1.627,25.64,10.0,70.54
92568.33,10643.67,3300.19,916.56,0.476,0.598,10.89,24.59,88.63
71185.31,16439.26,5144.67,1370.52,1.668,9.77,11.54,10.0,90.0
82991.95,13433.1,4150.47,1566.25,7.063,2.496,8.0,10.0,72.03
19807.45,3303.0,6483.36,108.77,6.719,4.679,35.3,10.0,69.81
32565.86,24848.75,2341.53,347.36,0.988,6.17,16.78,10.0,90.0
90508.5,19063.7,2969.42,1473.09,9.323,1.53,5.7,10.0,68.05
74359.51,11504.66,8658.29,1635.46,2.622,3.636,13.79,10.0,90.0
67559.84,15836.05,8207.69,511.31,8.884,6.512,24.08,10.0,75.44
69739.01,3101.75,7997.3,497.82,9.238,6.434,22.85,10.0,75.14
47278.05,12887.24,7823.74,221.66,4.952,8.436,30.76,10.0,77.89
14010.1,23339.98,4864.66,343.07,4.178,4.43,22.82,10.0,83.57
80599.74,22518.42,7424.46,65.63,2.854,8.909,40.56,10.0,70.61
71084.19,9097.14,4178.45,1200.17,8.093,6.854,11.08,10.0,84.53
52552.4,13752.83,1456.74,1812.59,2.046,5.665,5.0,10.0,90.0
90978.37,17737.2,4237.06,341.67,6.259,1.26,21.62,10.0,70.3
40254.37,9160.22,2007.3,1515.32,5.715,5.79,5.0,10.0,86.86
36488.96,2557.1,4213.09,1168.63,2.564,5.987,8.73,10.0,90.0
88551.67,13130.6,3325.54,1882.85,9.832,7.612,5.0,10.0,83.05
81728.89,15439.26,6192.03,1606.34,8.479,7.219,11.29,10.0,84.11
56348.18,1140.2,3934.63,1712.82,0.303,5.347,5.0,10.0,90.0
21766.13,3293.81,7203.1,1296.33,4.28,5.969,14.27,10.0,90.0
29356.43,5974.98,5365.39,1632.11,3.654,7.746,10.73,10.0,90.0
69060.52,9353.25,9235.18,734.2,8.84,3.579,22.48,10.0,74.54
44653.71,13985.23,1364.74,457.58,2.719,1.436,8.84,10.0,78.24
85282.59,8052.23,7033.24,1829.41,9.985,8.756,10.76,10.0,85.37
95495.95,7628.41,6887.77,1481.95,2.081,9.654,11.74,10.0,90.0
82507.32,21864.38,9530.95,226.87,2.514,4.35,32.5,10.0,74.4
43979.09,4481.22,4029.74,1740.47,6.694,9.904,6.59,10.0,90.0
80981.78,12891.04,3401.66,730.36,1.694,3.295,12.61,10.0,90.0
41629.75,23867.79,2137.74,631.64,8.899,0.759,11.35,10.0,70.21
25039.01,16000.32,3020.24,1265.46,1.188,5.767,7.74,10.0,90.0
13005.39,18212.93,5267.96,1158.77,9.835,8.695,12.63,10.0,82.78
44714.5,11349.69,8458.27,1099.6,8.759,6.213,18.34,10.0,79.92
91320.34,1478.37,3200.72,547.01,8.413,0.193,12.76,12.34,68.46
31508.79,16507.13,1998.55,1921.56,4.131,0.217,5.0,10.0,67.97
28586.18,16166.18,3085.22,1902.74,5.185,7.271,5.35,10.0,90.0
97283.87,3650.26,1458.81,58.12,4.618,8.469,25.92,10.0,79.88
12250.37,12091.83,9303.61,708.76,9.876,2.605,22.18,10.0,69.49
80720.39,22967.89,8789.93,138.82,0.445,4.754,36.0,10.0,70.55
38923.3,5922.04,3430.67,1707.99,3.879,9.615,6.92,10.0,90.0
13373.92,12066.37,2846.38,1778.71,9.687,4.66,5.0,10.0,75.92
92602.23,12066.48,9101.27,1060.68,3.757,1.445,18.12,10.0,72.93
22567.81,20458.28,516.83,1687.37,4.044,9.125,5.0,10.0,90.0
59660.14,20789.82,6205.49,1421.55,6.35,5.002,13.17,10.0,85.26
34664.88,19222.47,9202.04,1024.17,9.082,3.509,18.79,10.0,74.42
15867.35,9770.9,5331.3,759.43,3.016,1.065,16.3,10.0,72.24
14493.02,2728.89,528.19,569.14,9.481,4.637,5.0,10.0,77.62
20400.1,9387.59,2579.28,555.89,2.897,7.72,13.51,10.0,90.0
16423.03,17314.99,9263.2,1146.03,8.172,7.2,18.27,10.0,82.95
78450.23,17865.92,661.71,375.28,2.831,5.016,5.33,10.0,90.0
53700.96,24160.01,4250.41,390.84,0.823,7.223,20.08,10.0,90.0
40860.29,11887.39,8002.57,70.27,8.142,3.573,40.9,10.0,68.26
47653.2,16178.45,8461.86,1245.99,4.556,7.379,17.86,10.0,90.0
93605.21,13940.58,5037.28,1988.97,3.968,0.949,8.1,10.0,72.94
91967.66,4614.85,2708.6,1783.98,4.356,2.072,5.0,10.0,77.51
74410.88,12068.86,6197.19,1426.1,6.155,8.789,12.59,10.0,90.0
89621.41,14076.04,3005.89,1581.77,2.701,3.007,5.0,10.0,88.91
38768.32,23817.99,2925.01,862.86,2.449,2.139,10.14,10.0,86.08
44299.84,9796.94,8172.2,631.26,4.886,0.981,22.55,10.0,70.87
65234.1,24522.38,1965.53,768.83,0.453,3.99,7.79,10.0,90.0
66126.34,14015.2,552.45,208.77,6.464,0.763,8.21,10.0,71.48
53352.99,6819.26,3699.36,1285.9,8.246,5.02,8.99,10.0,78.83
46059.21,5599.95,5164.25,390.99,7.301,9.2,21.56,10.0,81.2
98756.23,4400.68,7198.26,1537.61,4.746,7.893,10.76,10.0,90.0
83901.13,11870.39,7920.59,420.45,5.697,0.503,25.21,10.0,66.33
49148.22,1526.23,6803.43,494.84,0.359,3.068,20.57,10.0,90.0
75456.32,11681.09,6451.83,1916.75,9.132,1.958,10.41,10.0,70.93
34260.55,24721.71,6824.61,255.52,5.625,0.763,27.77,10.0,68.75
19015.24,17082.56,3079.5,1022.74,3.232,1.176,9.26,10.0,72.94
41718.79,19234.87,4132.43,172.24,3.006,9.091,27.87,10.0,81.7
46267.55,3856.13,6356.15,226.26,6.631,3.17,29.49,10.0,72.19
11488.34,12354.42,1122.92,1285.33,5.885,3.983,5.0,10.0,82.22
83331.28,7869.35,3305.59,1279.92,1.96,4.908,7.93,10.0,90.0
42327.41,22458.34,4360.98,426.58,4.158,7.475,20.37,10.0,87.79
62237.63,5351.02,5567.69,1751.35,6.794,8.004,9.33,10.0,88.83
16656.69,12009.6,5121.58,1419.26,3.047,9.641,11.44,10.0,90.0
25749.71,15113.15,7322.25,636.19,5.142,2.186,20.68,10.0,74.05
90072.44,13336.99,4997.55,534.35,2.623,3.081,18.98,10.0,84.59
64781.88,20925.84,9089.23,1520.86,0.81,3.198,15.55,10.0,90.0
95525.56,6554.88,4113.02,1480.57,3.944,4.508,6.38,10.0,87.15
99887.5,10057.39,5491.03,340.22,7.348,8.093,23.82,10.0,79.03
43467.41,20010.02,530.5,730.92,2.217,2.471,5.0,10.0,90.0
36892.28,13673.71,3449.54,472.52,7.57,7.851,17.58,10.0,84.42
87252.04,10650.82,8732.44,623.58,6.728,2.12,22.48,10.0,70.16
99875.03,1706.62,3668.98,610.75,5.123,7.13,13.91,10.0,89.38
66667.71,19081.25,2905.27,1953.25,9.717,8.01,5.0,10.0,85.46
81562.67,24332.37,5663.6,1512.91,8.846,8.552,12.06,10.0,87.78
80357.13,15886.89,1247.94,1571.1,5.675,5.152,5.0,10.0,88.21
41980.57,21556.99,5550.25,590.98,5.622,3.354,18.52,10.0,78.55
61684.33,13405.02,3384.83,51.03,2.85,7.747,35.4,10.0,73.63
84975.12,6560.34,4139.48,163.41,9.21,3.277,26.13,10.0,70.39
71930.25,1346.61,8017.97,1128.35,8.97,1.566,15.39,10.0,70.67
11904.74,16681.56,6788.66,606.69,7.446,8.363,20.24,10.0,84.71
40303.51,12834.61,4738.01,426.26,1.366,4.171,20.7,10.0,90.0
23002.81,19770.36,5986.4,146.8,7.066,5.751,31.95,10.0,73.3
30967.5,17672.38,7785.16,1757.97,2.606,9.193,13.04,10.0,90.0
91494.05,24710.86,7584.95,1220.25,1.969,1.444,16.11,10.0,81.03
13320.4,13247.5,2260.56,259.38,7.616,5.616,18.81,10.0,80.26
29782.06,11252.19,3358.73,1544.49,9.601,5.632,7.06,10.0,80.15
37861.24,7881.75,3808.25,1523.86,1.178,8.633,7.24,10.0,90.0
65519.57,12444.67,2281.65,614.34,1.723,3.478,11.72,10.0,90.0
58069.15,21948.92,615.53,417.43,2.27,4.072,5.0,10.0,90.0
29644.25,2018.55,2152.69,1637.26,9.633,5.241,5.0,10.0,77.6
24781.7,24469.6,8178.32,692.65,6.994,1.755,21.14,10.0,70.43
31311.82,24839.37,5686.24,1702.48,6.815,4.76,9.4,10.0,82.22
55227.67,15347.71,3745.75,135.12,5.1,4.417,29.07,10.0,72.06
34406.0,8957.06,6279.27,1023.61,5.422,2.054,15.56,10.0,73.21
95284.23,6353.18,7528.42,400.21,2.973,8.347,24.08,10.0,86.21
51747.87,7635.77,3867.06,1360.49,1.63,4.367,9.02,10.0,90.0
15291.64,2202.53,4927.71,1994.57,7.825,3.13,9.06,10.0,73.62
75633.98,12402.66,1110.03,854.4,4.76,1.391,5.0,10.0,73.04
39596.08,2375.78,6172.36,245.61,2.634,0.989,25.87,13.04,70.43
68814.0,18243.38,3885.87,669.46,6.365,9.606,14.36,10.0,90.0
35163.49,9926.31,4618.47,1788.44,2.174,9.952,7.69,10.0,90.0
61366.94,5784.75,4514.71,1543.23,4.939,8.989,8.2,10.0,90.0
79493.73,14076.49,6507.89,502.81,1.983,4.64,21.78,10.0,89.09
93520.79,24370.22,5938.42,1909.52,7.621,8.098,9.67,10.0,87.81
33501.44,17683.15,4510.01,1263.27,3.276,8.359,11.15,10.0,90.0
40137.13,12801.92,661.07,377.7,4.473,3.068,5.45,10.0,81.54
51783.98,19645.94,6399.14,1166.03,7.573,5.902,14.27,10.0,83.37
93445.74,18699.44,8855.99,929.99,6.63,9.573,18.71,10.0,87.05
91124.82,22401.65,7810.74,1648.41,4.057,2.873,13.79,10.0,78.98
18089.05,5912.05,9825.35,721.11,0.803,6.663,23.25,10.0,90.0
21873.68,21613.06,1821.22,1756.21,9.224,6.659,5.0,10.0,85.39
54595.83,8224.63,2613.94,1633.34,0.178,4.581,5.0,11.86,90.0
19595.73,23583.97,5623.04,1365.48,7.372,4.954,12.64,10.0,78.55
41102.28,7745.56,2740.88,554.28,9.459,4.618,12.84,10.0,75.41
23354.68,23244.37,828.22,1942.14,3.136,5.259,5.0,10.0,90.0
67243.63,24130.98,4321.74,1119.9,0.847,1.573,11.4,10.0,90.0
95454.59,4491.79,3232.62,1819.65,2.57,7.968,5.0,10.0,90.0
99706.04,24388.0,3005.73,470.67,3.203,6.645,16.22,10.0,90.0
43771.7,3057.35,9555.14,1967.59,4.568,9.741,11.47,10.0,90.0
63911.14,6245.63,2765.31,1641.32,5.3,2.532,5.0,10.0,78.81
87064.09,11660.05,1729.61,1900.99,7.281,1.545,5.0,10.0,72.41
20571.59,24846.34,1690.53,464.11,9.019,3.491,11.72,10.0,76.48
72060.8,12725.51,8160.08,889.78,4.701,5.146,19.24,10.0,85.77
46795.93,14209.83,7291.06,240.39,7.489,2.13,29.84,10.0,69.91
28553.15,17666.2,1730.12,317.09,1.359,4.66,14.04,10.0,90.0
46247.83,24239.05,2587.65,603.72,3.355,6.462,12.94,10.0,90.0
16836.43,19800.43,7599.76,1905.67,1.269,0.656,11.86,10.0,75.65
72586.64,6379.7,3108.86,1351.02,6.948,7.604,6.08,10.0,90.0
32746.84,8271.78,9824.65,663.53,9.086,9.403,23.54,10.0,83.27
38026.51,3343.08,5635.42,1911.42,8.902,2.756,7.99,10.0,71.34
20897.32,16466.86,2324.08,1492.48,3.332,7.785,5.0,10.0,90.0
87819.32,5337.77,8658.68,1818.61,2.419,4.238,11.41,10.0,90.0
54409.99,7177.72,3535.02,1858.08,2.813,6.678,5.81,10.0,90.0
61493.22,22314.73,3243.67,1514.0,2.945,7.456,6.97,10.0,90.0
61248.94,8842.14,3610.69,524.11,0.914,3.02,16.54,10.0,90.0
46944.38,14599.52,7797.87,1993.35,1.42,7.895,11.88,10.0,90.0
27327.69,10541.58,2145.52,683.93,2.223,1.141,10.14,10.0,78.57
77061.95,2776.75,4126.96,1359.83,0.181,9.869,7.63,10.0,90.0
21435.06,9708.73,792.91,1697.38,0.568,3.437,5.0,23.65,90.0
19348.64,10793.64,8352.95,391.54,7.016,2.316,26.28,10.0,69.85
73913.05,22496.83,3736.83,1237.63,6.231,1.473,8.88,10.0,70.72
28795.33,8786.82,2857.64,781.59,9.46,8.141,11.62,10.0,84.31
37609.55,10101.79,6008.99,526.36,4.077,5.9,21.23,10.0,86.99
52770.47,19789.52,7197.42,72.96,4.499,9.522,39.58,10.0,72.43
50441.62,19214.96,8222.51,1750.35,0.771,6.512,12.99,10.0,90.0
73772.12,20158.85,3803.96,314.97,1.607,3.472,21.64,10.0,88.75
66108.86,23890.5,8216.86,1762.33,6.947,8.38,12.58,10.0,90.0
67995.65,20093.38,4916.37,1221.35,2.427,2.884,11.45,10.0,88.87
74264.89,10782.6,1460.85,1261.06,7.755,2.979,5.0,10.0,73.58
36335.15,20716.2,8539.92,1665.87,7.086,0.38,15.36,10.0,67.39
39010.0,13208.19,5702.53,1043.41,7.498,2.595,14.88,10.0,72.45
49419.8,7665.14,6223.46,746.7,6.937,2.688,18.27,10.0,75.5
37671.6,8270.01,9406.17,320.67,7.106,3.045,28.61,10.0,71.97
98644.41,6372.22,5811.94,1162.31,5.513,3.749,11.51,10.0,81.24
83264.67,4479.83,553.04,1128.68,6.815,5.809,5.0,10.0,86.04
24818.92,5427.77,8770.85,623.1,5.309,2.242,22.58,10.0,73.35
10503.47,2516.27,3205.14,1220.11,2.14,6.404,8.29,10.0,90.0
13850.49,22322.82,5266.79,906.77,2.254,1.42,15.54,10.0,80.01
31965.71,23344.19,2446.42,1620.78,4.112,9.316,5.0,10.0,90.0
20286.22,15082.49,3321.34,1141.0,0.238,0.358,8.98,47.6,90.0
58000.43,21171.75,7023.16,1870.67,8.904,9.091,10.54,10.0,87.67
87219.57,5405.71,4580.95,1060.07,2.756,5.517,10.1,10.0,90.0
76307.52,22640.17,6457.74,1780.62,0.61,7.129,11.37,10.0,90.0
29404.82,13152.68,8323.97,1065.02,4.302,3.054,17.57,10.0,82.17
45936.93,2611.96,3737.81,1138.17,8.174,1.821,8.66,10.0,69.04
55710.48,4391.51,5899.23,765.28,4.034,9.478,15.76,10.0,90.0
82918.53,8415.44,7887.08,830.33,2.701,4.466,19.42,10.0,87.73
85520.94,2045.38,7293.67,1869.55,5.495,4.857,9.8,10.0,85.88
91874.65,8423.04,5628.51,485.4,5.786,9.858,19.85,10.0,87.54
55832.07,2438.33,4142.14,286.84,7.616,3.427,21.75,10.0,71.95
72484.73,6664.66,4371.27,1668.91,8.018,1.092,6.96,10.0,71.24
20062.03,7376.07,4614.78,1174.98,7.091,5.91,12.33,10.0,83.64
60876.01,24864.86,3814.03,605.06,0.145,5.593,15.89,10.0,90.0
32382.26,6653.12,7141.22,893.18,0.121,7.754,17.44,10.0,90.0
48854.52,6740.47,1691.44,1073.57,9.777,9.555,5.0,10.0,88.63
67064.55,17482.94,9690.81,1204.67,2.716,3.146,18.19,10.0,85.35
33128.73,21624.58,7900.36,1651.05,2.895,7.246,14.15,10.0,90.0
14696.66,10289.33,3332.55,818.99,7.349,4.402,12.35,10.0,79.21
10921.05,22014.83,904.2,1369.18,5.858,7.859,5.0,10.0,90.0
11994.36,9163.41,7257.38,1677.8,4.689,1.726,12.24,10.0,74.63
10751.48,5728.38,7476.41,1695.36,1.253,5.058,12.73,10.0,90.0
19931.96,8911.33,9654.41,545.78,0.907,0.864,24.96,12.22,78.82
31553.98,15624.55,2910.2,732.84,7.066,5.656,12.32,10.0,82.29
29909.94,9811.44,1285.89,1210.07,1.334,1.773,5.0,12.48,90.0
98811.69,17149.45,9193.78,1777.26,4.415,9.604,14.32,10.0,90.0
37540.55,6686.46,2957.17,1591.37,7.388,5.588,6.02,10.0,84.61
21467.87,17823.83,7354.55,1188.73,9.24,5.341,15.86,10.0,77.96
59100.63,9338.52,1076.27,1968.28,8.749,9.726,5.0,10.0,90.0
87216.17,11940.84,7725.56,906.03,8.654,5.034,18.34,10.0,77.84
71025.43,14385.88,1706.75,1692.78,3.649,6.8,5.0,10.0,90.0
36647.39,17469.4,7108.07,1645.92,9.279,0.562,12.57,10.0,67.49
60545.45,6729.13,5557.26,1820.67,6.868,7.113,8.45,10.0,86.28
74337.04,21062.69,9577.14,1975.97,8.876,1.133,13.73,10.0,68.58
75529.4,18324.23,850.72,1016.61,0.98,7.824,5.0,10.0,90.0
69988.46,6618.35,3274.46,431.48,0.492,8.781,16.9,10.0,90.0
88372.94,24399.39,1160.33,948.75,4.353,3.223,5.0,10.0,84.85
88309.49,16955.13,8852.38,1715.08,8.297,8.793,13.67,10.0,86.94
62104.29,11858.25,6142.06,1680.41,4.144,4.878,11.02,10.0,89.87
48687.07,4780.66,5582.21,705.14,8.858,5.759,17.28,10.0,76.35
67741.33,13797.3,1748.85,142.25,2.424,4.169,21.54,10.0,86.88
83639.08,4954.62,5145.81,1044.19,0.49,4.818,11.62,10.0,90.0
10508.69,11307.8,4287.68,974.5,7.637,9.092,12.63,10.0,88.65
99279.73,10809.1,3499.64,217.24,6.299,9.478,24.52,10.0,83.2
26460.44,18278.55,7835.8,1600.04,4.457,4.514,13.53,10.0,86.86
52322.41,5617.2,1082.12,603.0,8.468,5.192,5.0,10.0,80.62
88482.68,20724.91,6643.51,1309.22,8.259,1.25,14.02,10.0,70.55
30253.64,8827.18,8318.43,247.9,3.313,3.324,30.44,10.0,75.16
52911.57,11655.73,9119.42,1728.37,8.396,5.181,14.53,10.0,79.7
21932.4,19536.18,7586.21,1491.59,3.517,2.106,13.77,10.0,79.19
45556.87,16009.42,3183.33,807.42,6.257,5.808,12.52,10.0,87.48
25942.19,8392.61,6204.82,1277.5,2.006,6.884,13.17,10.0,90.0
42726.5,10268.87,1843.33,415.54,2.716,6.535,12.72,10.0,90.0
43611.78,8338.88,1612.08,1971.57,4.534,4.481,5.0,10.0,90.0
99385.37,15274.48,6566.93,1602.41,3.215,7.716,12.45,10.0,90.0
99533.17,8982.99,8585.52,1588.43,1.379,3.263,13.46,10.0,90.0
20330.77,18416.74,1138.86,349.09,4.875,4.746,10.6,10.0,85.79
75337.19,14914.89,1507.04,84.58,5.162,2.775,24.98,10.0,72.23
14657.09,4496.96,5873.27,1191.47,1.671,6.076,13.84,10.0,90.0
12717.28,8446.45,2573.01,331.04,1.826,4.463,18.31,10.0,90.0
19480.05,6314.74,6312.27,1571.85,0.391,2.249,11.67,10.0,90.0
96893.71,10367.52,2538.17,861.35,0.4,3.151,9.64,13.2,90.0
94677.72,13383.62,1606.58,710.26,3.65,2.867,6.62,10.0,83.61
27453.5,13162.31,5682.96,193.62,1.552,9.118,29.5,10.0,79.16
24550.51,19108.57,8690.85,1992.33,9.199,5.267,12.65,10.0,80.08
31648.16,5540.12,7008.66,1914.22,2.074,6.561,11.38,10.0,90.0
56399.23,23715.35,8277.89,306.61,0.753,9.354,28.05,10.0,83.7
61273.42,9228.28,3030.18,698.98,4.101,1.904,12.54,10.0,74.98
29943.41,8205.97,8916.8,812.04,2.005,9.375,20.7,10.0,90.0
78096.05,17444.29,4081.87,628.76,0.712,5.442,16.32,10.0,90.0
37859.79,20332.4,8598.25,1872.21,7.552,8.577,13.38,10.0,88.47
92991.82,10083.32,4976.17,1456.62,5.615,1.763,9.78,10.0,73.52
69105.04,18924.33,3044.65,1914.04,0.664,2.802,5.0,10.0,90.0
49271.61,22209.66,2972.46,1755.29,4.733,2.022,5.0,10.0,74.68
81092.08,19403.29,5892.84,1521.36,0.484,6.569,11.99,10.0,90.0
83612.32,1820.72,1250.6,1409.09,3.608,1.494,5.0,19.23,76.17
36143.34,20856.85,9335.53,1739.02,3.697,7.946,14.33,10.0,90.0
40574.31,19587.54,3078.9,1384.09,8.248,2.579,7.41,10.0,72.49
94235.96,17062.97,3688.44,418.0,7.379,2.629,19.53,10.0,72.38
24826.69,19240.54,2716.36,1313.85,8.98,2.883,6.47,10.0,73.12
13793.54,24506.21,528.58,1054.25,1.491,7.489,5.0,10.0,90.0
50864.98,11346.71,7079.23,1964.69,5.384,9.25,10.45,10.0,90.0
82108.89,2613.36,6110.25,1044.43,0.3,9.084,13.73,10.0,90.0
79450.13,12061.36,8191.62,124.99,8.273,1.102,36.23,10.0,69.21
92757.76,2114.41,889.6,565.17,3.729,2.698,5.0,16.24,83.34
57988.06,8062.01,9322.23,1838.89,0.786,6.755,12.94,10.0,90.0
19005.82,15085.12,3643.43,1926.59,3.314,6.224,5.66,10.0,90.0
62982.01,8430.95,9174.16,1470.57,2.94,3.565,15.18,10.0,87.37
80055.61,17449.49,1517.75,160.88,7.683,8.642,18.82,10.0,83.13
18399.53,20727.67,7567.25,95.91,1.353,1.392,37.85,10.0,71.04
25539.17,11090.54,6003.9,985.21,5.602,6.426,15.79,10.0,87.88
11106.16,22603.31,3902.82,1999.36,7.96,2.804,6.49,10.0,74.25
63428.73,2916.13,1251.85,1745.13,7.421,5.319,5.0,10.0,83.46
89806.1,21162.72,6245.0,1869.56,9.365,3.936,10.55,10.0,75.98
70359.7,20885.76,751.18,1265.91,0.106,9.799,5.0,17.03,90.0
98383.61,8727.85,5262.18,1725.29,3.603,4.918,8.66,10.0,90.0
15673.03,8169.16,6239.98,673.41,3.759,9.763,19.37,10.0,90.0
91270.1,8322.28,7458.98,103.36,0.43,2.625,36.38,10.0,71.67
83266.15,20473.45,9917.68,1840.59,8.191,7.703,13.81,10.0,85.42
38281.74,20959.68,2970.89,475.94,6.92,7.199,16.1,10.0,87.06
97617.39,8913.34,3562.7,1470.55,5.328,8.492,7.34,10.0,90.0
35914.4,15222.17,3740.88,1334.99,4.11,6.967,10.05,10.0,90.0
90037.43,4334.4,7450.04,358.42,8.965,6.855,24.46,10.0,75.2
89267.37,12250.69,9352.28,431.77,2.718,6.641,26.5,10.0,81.67
78189.19,24971.03,9756.08,691.69,3.412,9.852,23.04,10.0,89.87
60712.34,4812.14,9485.21,1526.01,9.531,2.358,14.02,10.0,67.65
20800.25,23741.5,8854.14,126.53,0.74,0.398,36.21,13.59,67.98
57877.46,20782.11,9914.29,843.78,7.828,6.812,21.27,10.0,81.38
42111.66,24333.15,4071.48,1346.97,7.209,1.806,8.4,10.0,69.24
81299.53,5309.89,9509.05,384.37,9.029,6.826,25.3,10.0,74.27
78231.63,6124.44,7729.69,282.86,0.997,3.265,27.26,10.0,81.44
91955.13,1404.81,2100.37,810.91,9.707,0.529,6.76,11.39,67.9
11334.71,18392.84,931.92,608.79,0.385,7.721,5.0,16.49,90.0
82819.29,16458.27,2537.6,1315.74,3.443,0.611,5.0,10.0,70.38
94461.58,5273.57,7898.14,1940.66,0.94,2.319,10.16,10.0,90.0
81037.04,19987.48,6501.12,58.71,0.607,3.43,41.04,10.0,70.18
21717.5,8180.69,2631.38,1809.64,9.651,1.414,5.0,10.0,68.39
17315.12,4239.89,7548.25,894.78,7.225,9.144,18.91,10.0,83.66
11876.07,11141.5,1842.56,1344.82,5.106,6.256,5.0,10.0,90.0
66587.07,3183.28,8307.49,1709.5,1.171,8.766,12.01,10.0,90.0
66670.54,7317.85,8044.53,1168.24,5.308,6.852,16.55,10.0,88.23
98822.23,9912.0,9739.47,239.76,3.269,9.92,31.74,10.0,74.98
45823.89,21444.74,1927.66,324.16,2.789,5.299,15.83,10.0,90.0
39871.57,20021.17,9112.82,1589.1,6.219,0.632,14.71,10.0,67.57
66198.24,11626.1,3740.48,496.74,7.93,1.693,17.23,10.0,69.14
84304.78,18389.8,4452.57,1159.62,4.488,5.925,11.18,10.0,90.0
94309.66,14647.59,4950.23,884.76,4.984,3.543,14.93,10.0,77.59
82281.17,9180.2,6455.59,642.1,6.549,1.218,19.48,10.0,68.83
48400.66,18420.98,9950.25,1584.59,1.334,2.458,16.38,10.0,90.0
67142.28,17403.98,6199.61,1475.87,8.303,4.798,12.37,10.0,77.24
87066.94,15858.27,9303.8,1309.91,8.386,5.23,17.37,10.0,77.63
54154.87,15830.93,2922.77,776.71,5.456,9.352,10.34,10.0,90.0
29501.8,17391.57,4284.91,491.62,1.957,0.998,18.39,10.0,72.7
25275.11,10229.09,5292.75,1056.0,5.058,3.642,14.39,10.0,83.24
10014.2,21857.82,3567.57,1643.35,1.149,5.11,6.71,10.0,90.0
74641.42,4895.39,9780.24,1172.55,7.657,1.221,16.94,10.0,69.22
19998.75,22213.25,7393.99,1941.77,3.18,6.909,11.7,10.0,90.0
31945.52,9214.76,5049.37,80.1,3.18,5.199,35.41,10.0,70.93
36808.87,4000.76,7637.39,1996.78,9.456,4.649,12.09,10.0,76.33
60434.19,15400.66,4940.7,1398.25,4.276,6.595,10.5,10.0,90.0
45816.15,10023.68,663.64,1673.71,7.917,2.949,5.0,10.0,73.73
70720.66,20571.99,5660.34,703.16,6.408,3.459,18.41,10.0,76.07
15007.48,11338.85,6439.26,1041.27,3.23,1.711,15.32,10.0,77.37
21154.53,17045.5,9821.47,1604.13,1.326,5.285,15.04,10.0,90.0
54929.04,8398.19,887.53,1533.27,7.998,3.787,5.0,10.0,77.9
40326.83,6026.86,5364.92,701.37,7.649,2.677,17.82,10.0,75.56
36623.2,10313.18,1432.47,682.6,1.775,1.335,7.39,10.0,86.27
16032.53,15563.39,1915.46,1342.48,2.566,0.33,5.0,10.0,68.97
90614.73,16766.72,6299.4,1870.64,7.686,2.014,9.99,10.0,69.79
72263.67,14876.96,2699.89,905.63,9.838,2.55,9.94,10.0,72.91
20945.63,24713.34,7617.15,738.24,8.452,4.906,19.93,10.0,76.4
15854.14,17586.16,5384.89,1794.64,6.873,2.486,9.28,10.0,75.36
97738.53,23356.47,2573.02,1381.96,9.163,8.195,5.47,10.0,85.96
71305.53,3830.4,5191.02,807.14,2.924,4.794,14.73,10.0,90.0
47571.05,2472.95,508.38,161.69,0.196,6.276,7.98,42.27,90.0
73155.79,8463.87,8696.03,1456.9,3.278,2.159,14.94,10.0,78.9
78069.86,4278.13,620.44,738.13,9.722,4.22,5.0,10.0,78.27
80196.6,13620.84,566.59,187.6,8.832,6.067,9.05,10.0,82.5
53008.96,13455.55,6309.29,1243.96,0.599,3.179,13.69,10.0,90.0
48689.45,14801.13,9748.45,679.86,5.069,3.428,22.83,10.0,75.52
10992.53,18885.47,8631.37,709.99,0.882,8.094,21.94,10.0,90.0
93390.14,24311.91,2894.18,984.38,7.911,8.388,9.01,10.0,90.0
64297.71,22078.21,2368.33,1449.08,3.789,5.376,5.0,10.0,90.0
28283.85,3840.81,6448.07,588.84,9.128,8.974,20.46,10.0,83.92
92764.31,9124.33,8315.06,207.84,0.639,7.393,31.3,10.0,77.84
92343.87,7139.75,3939.75,877.63,7.367,0.647,11.46,10.0,67.34
99026.57,5243.62,4607.37,157.1,4.054,5.639,27.33,10.0,78.15
88665.09,14073.4,1597.15,1409.67,2.755,7.008,5.0,10.0,90.0
99800.59,14278.35,1951.85,1920.52,5.223,5.455,5.0,10.0,89.96
32021.76,6453.88,5899.34,1334.58,4.906,8.337,12.86,10.0,90.0
85802.46,18085.53,1475.23,587.01,3.553,3.078,7.46,10.0,86.11
84072.55,18589.94,2419.44,404.32,6.524,0.748,15.03,10.0,68.21
30784.63,1503.52,2729.43,503.93,6.647,6.373,12.66,10.0,83.44
18859.38,10498.18,4717.28,482.14,0.864,7.335,19.81,10.0,90.0
98147.85,22363.38,933.31,661.97,5.995,7.676,5.0,10.0,90.0
36642.21,13487.65,5247.82,239.83,7.136,0.209,26.42,10.0,66.25
88380.26,9343.07,9322.41,1796.65,0.851,6.766,13.85,10.0,90.0
10371.44,7088.23,732.4,1775.98,6.625,0.305,5.0,10.0,66.74
11892.23,6840.51,6494.36,1249.71,8.059,7.77,14.19,10.0,85.37
51928.42,3394.43,8440.5,170.74,8.336,7.061,31.55,10.0,70.13
31484.32,20613.43,3468.38,1617.8,0.512,5.717,6.83,10.0,90.0
72085.72,3079.78,1749.43,170.49,7.004,5.113,18.21,10.0,79.26
60900.79,8015.07,911.73,257.52,7.99,7.18,10.29,10.0,84.91
16973.72,2096.22,6617.08,684.33,4.029,0.666,19.29,14.08,69.51
24636.55,19753.28,5746.23,891.37,5.474,8.339,15.85,10.0,90.0
44924.43,1942.81,2678.3,740.08,2.725,2.092,9.17,14.83,82.87
26704.37,8399.23,8400.36,372.2,3.171,4.83,27.68,10.0,78.54
81300.01,14759.14,7487.31,268.65,5.066,4.919,28.78,10.0,76.89
47446.32,10829.47,3126.07,1725.86,1.596,7.794,5.11,10.0,90.0
18408.87,7774.51,7656.95,758.2,3.768,2.011,20.72,10.0,77.23
53590.86,7604.54,2827.45,476.27,3.084,3.068,15.33,10.0,86.02
18175.44,20146.97,6915.04,999.63,2.459,6.665,16.98,10.0,90.0
21604.36,24375.47,1626.18,121.81,4.89,4.186,22.54,10.0,79.74
31564.88,9352.99,7076.27,1220.55,8.403,3.059,14.96,10.0,72.6
87357.49,1939.49,2768.36,534.55,2.498,6.252,12.5,10.0,90.0
93215.13,1877.58,5938.46,1216.48,6.631,0.957,12.62,10.0,70.05
84363.2,19221.12,2138.41,1247.54,2.617,7.919,5.0,10.0,90.0
40066.95,14256.88,7396.69,1627.99,1.507,5.295,12.83,10.0,90.0
34520.18,19806.22,1078.36,498.31,9.439,2.14,6.22,10.0,71.59
59424.01,17739.93,2071.47,953.76,6.369,4.144,6.26,10.0,79.93
74966.78,22780.15,2249.3,1925.68,1.136,1.398,5.0,10.0,90.0
99403.55,22259.78,892.76,1467.89,6.363,6.204,5.0,10.0,87.05
21841.36,19919.86,7577.62,1951.92,1.846,6.726,12.1,10.0,90.0
14436.28,12404.54,9819.05,1858.36,8.889,4.112,14.08,10.0,75.57
72492.03,8395.03,7894.78,1240.96,2.55,3.463,15.34,10.0,87.78
84900.32,13168.64,8676.0,564.66,8.087,8.513,22.98,10.0,80.81
86171.39,13049.72,557.07,1526.0,2.072,5.803,5.0,10.0,90.0
71061.72,15646.61,1619.76,1411.33,5.627,6.704,5.0,10.0,90.0
95861.42,5466.34,5810.69,1198.34,9.132,1.362,11.18,10.0,69.8
55990.43,16734.88,9789.75,1410.77,3.03,7.162,17.29,10.0,90.0
92243.33,11958.42,6776.77,1246.49,0.906,4.502,14.25,10.0,90.0
97103.09,15884.92,4054.3,1062.79,5.571,3.73,11.63,10.0,78.86
86244.17,6750.52,1888.42,861.11,1.806,9.301,5.62,10.0,90.0
37878.27,11425.48,1951.94,137.18,7.311,0.634,22.24,10.0,68.1
27659.41,6044.83,3946.16,1738.09,5.949,2.037,6.55,10.0,71.9
59330.81,22007.32,7281.2,1737.8,3.529,3.813,13.03,10.0,87.79
50771.33,12711.07,802.28,1208.39,7.086,3.308,5.0,10.0,75.98
88998.25,6399.55,8595.69,572.37,2.461,5.156,21.1,10.0,86.61
19002.85,1989.01,9444.74,104.86,9.179,4.069,38.69,10.0,68.75
33196.61,17217.73,8943.76,52.79,3.534,7.904,44.41,10.0,68.27
77661.91,6151.47,9173.76,192.17,7.653,7.703,32.98,10.0,72.99
18548.8,24749.97,645.72,751.78,2.659,7.747,5.0,10.0,90.0
38868.8,13808.81,9789.03,417.37,7.177,3.757,26.93,10.0,75.14
44843.99,7935.45,3980.39,566.86,0.412,4.133,17.1,10.0,90.0
66033.44,16784.26,8758.17,1414.34,3.026,7.233,16.3,10.0,90.0
24231.94,7605.28,2274.68,1920.34,1.02,1.33,5.0,18.02,90.0
87454.4,20686.58,4741.99,453.21,4.567,8.534,20.54,10.0,88.46
50278.8,8397.67,919.56,958.01,4.408,5.458,5.0,10.0,90.0
92531.95,24717.95,880.72,1983.38,3.654,8.501,5.0,10.0,90.0
52108.29,15523.47,9461.12,1866.77,9.814,7.957,13.31,10.0,83.88
34753.62,21265.87,8200.76,737.02,2.516,3.806,21.39,10.0,88.04
22764.59,2747.57,5533.35,673.39,7.931,1.105,17.73,10.0,69.18
10337.06,9359.19,5491.85,522.23,4.53,9.216,20.81,10.0,90.0
57894.17,18699.69,7613.17,353.04,3.415,3.512,26.27,10.0,79.38
19644.1,16721.42,3745.85,947.1,2.114,3.8,11.89,10.0,90.0
45255.5,5661.83,7737.76,715.19,6.371,9.1,19.93,10.0,85.73
63034.46,9548.87,5107.58,1502.43,3.403,9.182,10.21,10.0,90.0
34811.73,7322.64,6560.22,511.89,8.148,2.703,21.14,10.0,72.63
25770.19,15720.88,9665.88,1485.85,9.688,0.981,16.05,10.0,67.61
79724.95,9269.64,4977.5,611.89,2.349,0.111,17.6,10.0,66.72
95211.21,8417.3,4474.84,1205.82,1.374,4.439,9.76,10.0,90.0
19039.64,5977.07,9104.62,1294.94,3.224,5.729,17.05,10.0,90.0
24003.13,10816.65,9074.51,1359.97,4.724,2.776,16.7,10.0,77.36
96401.14,5692.06,9927.98,391.91,3.08,2.672,25.74,10.0,73.98
13400.58,24101.67,5733.2,601.29,9.708,3.632,18.95,10.0,71.21
97986.91,4708.04,3770.48,529.93,7.814,2.705,15.9,10.0,71.17
10418.0,22919.31,2783.71,1173.51,9.665,8.599,7.6,10.0,85.01
88630.18,11283.35,823.92,197.71,3.795,6.464,10.87,10.0,90.0
37659.27,10068.78,7403.92,1060.6,3.116,8.307,16.54,10.0,90.0
94473.0,6551.68,2718.02,220.56,4.133,8.619,19.48,10.0,89.16
38525.08,16258.15,6263.09,707.26,5.276,4.407,18.5,10.0,82.97
